kernel_name,duration_us,timestamp,grid_size,block_size,registers_per_thread,shared_mem_bytes,static_shared_mem_bytes,dynamic_shared_mem_bytes,occupancy,memory_throughput_gbps,compute_throughput_pct,l1_hit_rate,l1_bytes_total,l1_utilization,l2_hit_rate,l2_bytes_total,l2_bytes_miss,l2_utilization,dram_read_bytes,dram_write_bytes,dram_utilization,global_load_efficiency,global_store_efficiency,global_load_transactions,global_store_transactions,shared_utilization,shared_bank_conflicts
"void generate_seed_pseudo<rng_config<curandStateXORWOW, (curandOrdering)101>>(unsigned long long, unsigned long long, unsigned long long, curandOrdering, curandStateXORWOW *, unsigned int *)",89.846,2026-09-11T18:05:41.236744,"64,1,1","64,1,1",40,0,0,0,,,,,,,,,,,,,,,,,,,
"void gen_sequenced<curandStateXORWOW, float2, normal_args_st, &curand_normal_scaled2<curandStateXORWOW>, rng_config<curandStateXORWOW, (curandOrdering)101>>(T1 *, T2 *, unsigned long, unsigned long, T3)",1.594,2026-09-11T18:05:41.236925,"64,1,1","64,1,1",26,0,0,0,,,,,,,,,,,,,,,,,,,
"void gen_sequenced<curandStateXORWOW, float, int, &curand_uniform_noargs<curandStateXORWOW>, rng_config<curandStateXORWOW, (curandOrdering)101>>(T1 *, T2 *, unsigned long, unsigned long, T3)",1.18,2026-09-11T18:05:41.236973,"64,1,1","64,1,1",38,0,0,0,,,,,,,,,,,,,,,,,,,
affine_f32,1.148,2026-09-11T18:05:41.237007,"1,1,1","1024,1,1",24,0,0,0,,,,,,,,,,,,,,,,,,,
"void gen_sequenced<curandStateXORWOW, float2, normal_args_st, &curand_normal_scaled2<curandStateXORWOW>, rng_config<curandStateXORWOW, (curandOrdering)101>>(T1 *, T2 *, unsigned long, unsigned long, T3)",1.498,2026-09-11T18:05:41.237037,"64,1,1","64,1,1",26,0,0,0,,,,,,,,,,,,,,,,,,,
"void gen_sequenced<curandStateXORWOW, float, int, &curand_uniform_noargs<curandStateXORWOW>, rng_config<curandStateXORWOW, (curandOrdering)101>>(T1 *, T2 *, unsigned long, unsigned long, T3)",1.084,2026-09-11T18:05:41.237075,"64,1,1","64,1,1",38,0,0,0,,,,,,,,,,,,,,,,,,,
affine_f32,1.052,2026-09-11T18:05:41.237106,"1,1,1","1024,1,1",24,0,0,0,,,,,,,,,,,,,,,,,,,
"void gen_sequenced<curandStateXORWOW, float2, normal_args_st, &curand_normal_scaled2<curandStateXORWOW>, rng_config<curandStateXORWOW, (curandOrdering)101>>(T1 *, T2 *, unsigned long, unsigned long, T3)",1.403,2026-09-11T18:05:41.237134,"64,1,1","64,1,1",26,0,0,0,,,,,,,,,,,,,,,,,,,
"void gen_sequenced<curandStateXORWOW, float, int, &curand_uniform_noargs<curandStateXORWOW>, rng_config<curandStateXORWOW, (curandOrdering)101>>(T1 *, T2 *, unsigned long, unsigned long, T3)",1.116,2026-09-11T18:05:41.237167,"64,1,1","64,1,1",38,0,0,0,,,,,,,,,,,,,,,,,,,
affine_f32,1.085,2026-09-11T18:05:41.237195,"1,1,1","1024,1,1",24,0,0,0,,,,,,,,,,,,,,,,,,,
"void gen_sequenced<curandStateXORWOW, float2, normal_args_st, &curand_normal_scaled2<curandStateXORWOW>, rng_config<curandStateXORWOW, (curandOrdering)101>>(T1 *, T2 *, unsigned long, unsigned long, T3)",3.635,2026-09-11T18:05:41.237222,"64,1,1","64,1,1",26,0,0,0,,,,,,,,,,,,,,,,,,,
"void gen_sequenced<curandStateXORWOW, float, int, &curand_uniform_noargs<curandStateXORWOW>, rng_config<curandStateXORWOW, (curandOrdering)101>>(T1 *, T2 *, unsigned long, unsigned long, T3)",0.988,2026-09-11T18:05:41.237249,"64,1,1","64,1,1",38,0,0,0,,,,,,,,,,,,,,,,,,,
affine_f32,1.116,2026-09-11T18:05:41.237277,"1,1,1","1024,1,1",24,0,0,0,,,,,,,,,,,,,,,,,,,
"void gen_sequenced<curandStateXORWOW, float2, normal_args_st, &curand_normal_scaled2<curandStateXORWOW>, rng_config<curandStateXORWOW, (curandOrdering)101>>(T1 *, T2 *, unsigned long, unsigned long, T3)",1.148,2026-09-11T18:05:41.237305,"64,1,1","64,1,1",26,0,0,0,,,,,,,,,,,,,,,,,,,
"void gen_sequenced<curandStateXORWOW, float, int, &curand_uniform_noargs<curandStateXORWOW>, rng_config<curandStateXORWOW, (curandOrdering)101>>(T1 *, T2 *, unsigned long, unsigned long, T3)",0.989,2026-09-11T18:05:41.237340,"64,1,1","64,1,1",38,0,0,0,,,,,,,,,,,,,,,,,,,
affine_f32,1.147,2026-09-11T18:05:41.237369,"1,1,1","1024,1,1",24,0,0,0,,,,,,,,,,,,,,,,,,,
"void gen_sequenced<curandStateXORWOW, float2, normal_args_st, &curand_normal_scaled2<curandStateXORWOW>, rng_config<curandStateXORWOW, (curandOrdering)101>>(T1 *, T2 *, unsigned long, unsigned long, T3)",1.148,2026-09-11T18:05:41.237396,"64,1,1","64,1,1",26,0,0,0,,,,,,,,,,,,,,,,,,,
"void gen_sequenced<curandStateXORWOW, float, int, &curand_uniform_noargs<curandStateXORWOW>, rng_config<curandStateXORWOW, (curandOrdering)101>>(T1 *, T2 *, unsigned long, unsigned long, T3)",0.989,2026-09-11T18:05:41.237423,"64,1,1","64,1,1",38,0,0,0,,,,,,,,,,,,,,,,,,,
affine_f32,1.053,2026-09-11T18:05:41.237450,"1,1,1","1024,1,1",24,0,0,0,,,,,,,,,,,,,,,,,,,
"void gen_sequenced<curandStateXORWOW, float2, normal_args_st, &curand_normal_scaled2<curandStateXORWOW>, rng_config<curandStateXORWOW, (curandOrdering)101>>(T1 *, T2 *, unsigned long, unsigned long, T3)",1.148,2026-09-11T18:05:41.237476,"64,1,1","64,1,1",26,0,0,0,,,,,,,,,,,,,,,,,,,
"void gen_sequenced<curandStateXORWOW, float, int, &curand_uniform_noargs<curandStateXORWOW>, rng_config<curandStateXORWOW, (curandOrdering)101>>(T1 *, T2 *, unsigned long, unsigned long, T3)",1.052,2026-09-11T18:05:41.237507,"64,1,1","64,1,1",38,0,0,0,,,,,,,,,,,,,,,,,,,
affine_f32,1.053,2026-09-11T18:05:41.237534,"1,1,1","1024,1,1",24,0,0,0,,,,,,,,,,,,,,,,,,,
"void gen_sequenced<curandStateXORWOW, float2, normal_args_st, &curand_normal_scaled2<curandStateXORWOW>, rng_config<curandStateXORWOW, (curandOrdering)101>>(T1 *, T2 *, unsigned long, unsigned long, T3)",4.336,2026-09-11T18:05:41.237561,"64,1,1","64,1,1",26,0,0,0,,,,,,,,,,,,,,,,,,,
"void gen_sequenced<curandStateXORWOW, float, int, &curand_uniform_noargs<curandStateXORWOW>, rng_config<curandStateXORWOW, (curandOrdering)101>>(T1 *, T2 *, unsigned long, unsigned long, T3)",1.084,2026-09-11T18:05:41.237588,"64,1,1","64,1,1",38,0,0,0,,,,,,,,,,,,,,,,,,,
affine_f32,1.084,2026-09-11T18:05:41.237615,"1,1,1","1024,1,1",24,0,0,0,,,,,,,,,,,,,,,,,,,
"void gen_sequenced<curandStateXORWOW, float2, normal_args_st, &curand_normal_scaled2<curandStateXORWOW>, rng_config<curandStateXORWOW, (curandOrdering)101>>(T1 *, T2 *, unsigned long, unsigned long, T3)",1.148,2026-09-11T18:05:41.237642,"64,1,1","64,1,1",26,0,0,0,,,,,,,,,,,,,,,,,,,
"void gen_sequenced<curandStateXORWOW, float, int, &curand_uniform_noargs<curandStateXORWOW>, rng_config<curandStateXORWOW, (curandOrdering)101>>(T1 *, T2 *, unsigned long, unsigned long, T3)",0.957,2026-09-11T18:05:41.237668,"64,1,1","64,1,1",38,0,0,0,,,,,,,,,,,,,,,,,,,
affine_f32,1.052,2026-09-11T18:05:41.237695,"1,1,1","1024,1,1",24,0,0,0,,,,,,,,,,,,,,,,,,,
const_set_f32,1.053,2026-09-11T18:05:41.237722,"1,1,1","1024,1,1",22,0,0,0,,,,,,,,,,,,,,,,,,,
"void gen_sequenced<curandStateXORWOW, float2, normal_args_st, &curand_normal_scaled2<curandStateXORWOW>, rng_config<curandStateXORWOW, (curandOrdering)101>>(T1 *, T2 *, unsigned long, unsigned long, T3)",2.902,2026-09-11T18:05:41.237749,"64,1,1","64,1,1",26,0,0,0,,,,,,,,,,,,,,,,,,,
"void gen_sequenced<curandStateXORWOW, float, int, &curand_uniform_noargs<curandStateXORWOW>, rng_config<curandStateXORWOW, (curandOrdering)101>>(T1 *, T2 *, unsigned long, unsigned long, T3)",1.084,2026-09-11T18:05:41.237776,"64,1,1","64,1,1",38,0,0,0,,,,,,,,,,,,,,,,,,,
affine_f32,1.18,2026-09-11T18:05:41.237803,"1,1,1","1024,1,1",24,0,0,0,,,,,,,,,,,,,,,,,,,
"void gen_sequenced<curandStateXORWOW, float2, normal_args_st, &curand_normal_scaled2<curandStateXORWOW>, rng_config<curandStateXORWOW, (curandOrdering)101>>(T1 *, T2 *, unsigned long, unsigned long, T3)",4.145,2026-09-11T18:05:41.237830,"64,1,1","64,1,1",26,0,0,0,,,,,,,,,,,,,,,,,,,
"void gen_sequenced<curandStateXORWOW, float, int, &curand_uniform_noargs<curandStateXORWOW>, rng_config<curandStateXORWOW, (curandOrdering)101>>(T1 *, T2 *, unsigned long, unsigned long, T3)",1.052,2026-09-11T18:05:41.237868,"64,1,1","64,1,1",38,0,0,0,,,,,,,,,,,,,,,,,,,
affine_f32,1.083,2026-09-11T18:05:41.237896,"1,1,1","1024,1,1",24,0,0,0,,,,,,,,,,,,,,,,,,,
"void gen_sequenced<curandStateXORWOW, float2, normal_args_st, &curand_normal_scaled2<curandStateXORWOW>, rng_config<curandStateXORWOW, (curandOrdering)101>>(T1 *, T2 *, unsigned long, unsigned long, T3)",4.144,2026-09-11T18:05:41.237922,"64,1,1","64,1,1",26,0,0,0,,,,,,,,,,,,,,,,,,,
"void gen_sequenced<curandStateXORWOW, float, int, &curand_uniform_noargs<curandStateXORWOW>, rng_config<curandStateXORWOW, (curandOrdering)101>>(T1 *, T2 *, unsigned long, unsigned long, T3)",1.084,2026-09-11T18:05:41.237949,"64,1,1","64,1,1",38,0,0,0,,,,,,,,,,,,,,,,,,,
affine_f32,1.115,2026-09-11T18:05:41.237975,"1,1,1","1024,1,1",24,0,0,0,,,,,,,,,,,,,,,,,,,
"void gen_sequenced<curandStateXORWOW, float2, normal_args_st, &curand_normal_scaled2<curandStateXORWOW>, rng_config<curandStateXORWOW, (curandOrdering)101>>(T1 *, T2 *, unsigned long, unsigned long, T3)",2.615,2026-09-11T18:05:41.238002,"64,1,1","64,1,1",26,0,0,0,,,,,,,,,,,,,,,,,,,
"void gen_sequenced<curandStateXORWOW, float, int, &curand_uniform_noargs<curandStateXORWOW>, rng_config<curandStateXORWOW, (curandOrdering)101>>(T1 *, T2 *, unsigned long, unsigned long, T3)",1.053,2026-09-11T18:05:41.238029,"64,1,1","64,1,1",38,0,0,0,,,,,,,,,,,,,,,,,,,
affine_f32,1.084,2026-09-11T18:05:41.238056,"1,1,1","1024,1,1",24,0,0,0,,,,,,,,,,,,,,,,,,,
"void gen_sequenced<curandStateXORWOW, float2, normal_args_st, &curand_normal_scaled2<curandStateXORWOW>, rng_config<curandStateXORWOW, (curandOrdering)101>>(T1 *, T2 *, unsigned long, unsigned long, T3)",25.379,2026-09-11T18:05:41.238083,"64,1,1","64,1,1",26,0,0,0,,,,,,,,,,,,,,,,,,,
"void gen_sequenced<curandStateXORWOW, float, int, &curand_uniform_noargs<curandStateXORWOW>, rng_config<curandStateXORWOW, (curandOrdering)101>>(T1 *, T2 *, unsigned long, unsigned long, T3)",1.115,2026-09-11T18:05:41.238109,"64,1,1","64,1,1",38,0,0,0,,,,,,,,,,,,,,,,,,,
affine_f32,1.18,2026-09-11T18:05:41.238209,"4,1,1","1024,1,1",24,0,0,0,,,,,,,,,,,,,,,,,,,
im2col_f32,2.263,2026-09-11T18:05:41.238242,"7,1,1","1024,1,1",36,0,0,0,,,,,,,,,,,,,,,,,,,
ampere_sgemm_32x32_sliced1x4_tn,3.826,2026-09-11T18:05:41.238257,"1,24,9","128,1,1",86,32768,32768,0,,,,,,,,,,,,,,,,,,,
"void cublasLt::splitKreduce_kernel<(int)32, (int)16, int, float, float, float, float, (bool)0, float, float, float, (bool)1, (bool)0, (bool)0>(cublasLt::cublasSplitKParams<T6>, const T4 *, const T10 *, T9 *, T5 *, const T6 *, const T6 *, const T11 *, const T4 *, T11 *, void *, long, T6 *, int *, T6 *, T6 *, const T6 *, const T6 *, const T6 *, const T6 *, const T6 *)",1.976,2026-09-11T18:05:41.238280,"1,48,1","32,16,1",44,0,0,0,,,,,,,,,,,,,,,,,,,
ucopy_f32,2.423,2026-09-11T18:05:41.238294,"6,1,1","1024,1,1",24,0,0,0,,,,,,,,,,,,,,,,,,,
badd_f32,3.475,2026-09-11T18:05:41.238307,"6,1,1","1024,1,1",38,0,0,0,,,,,,,,,,,,,,,,,,,
urelu_f32,1.211,2026-09-11T18:05:41.238321,"6,1,1","1024,1,1",24,0,0,0,,,,,,,,,,,,,,,,,,,
im2col_f32,2.487,2026-09-11T18:05:41.238334,"14,1,1","1024,1,1",36,0,0,0,,,,,,,,,,,,,,,,,,,
ampere_sgemm_32x32_sliced1x4_tn,3.539,2026-09-11T18:05:41.238347,"1,6,36","128,1,1",86,32768,32768,0,,,,,,,,,,,,,,,,,,,
"void cublasLt::splitKreduce_kernel<(int)32, (int)16, int, float, float, float, float, (bool)0, float, float, float, (bool)1, (bool)0, (bool)0>(cublasLt::cublasSplitKParams<T6>, const T4 *, const T10 *, T9 *, T5 *, const T6 *, const T6 *, const T11 *, const T4 *, T11 *, void *, long, T6 *, int *, T6 *, T6 *, const T6 *, const T6 *, const T6 *, const T6 *, const T6 *)",1.977,2026-09-11T18:05:41.238361,"1,12,1","32,16,1",44,0,0,0,,,,,,,,,,,,,,,,,,,
ucopy_f32,2.327,2026-09-11T18:05:41.238375,"3,1,1","1024,1,1",24,0,0,0,,,,,,,,,,,,,,,,,,,
badd_f32,2.742,2026-09-11T18:05:41.238388,"3,1,1","1024,1,1",38,0,0,0,,,,,,,,,,,,,,,,,,,
urelu_f32,1.211,2026-09-11T18:05:41.238401,"3,1,1","1024,1,1",24,0,0,0,,,,,,,,,,,,,,,,,,,
im2col_f32,2.295,2026-09-11T18:05:41.238414,"7,1,1","1024,1,1",36,0,0,0,,,,,,,,,,,,,,,,,,,
ampere_sgemm_32x32_sliced1x4_tn,3.347,2026-09-11T18:05:41.238427,"1,2,72","128,1,1",86,32768,32768,0,,,,,,,,,,,,,,,,,,,
"void cublasLt::splitKreduce_kernel<(int)32, (int)16, int, float, float, float, float, (bool)0, float, float, float, (bool)1, (bool)0, (bool)0>(cublasLt::cublasSplitKParams<T6>, const T4 *, const T10 *, T9 *, T5 *, const T6 *, const T6 *, const T11 *, const T4 *, T11 *, void *, long, T6 *, int *, T6 *, T6 *, const T6 *, const T6 *, const T6 *, const T6 *, const T6 *)",3.188,2026-09-11T18:05:41.238442,"1,3,1","32,16,1",44,0,0,0,,,,,,,,,,,,,,,,,,,
ucopy_f32,2.423,2026-09-11T18:05:41.238457,"2,1,1","1024,1,1",24,0,0,0,,,,,,,,,,,,,,,,,,,
badd_f32,2.805,2026-09-11T18:05:41.238470,"2,1,1","1024,1,1",38,0,0,0,,,,,,,,,,,,,,,,,,,
urelu_f32,1.211,2026-09-11T18:05:41.238483,"2,1,1","1024,1,1",24,0,0,0,,,,,,,,,,,,,,,,,,,
"std::enable_if<!T7, void>::type internal::gemvx::kernel<int, int, float, float, float, float, (bool)0, (bool)1, (bool)1, (bool)0, (int)7, (bool)0, cublasGemvParamsEx<int, cublasGemvTensorStridedBatched<const float>, cublasGemvTensorStridedBatched<const float>, cublasGemvTensorStridedBatched<float>, float>>(T13)",3.124,2026-09-11T18:05:41.238497,"32,1,1","32,4,1",159,528,0,528,,,,,,,,,,,,,,,,,,,
badd_f32,1.308,2026-09-11T18:05:41.238511,"1,1,1","1024,1,1",38,0,0,0,,,,,,,,,,,,,,,,,,,
urelu_f32,1.116,2026-09-11T18:05:41.238524,"1,1,1","1024,1,1",24,0,0,0,,,,,,,,,,,,,,,,,,,
im2col1d_f32,2.2,2026-09-11T18:05:41.238537,"1,1,1","1024,1,1",40,0,0,0,,,,,,,,,,,,,,,,,,,
ampere_sgemm_32x32_sliced1x4_tn,3.092,2026-09-11T18:05:41.238551,"1,12,6","128,1,1",86,32768,32768,0,,,,,,,,,,,,,,,,,,,
"void cublasLt::splitKreduce_kernel<(int)32, (int)16, int, float, float, float, float, (bool)0, float, float, float, (bool)1, (bool)0, (bool)0>(cublasLt::cublasSplitKParams<T6>, const T4 *, const T10 *, T9 *, T5 *, const T6 *, const T6 *, const T11 *, const T4 *, T11 *, void *, long, T6 *, int *, T6 *, T6 *, const T6 *, const T6 *, const T6 *, const T6 *, const T6 *)",1.594,2026-09-11T18:05:41.238564,"1,23,1","32,16,1",44,0,0,0,,,,,,,,,,,,,,,,,,,
ucopy_f32,2.136,2026-09-11T18:05:41.238577,"3,1,1","1024,1,1",24,0,0,0,,,,,,,,,,,,,,,,,,,
badd_f32,2.55,2026-09-11T18:05:41.238590,"3,1,1","1024,1,1",38,0,0,0,,,,,,,,,,,,,,,,,,,
urelu_f32,1.212,2026-09-11T18:05:41.238603,"3,1,1","1024,1,1",24,0,0,0,,,,,,,,,,,,,,,,,,,
im2col1d_f32,2.296,2026-09-11T18:05:41.238617,"2,1,1","1024,1,1",40,0,0,0,,,,,,,,,,,,,,,,,,,
ampere_sgemm_32x32_sliced1x4_tn,3.476,2026-09-11T18:05:41.238630,"1,6,24","128,1,1",86,32768,32768,0,,,,,,,,,,,,,,,,,,,
"void cublasLt::splitKreduce_kernel<(int)32, (int)16, int, float, float, float, float, (bool)0, float, float, float, (bool)1, (bool)0, (bool)0>(cublasLt::cublasSplitKParams<T6>, const T4 *, const T10 *, T9 *, T5 *, const T6 *, const T6 *, const T11 *, const T4 *, T11 *, void *, long, T6 *, int *, T6 *, T6 *, const T6 *, const T6 *, const T6 *, const T6 *, const T6 *)",1.626,2026-09-11T18:05:41.238643,"1,12,1","32,16,1",44,0,0,0,,,,,,,,,,,,,,,,,,,
ucopy_f32,2.136,2026-09-11T18:05:41.238658,"3,1,1","1024,1,1",24,0,0,0,,,,,,,,,,,,,,,,,,,
badd_f32,2.487,2026-09-11T18:05:41.238671,"3,1,1","1024,1,1",38,0,0,0,,,,,,,,,,,,,,,,,,,
urelu_f32,1.147,2026-09-11T18:05:41.238683,"3,1,1","1024,1,1",24,0,0,0,,,,,,,,,,,,,,,,,,,
im2col1d_f32,2.295,2026-09-11T18:05:41.238698,"2,1,1","1024,1,1",40,0,0,0,,,,,,,,,,,,,,,,,,,
ampere_sgemm_32x32_sliced1x4_tn,3.444,2026-09-11T18:05:41.238711,"1,3,48","128,1,1",86,32768,32768,0,,,,,,,,,,,,,,,,,,,
"void cublasLt::splitKreduce_kernel<(int)32, (int)16, int, float, float, float, float, (bool)0, float, float, float, (bool)1, (bool)0, (bool)0>(cublasLt::cublasSplitKParams<T6>, const T4 *, const T10 *, T9 *, T5 *, const T6 *, const T6 *, const T11 *, const T4 *, T11 *, void *, long, T6 *, int *, T6 *, T6 *, const T6 *, const T6 *, const T6 *, const T6 *, const T6 *)",2.487,2026-09-11T18:05:41.238724,"1,6,1","32,16,1",44,0,0,0,,,,,,,,,,,,,,,,,,,
ucopy_f32,2.327,2026-09-11T18:05:41.238737,"3,1,1","1024,1,1",24,0,0,0,,,,,,,,,,,,,,,,,,,
badd_f32,2.55,2026-09-11T18:05:41.238749,"3,1,1","1024,1,1",38,0,0,0,,,,,,,,,,,,,,,,,,,
urelu_f32,1.147,2026-09-11T18:05:41.238763,"3,1,1","1024,1,1",24,0,0,0,,,,,,,,,,,,,,,,,,,
"void dot_kernel<float, (int)128, (int)0, cublasDotParams<cublasGemvTensorStridedBatched<const float>, cublasGemvTensorStridedBatched<float>>>(T4)",3.028,2026-09-11T18:05:41.238776,"18,1,96","128,1,1",28,512,512,0,,,,,,,,,,,,,,,,,,,
"void reduce_1Block_kernel<float, (int)128, (int)7, cublasGemvTensorStridedBatched<float>, cublasGemvTensorStridedBatched<const float>, cublasGemvTensorStridedBatched<float>>(const T1 *, T1, T4, int, const T1 *, T1, T5, T6, cublasPointerMode_t, cublasLtEpilogue_t, cublasGemvTensorStridedBatched<const biasType<T6::value_type, T1>::type>)",1.307,2026-09-11T18:05:41.238790,"1,1,96","128,1,1",28,768,768,0,,,,,,,,,,,,,,,,,,,
badd_f32,1.307,2026-09-11T18:05:41.238803,"1,1,1","1024,1,1",38,0,0,0,,,,,,,,,,,,,,,,,,,
urelu_f32,1.115,2026-09-11T18:05:41.238816,"1,1,1","1024,1,1",24,0,0,0,,,,,,,,,,,,,,,,,,,
"std::enable_if<!T7, void>::type internal::gemvx::kernel<int, int, float, float, float, float, (bool)0, (bool)1, (bool)1, (bool)0, (int)6, (bool)0, cublasGemvParamsEx<int, cublasGemvTensorStridedBatched<const float>, cublasGemvTensorStridedBatched<const float>, cublasGemvTensorStridedBatched<float>, float>>(T13)",1.658,2026-09-11T18:05:41.238830,"2,1,1","4,16,1",166,320,0,320,,,,,,,,,,,,,,,,,,,
badd_f32,1.34,2026-09-11T18:05:41.238843,"1,1,1","1024,1,1",38,0,0,0,,,,,,,,,,,,,,,,,,,
urelu_f32,1.116,2026-09-11T18:05:41.238856,"1,1,1","1024,1,1",24,0,0,0,,,,,,,,,,,,,,,,,,,
copy2d_f32,1.084,2026-09-11T18:05:41.238868,"1,1,1","1024,1,1",16,0,0,0,,,,,,,,,,,,,,,,,,,
copy2d_f32,1.084,2026-09-11T18:05:41.238881,"1,1,1","1024,1,1",16,0,0,0,,,,,,,,,,,,,,,,,,,
copy2d_f32,1.052,2026-09-11T18:05:41.238894,"1,1,1","1024,1,1",16,0,0,0,,,,,,,,,,,,,,,,,,,
layernorm_f32,3.539,2026-09-11T18:05:41.238907,"1,1,1","32,1,1",28,256,256,0,,,,,,,,,,,,,,,,,,,
copy2d_f32,1.084,2026-09-11T18:05:41.238920,"1,1,1","1024,1,1",16,0,0,0,,,,,,,,,,,,,,,,,,,
copy2d_f32,1.18,2026-09-11T18:05:41.238933,"1,1,1","1024,1,1",16,0,0,0,,,,,,,,,,,,,,,,,,,
copy2d_f32,1.179,2026-09-11T18:05:41.238946,"1,1,1","1024,1,1",16,0,0,0,,,,,,,,,,,,,,,,,,,
"std::enable_if<!T7, void>::type internal::gemvx::kernel<int, int, float, float, float, float, (bool)0, (bool)1, (bool)1, (bool)0, (int)8, (bool)0, cublasGemvParamsEx<int, cublasGemvTensorStridedBatched<const float>, cublasGemvTensorStridedBatched<const float>, cublasGemvTensorStridedBatched<float>, float>>(T13)",2.583,2026-09-11T18:05:41.238960,"32,1,1","16,16,1",159,1088,0,1088,,,,,,,,,,,,,,,,,,,
badd_f32,1.371,2026-09-11T18:05:41.238974,"1,1,1","1024,1,1",38,0,0,0,,,,,,,,,,,,,,,,,,,
urelu_f32,1.148,2026-09-11T18:05:41.238987,"1,1,1","1024,1,1",24,0,0,0,,,,,,,,,,,,,,,,,,,
"void gemv2T_kernel_val<int, int, float, float, float, float, (int)128, (int)16, (int)2, (int)2, (bool)0, (bool)0, cublasGemvParamsEx<int, cublasGemvTensorStridedBatched<const float>, cublasGemvTensorStridedBatched<const float>, cublasGemvTensorStridedBatched<float>, float>>(T13, T6, T6)",3.699,2026-09-11T18:05:41.239000,"64,1,1","128,1,1",47,1536,1536,0,,,,,,,,,,,,,,,,,,,
badd_f32,1.371,2026-09-11T18:05:41.239014,"1,1,1","1024,1,1",38,0,0,0,,,,,,,,,,,,,,,,,,,
bmaximum_f32,2.041,2026-09-11T18:05:41.239027,"1,1,1","1024,1,1",38,0,0,0,,,,,,,,,,,,,,,,,,,
bminimum_f32,2.009,2026-09-11T18:05:41.239040,"1,1,1","1024,1,1",38,0,0,0,,,,,,,,,,,,,,,,,,,
"std::enable_if<!T7, void>::type internal::gemvx::kernel<int, int, float, float, float, float, (bool)0, (bool)1, (bool)1, (bool)0, (int)8, (bool)0, cublasGemvParamsEx<int, cublasGemvTensorStridedBatched<const float>, cublasGemvTensorStridedBatched<const float>, cublasGemvTensorStridedBatched<float>, float>>(T13)",2.838,2026-09-11T18:05:41.239053,"64,1,1","16,16,1",159,1088,0,1088,,,,,,,,,,,,,,,,,,,
badd_f32,1.403,2026-09-11T18:05:41.239066,"1,1,1","1024,1,1",38,0,0,0,,,,,,,,,,,,,,,,,,,
"std::enable_if<!T7, void>::type internal::gemvx::kernel<int, int, float, float, float, float, (bool)0, (bool)1, (bool)1, (bool)0, (int)8, (bool)0, cublasGemvParamsEx<int, cublasGemvTensorStridedBatched<const float>, cublasGemvTensorStridedBatched<const float>, cublasGemvTensorStridedBatched<float>, float>>(T13)",2.137,2026-09-11T18:05:41.239079,"32,1,1","16,16,1",159,1088,0,1088,,,,,,,,,,,,,,,,,,,
badd_f32,1.308,2026-09-11T18:05:41.239092,"1,1,1","1024,1,1",38,0,0,0,,,,,,,,,,,,,,,,,,,
urelu_f32,1.148,2026-09-11T18:05:41.239105,"1,1,1","1024,1,1",24,0,0,0,,,,,,,,,,,,,,,,,,,
"void gemv2T_kernel_val<int, int, float, float, float, float, (int)128, (int)16, (int)4, (int)4, (bool)0, (bool)0, cublasGemvParamsEx<int, cublasGemvTensorStridedBatched<const float>, cublasGemvTensorStridedBatched<const float>, cublasGemvTensorStridedBatched<float>, float>>(T13, T6, T6)",11.032,2026-09-11T18:05:41.239119,"512,1,1","128,1,1",59,2560,2560,0,,,,,,,,,,,,,,,,,,,
badd_f32,1.403,2026-09-11T18:05:41.239134,"4,1,1","1024,1,1",38,0,0,0,,,,,,,,,,,,,,,,,,,
copy2d_f32,1.116,2026-09-11T18:05:41.239147,"1,1,1","1024,1,1",16,0,0,0,,,,,,,,,,,,,,,,,,,
copy2d_f32,1.084,2026-09-11T18:05:41.239160,"1,1,1","1024,1,1",16,0,0,0,,,,,,,,,,,,,,,,,,,
copy2d_f32,1.116,2026-09-11T18:05:41.239174,"1,1,1","1024,1,1",16,0,0,0,,,,,,,,,,,,,,,,,,,
copy2d_f32,1.179,2026-09-11T18:05:41.239187,"1,1,1","1024,1,1",16,0,0,0,,,,,,,,,,,,,,,,,,,
copy2d_f32,1.179,2026-09-11T18:05:41.239200,"4,1,1","1024,1,1",16,0,0,0,,,,,,,,,,,,,,,,,,,
im2col_f32,2.295,2026-09-11T18:05:41.239213,"7,1,1","1024,1,1",36,0,0,0,,,,,,,,,,,,,,,,,,,
ampere_sgemm_32x32_sliced1x4_tn,3.475,2026-09-11T18:05:41.239226,"1,24,9","128,1,1",86,32768,32768,0,,,,,,,,,,,,,,,,,,,
"void cublasLt::splitKreduce_kernel<(int)32, (int)16, int, float, float, float, float, (bool)0, float, float, float, (bool)1, (bool)0, (bool)0>(cublasLt::cublasSplitKParams<T6>, const T4 *, const T10 *, T9 *, T5 *, const T6 *, const T6 *, const T11 *, const T4 *, T11 *, void *, long, T6 *, int *, T6 *, T6 *, const T6 *, const T6 *, const T6 *, const T6 *, const T6 *)",1.53,2026-09-11T18:05:41.239239,"1,48,1","32,16,1",44,0,0,0,,,,,,,,,,,,,,,,,,,
ucopy_f32,2.423,2026-09-11T18:05:41.239253,"6,1,1","1024,1,1",24,0,0,0,,,,,,,,,,,,,,,,,,,
badd_f32,2.711,2026-09-11T18:05:41.239266,"6,1,1","1024,1,1",38,0,0,0,,,,,,,,,,,,,,,,,,,
urelu_f32,1.211,2026-09-11T18:05:41.239280,"6,1,1","1024,1,1",24,0,0,0,,,,,,,,,,,,,,,,,,,
im2col_f32,2.296,2026-09-11T18:05:41.239295,"14,1,1","1024,1,1",36,0,0,0,,,,,,,,,,,,,,,,,,,
ampere_sgemm_32x32_sliced1x4_tn,3.315,2026-09-11T18:05:41.239308,"1,6,36","128,1,1",86,32768,32768,0,,,,,,,,,,,,,,,,,,,
"void cublasLt::splitKreduce_kernel<(int)32, (int)16, int, float, float, float, float, (bool)0, float, float, float, (bool)1, (bool)0, (bool)0>(cublasLt::cublasSplitKParams<T6>, const T4 *, const T10 *, T9 *, T5 *, const T6 *, const T6 *, const T11 *, const T4 *, T11 *, void *, long, T6 *, int *, T6 *, T6 *, const T6 *, const T6 *, const T6 *, const T6 *, const T6 *)",1.881,2026-09-11T18:05:41.239321,"1,12,1","32,16,1",44,0,0,0,,,,,,,,,,,,,,,,,,,
ucopy_f32,2.296,2026-09-11T18:05:41.239334,"3,1,1","1024,1,1",24,0,0,0,,,,,,,,,,,,,,,,,,,
badd_f32,2.678,2026-09-11T18:05:41.239347,"3,1,1","1024,1,1",38,0,0,0,,,,,,,,,,,,,,,,,,,
urelu_f32,1.148,2026-09-11T18:05:41.239360,"3,1,1","1024,1,1",24,0,0,0,,,,,,,,,,,,,,,,,,,
im2col_f32,2.296,2026-09-11T18:05:41.239373,"7,1,1","1024,1,1",36,0,0,0,,,,,,,,,,,,,,,,,,,
ampere_sgemm_32x32_sliced1x4_tn,3.252,2026-09-11T18:05:41.239386,"1,2,72","128,1,1",86,32768,32768,0,,,,,,,,,,,,,,,,,,,
"void cublasLt::splitKreduce_kernel<(int)32, (int)16, int, float, float, float, float, (bool)0, float, float, float, (bool)1, (bool)0, (bool)0>(cublasLt::cublasSplitKParams<T6>, const T4 *, const T10 *, T9 *, T5 *, const T6 *, const T6 *, const T11 *, const T4 *, T11 *, void *, long, T6 *, int *, T6 *, T6 *, const T6 *, const T6 *, const T6 *, const T6 *, const T6 *)",3.157,2026-09-11T18:05:41.239400,"1,3,1","32,16,1",44,0,0,0,,,,,,,,,,,,,,,,,,,
ucopy_f32,2.455,2026-09-11T18:05:41.239413,"2,1,1","1024,1,1",24,0,0,0,,,,,,,,,,,,,,,,,,,
badd_f32,2.646,2026-09-11T18:05:41.239425,"2,1,1","1024,1,1",38,0,0,0,,,,,,,,,,,,,,,,,,,
urelu_f32,1.148,2026-09-11T18:05:41.239439,"2,1,1","1024,1,1",24,0,0,0,,,,,,,,,,,,,,,,,,,
"std::enable_if<!T7, void>::type internal::gemvx::kernel<int, int, float, float, float, float, (bool)0, (bool)1, (bool)1, (bool)0, (int)7, (bool)0, cublasGemvParamsEx<int, cublasGemvTensorStridedBatched<const float>, cublasGemvTensorStridedBatched<const float>, cublasGemvTensorStridedBatched<float>, float>>(T13)",2.742,2026-09-11T18:05:41.239453,"32,1,1","32,4,1",159,528,0,528,,,,,,,,,,,,,,,,,,,
badd_f32,1.116,2026-09-11T18:05:41.239468,"1,1,1","1024,1,1",38,0,0,0,,,,,,,,,,,,,,,,,,,
urelu_f32,1.084,2026-09-11T18:05:41.239481,"1,1,1","1024,1,1",24,0,0,0,,,,,,,,,,,,,,,,,,,
im2col1d_f32,2.073,2026-09-11T18:05:41.239494,"1,1,1","1024,1,1",40,0,0,0,,,,,,,,,,,,,,,,,,,
ampere_sgemm_32x32_sliced1x4_tn,2.773,2026-09-11T18:05:41.239507,"1,12,6","128,1,1",86,32768,32768,0,,,,,,,,,,,,,,,,,,,
"void cublasLt::splitKreduce_kernel<(int)32, (int)16, int, float, float, float, float, (bool)0, float, float, float, (bool)1, (bool)0, (bool)0>(cublasLt::cublasSplitKParams<T6>, const T4 *, const T10 *, T9 *, T5 *, const T6 *, const T6 *, const T11 *, const T4 *, T11 *, void *, long, T6 *, int *, T6 *, T6 *, const T6 *, const T6 *, const T6 *, const T6 *, const T6 *)",1.499,2026-09-11T18:05:41.239520,"1,23,1","32,16,1",44,0,0,0,,,,,,,,,,,,,,,,,,,
ucopy_f32,2.073,2026-09-11T18:05:41.239533,"3,1,1","1024,1,1",24,0,0,0,,,,,,,,,,,,,,,,,,,
badd_f32,2.423,2026-09-11T18:05:41.239546,"3,1,1","1024,1,1",38,0,0,0,,,,,,,,,,,,,,,,,,,
urelu_f32,1.147,2026-09-11T18:05:41.239559,"3,1,1","1024,1,1",24,0,0,0,,,,,,,,,,,,,,,,,,,
im2col1d_f32,2.232,2026-09-11T18:05:41.239572,"2,1,1","1024,1,1",40,0,0,0,,,,,,,,,,,,,,,,,,,
ampere_sgemm_32x32_sliced1x4_tn,3.38,2026-09-11T18:05:41.239585,"1,6,24","128,1,1",86,32768,32768,0,,,,,,,,,,,,,,,,,,,
"void cublasLt::splitKreduce_kernel<(int)32, (int)16, int, float, float, float, float, (bool)0, float, float, float, (bool)1, (bool)0, (bool)0>(cublasLt::cublasSplitKParams<T6>, const T4 *, const T10 *, T9 *, T5 *, const T6 *, const T6 *, const T11 *, const T4 *, T11 *, void *, long, T6 *, int *, T6 *, T6 *, const T6 *, const T6 *, const T6 *, const T6 *, const T6 *)",1.626,2026-09-11T18:05:41.239598,"1,12,1","32,16,1",44,0,0,0,,,,,,,,,,,,,,,,,,,
ucopy_f32,2.136,2026-09-11T18:05:41.239611,"3,1,1","1024,1,1",24,0,0,0,,,,,,,,,,,,,,,,,,,
badd_f32,2.455,2026-09-11T18:05:41.239633,"3,1,1","1024,1,1",38,0,0,0,,,,,,,,,,,,,,,,,,,
urelu_f32,1.115,2026-09-11T18:05:41.239655,"3,1,1","1024,1,1",24,0,0,0,,,,,,,,,,,,,,,,,,,
im2col1d_f32,2.327,2026-09-11T18:05:41.239669,"2,1,1","1024,1,1",40,0,0,0,,,,,,,,,,,,,,,,,,,
ampere_sgemm_32x32_sliced1x4_tn,3.347,2026-09-11T18:05:41.239683,"1,3,48","128,1,1",86,32768,32768,0,,,,,,,,,,,,,,,,,,,
"void cublasLt::splitKreduce_kernel<(int)32, (int)16, int, float, float, float, float, (bool)0, float, float, float, (bool)1, (bool)0, (bool)0>(cublasLt::cublasSplitKParams<T6>, const T4 *, const T10 *, T9 *, T5 *, const T6 *, const T6 *, const T11 *, const T4 *, T11 *, void *, long, T6 *, int *, T6 *, T6 *, const T6 *, const T6 *, const T6 *, const T6 *, const T6 *)",2.519,2026-09-11T18:05:41.239697,"1,6,1","32,16,1",44,0,0,0,,,,,,,,,,,,,,,,,,,
ucopy_f32,2.327,2026-09-11T18:05:41.239710,"3,1,1","1024,1,1",24,0,0,0,,,,,,,,,,,,,,,,,,,
badd_f32,2.456,2026-09-11T18:05:41.239724,"3,1,1","1024,1,1",38,0,0,0,,,,,,,,,,,,,,,,,,,
urelu_f32,1.148,2026-09-11T18:05:41.239738,"3,1,1","1024,1,1",24,0,0,0,,,,,,,,,,,,,,,,,,,
"void dot_kernel<float, (int)128, (int)0, cublasDotParams<cublasGemvTensorStridedBatched<const float>, cublasGemvTensorStridedBatched<float>>>(T4)",2.678,2026-09-11T18:05:41.239751,"18,1,96","128,1,1",28,512,512,0,,,,,,,,,,,,,,,,,,,
"void reduce_1Block_kernel<float, (int)128, (int)7, cublasGemvTensorStridedBatched<float>, cublasGemvTensorStridedBatched<const float>, cublasGemvTensorStridedBatched<float>>(const T1 *, T1, T4, int, const T1 *, T1, T5, T6, cublasPointerMode_t, cublasLtEpilogue_t, cublasGemvTensorStridedBatched<const biasType<T6::value_type, T1>::type>)",1.339,2026-09-11T18:05:41.239765,"1,1,96","128,1,1",28,768,768,0,,,,,,,,,,,,,,,,,,,
badd_f32,1.084,2026-09-11T18:05:41.239779,"1,1,1","1024,1,1",38,0,0,0,,,,,,,,,,,,,,,,,,,
urelu_f32,1.084,2026-09-11T18:05:41.239792,"1,1,1","1024,1,1",24,0,0,0,,,,,,,,,,,,,,,,,,,
"std::enable_if<!T7, void>::type internal::gemvx::kernel<int, int, float, float, float, float, (bool)0, (bool)1, (bool)1, (bool)0, (int)6, (bool)0, cublasGemvParamsEx<int, cublasGemvTensorStridedBatched<const float>, cublasGemvTensorStridedBatched<const float>, cublasGemvTensorStridedBatched<float>, float>>(T13)",1.658,2026-09-11T18:05:41.239806,"2,1,1","4,16,1",166,320,0,320,,,,,,,,,,,,,,,,,,,
badd_f32,1.084,2026-09-11T18:05:41.239820,"1,1,1","1024,1,1",38,0,0,0,,,,,,,,,,,,,,,,,,,
urelu_f32,1.052,2026-09-11T18:05:41.239835,"1,1,1","1024,1,1",24,0,0,0,,,,,,,,,,,,,,,,,,,
copy2d_f32,1.051,2026-09-11T18:05:41.239849,"1,1,1","1024,1,1",16,0,0,0,,,,,,,,,,,,,,,,,,,
copy2d_f32,1.084,2026-09-11T18:05:41.239862,"1,1,1","1024,1,1",16,0,0,0,,,,,,,,,,,,,,,,,,,
copy2d_f32,1.051,2026-09-11T18:05:41.239875,"1,1,1","1024,1,1",16,0,0,0,,,,,,,,,,,,,,,,,,,
layernorm_f32,2.615,2026-09-11T18:05:41.239910,"1,1,1","32,1,1",28,256,256,0,,,,,,,,,,,,,,,,,,,
copy2d_f32,1.052,2026-09-11T18:05:41.239927,"1,1,1","1024,1,1",16,0,0,0,,,,,,,,,,,,,,,,,,,
copy2d_f32,1.085,2026-09-11T18:05:41.239940,"1,1,1","1024,1,1",16,0,0,0,,,,,,,,,,,,,,,,,,,
copy2d_f32,1.052,2026-09-11T18:05:41.239955,"1,1,1","1024,1,1",16,0,0,0,,,,,,,,,,,,,,,,,,,
"std::enable_if<!T7, void>::type internal::gemvx::kernel<int, int, float, float, float, float, (bool)0, (bool)1, (bool)1, (bool)0, (int)8, (bool)0, cublasGemvParamsEx<int, cublasGemvTensorStridedBatched<const float>, cublasGemvTensorStridedBatched<const float>, cublasGemvTensorStridedBatched<float>, float>>(T13)",2.2,2026-09-11T18:05:41.239968,"32,1,1","16,16,1",159,1088,0,1088,,,,,,,,,,,,,,,,,,,
badd_f32,1.148,2026-09-11T18:05:41.239982,"1,1,1","1024,1,1",38,0,0,0,,,,,,,,,,,,,,,,,,,
urelu_f32,1.116,2026-09-11T18:05:41.239995,"1,1,1","1024,1,1",24,0,0,0,,,,,,,,,,,,,,,,,,,
"void gemv2T_kernel_val<int, int, float, float, float, float, (int)128, (int)16, (int)2, (int)2, (bool)0, (bool)0, cublasGemvParamsEx<int, cublasGemvTensorStridedBatched<const float>, cublasGemvTensorStridedBatched<const float>, cublasGemvTensorStridedBatched<float>, float>>(T13, T6, T6)",2.423,2026-09-11T18:05:41.240009,"64,1,1","128,1,1",47,1536,1536,0,,,,,,,,,,,,,,,,,,,
badd_f32,1.148,2026-09-11T18:05:41.240025,"1,1,1","1024,1,1",38,0,0,0,,,,,,,,,,,,,,,,,,,
bmaximum_f32,1.977,2026-09-11T18:05:41.240039,"1,1,1","1024,1,1",38,0,0,0,,,,,,,,,,,,,,,,,,,
bminimum_f32,1.977,2026-09-11T18:05:41.240052,"1,1,1","1024,1,1",38,0,0,0,,,,,,,,,,,,,,,,,,,
"std::enable_if<!T7, void>::type internal::gemvx::kernel<int, int, float, float, float, float, (bool)0, (bool)1, (bool)1, (bool)0, (int)8, (bool)0, cublasGemvParamsEx<int, cublasGemvTensorStridedBatched<const float>, cublasGemvTensorStridedBatched<const float>, cublasGemvTensorStridedBatched<float>, float>>(T13)",2.679,2026-09-11T18:05:41.240065,"64,1,1","16,16,1",159,1088,0,1088,,,,,,,,,,,,,,,,,,,
badd_f32,1.212,2026-09-11T18:05:41.240078,"1,1,1","1024,1,1",38,0,0,0,,,,,,,,,,,,,,,,,,,
"std::enable_if<!T7, void>::type internal::gemvx::kernel<int, int, float, float, float, float, (bool)0, (bool)1, (bool)1, (bool)0, (int)8, (bool)0, cublasGemvParamsEx<int, cublasGemvTensorStridedBatched<const float>, cublasGemvTensorStridedBatched<const float>, cublasGemvTensorStridedBatched<float>, float>>(T13)",2.296,2026-09-11T18:05:41.240091,"32,1,1","16,16,1",159,1088,0,1088,,,,,,,,,,,,,,,,,,,
badd_f32,1.116,2026-09-11T18:05:41.240104,"1,1,1","1024,1,1",38,0,0,0,,,,,,,,,,,,,,,,,,,
urelu_f32,1.116,2026-09-11T18:05:41.240117,"1,1,1","1024,1,1",24,0,0,0,,,,,,,,,,,,,,,,,,,
"void gemv2T_kernel_val<int, int, float, float, float, float, (int)128, (int)16, (int)4, (int)4, (bool)0, (bool)0, cublasGemvParamsEx<int, cublasGemvTensorStridedBatched<const float>, cublasGemvTensorStridedBatched<const float>, cublasGemvTensorStridedBatched<float>, float>>(T13, T6, T6)",3.794,2026-09-11T18:05:41.240131,"512,1,1","128,1,1",59,2560,2560,0,,,,,,,,,,,,,,,,,,,
badd_f32,1.212,2026-09-11T18:05:41.240145,"4,1,1","1024,1,1",38,0,0,0,,,,,,,,,,,,,,,,,,,
copy2d_f32,1.083,2026-09-11T18:05:41.240158,"1,1,1","1024,1,1",16,0,0,0,,,,,,,,,,,,,,,,,,,
copy2d_f32,1.052,2026-09-11T18:05:41.240171,"1,1,1","1024,1,1",16,0,0,0,,,,,,,,,,,,,,,,,,,
copy2d_f32,1.084,2026-09-11T18:05:41.240184,"1,1,1","1024,1,1",16,0,0,0,,,,,,,,,,,,,,,,,,,
copy2d_f32,1.148,2026-09-11T18:05:41.240211,"1,1,1","1024,1,1",16,0,0,0,,,,,,,,,,,,,,,,,,,
copy2d_f32,1.179,2026-09-11T18:05:41.240227,"4,1,1","1024,1,1",16,0,0,0,,,,,,,,,,,,,,,,,,,
im2col_f32,2.263,2026-09-11T18:05:41.240241,"7,1,1","1024,1,1",36,0,0,0,,,,,,,,,,,,,,,,,,,
ampere_sgemm_32x32_sliced1x4_tn,3.411,2026-09-11T18:05:41.240255,"1,24,9","128,1,1",86,32768,32768,0,,,,,,,,,,,,,,,,,,,
"void cublasLt::splitKreduce_kernel<(int)32, (int)16, int, float, float, float, float, (bool)0, float, float, float, (bool)1, (bool)0, (bool)0>(cublasLt::cublasSplitKParams<T6>, const T4 *, const T10 *, T9 *, T5 *, const T6 *, const T6 *, const T11 *, const T4 *, T11 *, void *, long, T6 *, int *, T6 *, T6 *, const T6 *, const T6 *, const T6 *, const T6 *, const T6 *)",1.499,2026-09-11T18:05:41.240270,"1,48,1","32,16,1",44,0,0,0,,,,,,,,,,,,,,,,,,,
ucopy_f32,2.359,2026-09-11T18:05:41.240283,"6,1,1","1024,1,1",24,0,0,0,,,,,,,,,,,,,,,,,,,
badd_f32,2.678,2026-09-11T18:05:41.240298,"6,1,1","1024,1,1",38,0,0,0,,,,,,,,,,,,,,,,,,,
urelu_f32,1.212,2026-09-11T18:05:41.240311,"6,1,1","1024,1,1",24,0,0,0,,,,,,,,,,,,,,,,,,,
im2col_f32,2.296,2026-09-11T18:05:41.240330,"14,1,1","1024,1,1",36,0,0,0,,,,,,,,,,,,,,,,,,,
ampere_sgemm_32x32_sliced1x4_tn,3.316,2026-09-11T18:05:41.240347,"1,6,36","128,1,1",86,32768,32768,0,,,,,,,,,,,,,,,,,,,
"void cublasLt::splitKreduce_kernel<(int)32, (int)16, int, float, float, float, float, (bool)0, float, float, float, (bool)1, (bool)0, (bool)0>(cublasLt::cublasSplitKParams<T6>, const T4 *, const T10 *, T9 *, T5 *, const T6 *, const T6 *, const T11 *, const T4 *, T11 *, void *, long, T6 *, int *, T6 *, T6 *, const T6 *, const T6 *, const T6 *, const T6 *, const T6 *)",1.881,2026-09-11T18:05:41.240361,"1,12,1","32,16,1",44,0,0,0,,,,,,,,,,,,,,,,,,,
ucopy_f32,2.295,2026-09-11T18:05:41.240374,"3,1,1","1024,1,1",24,0,0,0,,,,,,,,,,,,,,,,,,,
badd_f32,2.646,2026-09-11T18:05:41.240387,"3,1,1","1024,1,1",38,0,0,0,,,,,,,,,,,,,,,,,,,
urelu_f32,1.148,2026-09-11T18:05:41.240401,"3,1,1","1024,1,1",24,0,0,0,,,,,,,,,,,,,,,,,,,
im2col_f32,2.263,2026-09-11T18:05:41.240415,"7,1,1","1024,1,1",36,0,0,0,,,,,,,,,,,,,,,,,,,
ampere_sgemm_32x32_sliced1x4_tn,3.284,2026-09-11T18:05:41.240430,"1,2,72","128,1,1",86,32768,32768,0,,,,,,,,,,,,,,,,,,,
"void cublasLt::splitKreduce_kernel<(int)32, (int)16, int, float, float, float, float, (bool)0, float, float, float, (bool)1, (bool)0, (bool)0>(cublasLt::cublasSplitKParams<T6>, const T4 *, const T10 *, T9 *, T5 *, const T6 *, const T6 *, const T11 *, const T4 *, T11 *, void *, long, T6 *, int *, T6 *, T6 *, const T6 *, const T6 *, const T6 *, const T6 *, const T6 *)",3.188,2026-09-11T18:05:41.240443,"1,3,1","32,16,1",44,0,0,0,,,,,,,,,,,,,,,,,,,
ucopy_f32,2.455,2026-09-11T18:05:41.240457,"2,1,1","1024,1,1",24,0,0,0,,,,,,,,,,,,,,,,,,,
badd_f32,2.647,2026-09-11T18:05:41.240470,"2,1,1","1024,1,1",38,0,0,0,,,,,,,,,,,,,,,,,,,
urelu_f32,1.148,2026-09-11T18:05:41.240483,"2,1,1","1024,1,1",24,0,0,0,,,,,,,,,,,,,,,,,,,
"std::enable_if<!T7, void>::type internal::gemvx::kernel<int, int, float, float, float, float, (bool)0, (bool)1, (bool)1, (bool)0, (int)7, (bool)0, cublasGemvParamsEx<int, cublasGemvTensorStridedBatched<const float>, cublasGemvTensorStridedBatched<const float>, cublasGemvTensorStridedBatched<float>, float>>(T13)",2.36,2026-09-11T18:05:41.240497,"32,1,1","32,4,1",159,528,0,528,,,,,,,,,,,,,,,,,,,
badd_f32,1.084,2026-09-11T18:05:41.240510,"1,1,1","1024,1,1",38,0,0,0,,,,,,,,,,,,,,,,,,,
urelu_f32,1.083,2026-09-11T18:05:41.240524,"1,1,1","1024,1,1",24,0,0,0,,,,,,,,,,,,,,,,,,,
im2col1d_f32,2.008,2026-09-11T18:05:41.240538,"1,1,1","1024,1,1",40,0,0,0,,,,,,,,,,,,,,,,,,,
ampere_sgemm_32x32_sliced1x4_tn,2.774,2026-09-11T18:05:41.240552,"1,12,6","128,1,1",86,32768,32768,0,,,,,,,,,,,,,,,,,,,
"void cublasLt::splitKreduce_kernel<(int)32, (int)16, int, float, float, float, float, (bool)0, float, float, float, (bool)1, (bool)0, (bool)0>(cublasLt::cublasSplitKParams<T6>, const T4 *, const T10 *, T9 *, T5 *, const T6 *, const T6 *, const T11 *, const T4 *, T11 *, void *, long, T6 *, int *, T6 *, T6 *, const T6 *, const T6 *, const T6 *, const T6 *, const T6 *)",1.53,2026-09-11T18:05:41.240565,"1,23,1","32,16,1",44,0,0,0,,,,,,,,,,,,,,,,,,,
ucopy_f32,2.073,2026-09-11T18:05:41.240580,"3,1,1","1024,1,1",24,0,0,0,,,,,,,,,,,,,,,,,,,
badd_f32,2.455,2026-09-11T18:05:41.240594,"3,1,1","1024,1,1",38,0,0,0,,,,,,,,,,,,,,,,,,,
urelu_f32,1.148,2026-09-11T18:05:41.240608,"3,1,1","1024,1,1",24,0,0,0,,,,,,,,,,,,,,,,,,,
im2col1d_f32,2.232,2026-09-11T18:05:41.240634,"2,1,1","1024,1,1",40,0,0,0,,,,,,,,,,,,,,,,,,,
ampere_sgemm_32x32_sliced1x4_tn,3.412,2026-09-11T18:05:41.240661,"1,6,24","128,1,1",86,32768,32768,0,,,,,,,,,,,,,,,,,,,
"void cublasLt::splitKreduce_kernel<(int)32, (int)16, int, float, float, float, float, (bool)0, float, float, float, (bool)1, (bool)0, (bool)0>(cublasLt::cublasSplitKParams<T6>, const T4 *, const T10 *, T9 *, T5 *, const T6 *, const T6 *, const T11 *, const T4 *, T11 *, void *, long, T6 *, int *, T6 *, T6 *, const T6 *, const T6 *, const T6 *, const T6 *, const T6 *)",1.626,2026-09-11T18:05:41.240675,"1,12,1","32,16,1",44,0,0,0,,,,,,,,,,,,,,,,,,,
ucopy_f32,2.136,2026-09-11T18:05:41.240688,"3,1,1","1024,1,1",24,0,0,0,,,,,,,,,,,,,,,,,,,
badd_f32,2.455,2026-09-11T18:05:41.240702,"3,1,1","1024,1,1",38,0,0,0,,,,,,,,,,,,,,,,,,,
urelu_f32,1.148,2026-09-11T18:05:41.240715,"3,1,1","1024,1,1",24,0,0,0,,,,,,,,,,,,,,,,,,,
im2col1d_f32,2.328,2026-09-11T18:05:41.240732,"2,1,1","1024,1,1",40,0,0,0,,,,,,,,,,,,,,,,,,,
ampere_sgemm_32x32_sliced1x4_tn,3.348,2026-09-11T18:05:41.240747,"1,3,48","128,1,1",86,32768,32768,0,,,,,,,,,,,,,,,,,,,
"void cublasLt::splitKreduce_kernel<(int)32, (int)16, int, float, float, float, float, (bool)0, float, float, float, (bool)1, (bool)0, (bool)0>(cublasLt::cublasSplitKParams<T6>, const T4 *, const T10 *, T9 *, T5 *, const T6 *, const T6 *, const T11 *, const T4 *, T11 *, void *, long, T6 *, int *, T6 *, T6 *, const T6 *, const T6 *, const T6 *, const T6 *, const T6 *)",2.519,2026-09-11T18:05:41.240761,"1,6,1","32,16,1",44,0,0,0,,,,,,,,,,,,,,,,,,,
ucopy_f32,2.359,2026-09-11T18:05:41.240776,"3,1,1","1024,1,1",24,0,0,0,,,,,,,,,,,,,,,,,,,
badd_f32,2.424,2026-09-11T18:05:41.240791,"3,1,1","1024,1,1",38,0,0,0,,,,,,,,,,,,,,,,,,,
urelu_f32,1.115,2026-09-11T18:05:41.240804,"3,1,1","1024,1,1",24,0,0,0,,,,,,,,,,,,,,,,,,,
"void dot_kernel<float, (int)128, (int)0, cublasDotParams<cublasGemvTensorStridedBatched<const float>, cublasGemvTensorStridedBatched<float>>>(T4)",2.742,2026-09-11T18:05:41.240819,"18,1,96","128,1,1",28,512,512,0,,,,,,,,,,,,,,,,,,,
"void reduce_1Block_kernel<float, (int)128, (int)7, cublasGemvTensorStridedBatched<float>, cublasGemvTensorStridedBatched<const float>, cublasGemvTensorStridedBatched<float>>(const T1 *, T1, T4, int, const T1 *, T1, T5, T6, cublasPointerMode_t, cublasLtEpilogue_t, cublasGemvTensorStridedBatched<const biasType<T6::value_type, T1>::type>)",1.308,2026-09-11T18:05:41.240833,"1,1,96","128,1,1",28,768,768,0,,,,,,,,,,,,,,,,,,,
badd_f32,1.115,2026-09-11T18:05:41.240846,"1,1,1","1024,1,1",38,0,0,0,,,,,,,,,,,,,,,,,,,
urelu_f32,1.084,2026-09-11T18:05:41.240860,"1,1,1","1024,1,1",24,0,0,0,,,,,,,,,,,,,,,,,,,
"std::enable_if<!T7, void>::type internal::gemvx::kernel<int, int, float, float, float, float, (bool)0, (bool)1, (bool)1, (bool)0, (int)6, (bool)0, cublasGemvParamsEx<int, cublasGemvTensorStridedBatched<const float>, cublasGemvTensorStridedBatched<const float>, cublasGemvTensorStridedBatched<float>, float>>(T13)",1.498,2026-09-11T18:05:41.240874,"2,1,1","4,16,1",166,320,0,320,,,,,,,,,,,,,,,,,,,
badd_f32,1.116,2026-09-11T18:05:41.240887,"1,1,1","1024,1,1",38,0,0,0,,,,,,,,,,,,,,,,,,,
urelu_f32,1.02,2026-09-11T18:05:41.240901,"1,1,1","1024,1,1",24,0,0,0,,,,,,,,,,,,,,,,,,,
copy2d_f32,1.052,2026-09-11T18:05:41.240915,"1,1,1","1024,1,1",16,0,0,0,,,,,,,,,,,,,,,,,,,
copy2d_f32,1.053,2026-09-11T18:05:41.240928,"1,1,1","1024,1,1",16,0,0,0,,,,,,,,,,,,,,,,,,,
copy2d_f32,1.02,2026-09-11T18:05:41.240943,"1,1,1","1024,1,1",16,0,0,0,,,,,,,,,,,,,,,,,,,
layernorm_f32,2.614,2026-09-11T18:05:41.240958,"1,1,1","32,1,1",28,256,256,0,,,,,,,,,,,,,,,,,,,
copy2d_f32,1.084,2026-09-11T18:05:41.240973,"1,1,1","1024,1,1",16,0,0,0,,,,,,,,,,,,,,,,,,,
copy2d_f32,1.052,2026-09-11T18:05:41.240987,"1,1,1","1024,1,1",16,0,0,0,,,,,,,,,,,,,,,,,,,
copy2d_f32,1.052,2026-09-11T18:05:41.241001,"1,1,1","1024,1,1",16,0,0,0,,,,,,,,,,,,,,,,,,,
"std::enable_if<!T7, void>::type internal::gemvx::kernel<int, int, float, float, float, float, (bool)0, (bool)1, (bool)1, (bool)0, (int)8, (bool)0, cublasGemvParamsEx<int, cublasGemvTensorStridedBatched<const float>, cublasGemvTensorStridedBatched<const float>, cublasGemvTensorStridedBatched<float>, float>>(T13)",1.977,2026-09-11T18:05:41.241015,"32,1,1","16,16,1",159,1088,0,1088,,,,,,,,,,,,,,,,,,,
badd_f32,1.148,2026-09-11T18:05:41.241028,"1,1,1","1024,1,1",38,0,0,0,,,,,,,,,,,,,,,,,,,
urelu_f32,1.116,2026-09-11T18:05:41.241042,"1,1,1","1024,1,1",24,0,0,0,,,,,,,,,,,,,,,,,,,
"void gemv2T_kernel_val<int, int, float, float, float, float, (int)128, (int)16, (int)2, (int)2, (bool)0, (bool)0, cublasGemvParamsEx<int, cublasGemvTensorStridedBatched<const float>, cublasGemvTensorStridedBatched<const float>, cublasGemvTensorStridedBatched<float>, float>>(T13, T6, T6)",2.391,2026-09-11T18:05:41.241056,"64,1,1","128,1,1",47,1536,1536,0,,,,,,,,,,,,,,,,,,,
badd_f32,1.147,2026-09-11T18:05:41.241069,"1,1,1","1024,1,1",38,0,0,0,,,,,,,,,,,,,,,,,,,
bmaximum_f32,1.977,2026-09-11T18:05:41.241083,"1,1,1","1024,1,1",38,0,0,0,,,,,,,,,,,,,,,,,,,
bminimum_f32,1.977,2026-09-11T18:05:41.241097,"1,1,1","1024,1,1",38,0,0,0,,,,,,,,,,,,,,,,,,,
"std::enable_if<!T7, void>::type internal::gemvx::kernel<int, int, float, float, float, float, (bool)0, (bool)1, (bool)1, (bool)0, (int)8, (bool)0, cublasGemvParamsEx<int, cublasGemvTensorStridedBatched<const float>, cublasGemvTensorStridedBatched<const float>, cublasGemvTensorStridedBatched<float>, float>>(T13)",2.008,2026-09-11T18:05:41.241111,"64,1,1","16,16,1",159,1088,0,1088,,,,,,,,,,,,,,,,,,,
badd_f32,1.212,2026-09-11T18:05:41.241125,"1,1,1","1024,1,1",38,0,0,0,,,,,,,,,,,,,,,,,,,
"std::enable_if<!T7, void>::type internal::gemvx::kernel<int, int, float, float, float, float, (bool)0, (bool)1, (bool)1, (bool)0, (int)8, (bool)0, cublasGemvParamsEx<int, cublasGemvTensorStridedBatched<const float>, cublasGemvTensorStridedBatched<const float>, cublasGemvTensorStridedBatched<float>, float>>(T13)",2.041,2026-09-11T18:05:41.241141,"32,1,1","16,16,1",159,1088,0,1088,,,,,,,,,,,,,,,,,,,
badd_f32,1.18,2026-09-11T18:05:41.241155,"1,1,1","1024,1,1",38,0,0,0,,,,,,,,,,,,,,,,,,,
urelu_f32,1.084,2026-09-11T18:05:41.241170,"1,1,1","1024,1,1",24,0,0,0,,,,,,,,,,,,,,,,,,,
"void gemv2T_kernel_val<int, int, float, float, float, float, (int)128, (int)16, (int)4, (int)4, (bool)0, (bool)0, cublasGemvParamsEx<int, cublasGemvTensorStridedBatched<const float>, cublasGemvTensorStridedBatched<const float>, cublasGemvTensorStridedBatched<float>, float>>(T13, T6, T6)",3.794,2026-09-11T18:05:41.241185,"512,1,1","128,1,1",59,2560,2560,0,,,,,,,,,,,,,,,,,,,
badd_f32,1.212,2026-09-11T18:05:41.241199,"4,1,1","1024,1,1",38,0,0,0,,,,,,,,,,,,,,,,,,,
copy2d_f32,1.084,2026-09-11T18:05:41.241212,"1,1,1","1024,1,1",16,0,0,0,,,,,,,,,,,,,,,,,,,
copy2d_f32,1.085,2026-09-11T18:05:41.241226,"1,1,1","1024,1,1",16,0,0,0,,,,,,,,,,,,,,,,,,,
copy2d_f32,1.052,2026-09-11T18:05:41.241240,"1,1,1","1024,1,1",16,0,0,0,,,,,,,,,,,,,,,,,,,
copy2d_f32,1.148,2026-09-11T18:05:41.241254,"1,1,1","1024,1,1",16,0,0,0,,,,,,,,,,,,,,,,,,,
copy2d_f32,1.179,2026-09-11T18:05:41.241267,"4,1,1","1024,1,1",16,0,0,0,,,,,,,,,,,,,,,,,,,
im2col_f32,2.264,2026-09-11T18:05:41.241281,"7,1,1","1024,1,1",36,0,0,0,,,,,,,,,,,,,,,,,,,
ampere_sgemm_32x32_sliced1x4_tn,3.444,2026-09-11T18:05:41.241295,"1,24,9","128,1,1",86,32768,32768,0,,,,,,,,,,,,,,,,,,,
"void cublasLt::splitKreduce_kernel<(int)32, (int)16, int, float, float, float, float, (bool)0, float, float, float, (bool)1, (bool)0, (bool)0>(cublasLt::cublasSplitKParams<T6>, const T4 *, const T10 *, T9 *, T5 *, const T6 *, const T6 *, const T11 *, const T4 *, T11 *, void *, long, T6 *, int *, T6 *, T6 *, const T6 *, const T6 *, const T6 *, const T6 *, const T6 *)",1.499,2026-09-11T18:05:41.241308,"1,48,1","32,16,1",44,0,0,0,,,,,,,,,,,,,,,,,,,
ucopy_f32,2.359,2026-09-11T18:05:41.241326,"6,1,1","1024,1,1",24,0,0,0,,,,,,,,,,,,,,,,,,,
badd_f32,2.71,2026-09-11T18:05:41.241340,"6,1,1","1024,1,1",38,0,0,0,,,,,,,,,,,,,,,,,,,
urelu_f32,1.212,2026-09-11T18:05:41.241353,"6,1,1","1024,1,1",24,0,0,0,,,,,,,,,,,,,,,,,,,
im2col_f32,2.487,2026-09-11T18:05:41.241367,"14,1,1","1024,1,1",36,0,0,0,,,,,,,,,,,,,,,,,,,
ampere_sgemm_32x32_sliced1x4_tn,3.316,2026-09-11T18:05:41.241381,"1,6,36","128,1,1",86,32768,32768,0,,,,,,,,,,,,,,,,,,,
"void cublasLt::splitKreduce_kernel<(int)32, (int)16, int, float, float, float, float, (bool)0, float, float, float, (bool)1, (bool)0, (bool)0>(cublasLt::cublasSplitKParams<T6>, const T4 *, const T10 *, T9 *, T5 *, const T6 *, const T6 *, const T11 *, const T4 *, T11 *, void *, long, T6 *, int *, T6 *, T6 *, const T6 *, const T6 *, const T6 *, const T6 *, const T6 *)",1.913,2026-09-11T18:05:41.241395,"1,12,1","32,16,1",44,0,0,0,,,,,,,,,,,,,,,,,,,
ucopy_f32,2.359,2026-09-11T18:05:41.241410,"3,1,1","1024,1,1",24,0,0,0,,,,,,,,,,,,,,,,,,,
badd_f32,2.742,2026-09-11T18:05:41.241424,"3,1,1","1024,1,1",38,0,0,0,,,,,,,,,,,,,,,,,,,
urelu_f32,1.212,2026-09-11T18:05:41.241438,"3,1,1","1024,1,1",24,0,0,0,,,,,,,,,,,,,,,,,,,
im2col_f32,2.423,2026-09-11T18:05:41.241451,"7,1,1","1024,1,1",36,0,0,0,,,,,,,,,,,,,,,,,,,
ampere_sgemm_32x32_sliced1x4_tn,3.315,2026-09-11T18:05:41.241468,"1,2,72","128,1,1",86,32768,32768,0,,,,,,,,,,,,,,,,,,,
"void cublasLt::splitKreduce_kernel<(int)32, (int)16, int, float, float, float, float, (bool)0, float, float, float, (bool)1, (bool)0, (bool)0>(cublasLt::cublasSplitKParams<T6>, const T4 *, const T10 *, T9 *, T5 *, const T6 *, const T6 *, const T11 *, const T4 *, T11 *, void *, long, T6 *, int *, T6 *, T6 *, const T6 *, const T6 *, const T6 *, const T6 *, const T6 *)",3.157,2026-09-11T18:05:41.241485,"1,3,1","32,16,1",44,0,0,0,,,,,,,,,,,,,,,,,,,
ucopy_f32,2.487,2026-09-11T18:05:41.241500,"2,1,1","1024,1,1",24,0,0,0,,,,,,,,,,,,,,,,,,,
badd_f32,2.678,2026-09-11T18:05:41.241514,"2,1,1","1024,1,1",38,0,0,0,,,,,,,,,,,,,,,,,,,
urelu_f32,1.148,2026-09-11T18:05:41.241528,"2,1,1","1024,1,1",24,0,0,0,,,,,,,,,,,,,,,,,,,
"std::enable_if<!T7, void>::type internal::gemvx::kernel<int, int, float, float, float, float, (bool)0, (bool)1, (bool)1, (bool)0, (int)7, (bool)0, cublasGemvParamsEx<int, cublasGemvTensorStridedBatched<const float>, cublasGemvTensorStridedBatched<const float>, cublasGemvTensorStridedBatched<float>, float>>(T13)",2.902,2026-09-11T18:05:41.241542,"32,1,1","32,4,1",159,528,0,528,,,,,,,,,,,,,,,,,,,
badd_f32,1.116,2026-09-11T18:05:41.241555,"1,1,1","1024,1,1",38,0,0,0,,,,,,,,,,,,,,,,,,,
urelu_f32,1.084,2026-09-11T18:05:41.241570,"1,1,1","1024,1,1",24,0,0,0,,,,,,,,,,,,,,,,,,,
im2col1d_f32,2.04,2026-09-11T18:05:41.241584,"1,1,1","1024,1,1",40,0,0,0,,,,,,,,,,,,,,,,,,,
ampere_sgemm_32x32_sliced1x4_tn,2.773,2026-09-11T18:05:41.241597,"1,12,6","128,1,1",86,32768,32768,0,,,,,,,,,,,,,,,,,,,
"void cublasLt::splitKreduce_kernel<(int)32, (int)16, int, float, float, float, float, (bool)0, float, float, float, (bool)1, (bool)0, (bool)0>(cublasLt::cublasSplitKParams<T6>, const T4 *, const T10 *, T9 *, T5 *, const T6 *, const T6 *, const T11 *, const T4 *, T11 *, void *, long, T6 *, int *, T6 *, T6 *, const T6 *, const T6 *, const T6 *, const T6 *, const T6 *)",1.594,2026-09-11T18:05:41.241610,"1,23,1","32,16,1",44,0,0,0,,,,,,,,,,,,,,,,,,,
ucopy_f32,2.104,2026-09-11T18:05:41.241623,"3,1,1","1024,1,1",24,0,0,0,,,,,,,,,,,,,,,,,,,
badd_f32,2.487,2026-09-11T18:05:41.241637,"3,1,1","1024,1,1",38,0,0,0,,,,,,,,,,,,,,,,,,,
urelu_f32,1.179,2026-09-11T18:05:41.241651,"3,1,1","1024,1,1",24,0,0,0,,,,,,,,,,,,,,,,,,,
im2col1d_f32,2.295,2026-09-11T18:05:41.241664,"2,1,1","1024,1,1",40,0,0,0,,,,,,,,,,,,,,,,,,,
ampere_sgemm_32x32_sliced1x4_tn,3.412,2026-09-11T18:05:41.241679,"1,6,24","128,1,1",86,32768,32768,0,,,,,,,,,,,,,,,,,,,
"void cublasLt::splitKreduce_kernel<(int)32, (int)16, int, float, float, float, float, (bool)0, float, float, float, (bool)1, (bool)0, (bool)0>(cublasLt::cublasSplitKParams<T6>, const T4 *, const T10 *, T9 *, T5 *, const T6 *, const T6 *, const T11 *, const T4 *, T11 *, void *, long, T6 *, int *, T6 *, T6 *, const T6 *, const T6 *, const T6 *, const T6 *, const T6 *)",1.626,2026-09-11T18:05:41.241693,"1,12,1","32,16,1",44,0,0,0,,,,,,,,,,,,,,,,,,,
ucopy_f32,2.137,2026-09-11T18:05:41.241706,"3,1,1","1024,1,1",24,0,0,0,,,,,,,,,,,,,,,,,,,
badd_f32,2.487,2026-09-11T18:05:41.241720,"3,1,1","1024,1,1",38,0,0,0,,,,,,,,,,,,,,,,,,,
urelu_f32,1.148,2026-09-11T18:05:41.241733,"3,1,1","1024,1,1",24,0,0,0,,,,,,,,,,,,,,,,,,,
im2col1d_f32,2.296,2026-09-11T18:05:41.241780,"2,1,1","1024,1,1",40,0,0,0,,,,,,,,,,,,,,,,,,,
ampere_sgemm_32x32_sliced1x4_tn,3.348,2026-09-11T18:05:41.241813,"1,3,48","128,1,1",86,32768,32768,0,,,,,,,,,,,,,,,,,,,
"void cublasLt::splitKreduce_kernel<(int)32, (int)16, int, float, float, float, float, (bool)0, float, float, float, (bool)1, (bool)0, (bool)0>(cublasLt::cublasSplitKParams<T6>, const T4 *, const T10 *, T9 *, T5 *, const T6 *, const T6 *, const T11 *, const T4 *, T11 *, void *, long, T6 *, int *, T6 *, T6 *, const T6 *, const T6 *, const T6 *, const T6 *, const T6 *)",2.519,2026-09-11T18:05:41.241832,"1,6,1","32,16,1",44,0,0,0,,,,,,,,,,,,,,,,,,,
ucopy_f32,2.263,2026-09-11T18:05:41.241846,"3,1,1","1024,1,1",24,0,0,0,,,,,,,,,,,,,,,,,,,
badd_f32,2.455,2026-09-11T18:05:41.241859,"3,1,1","1024,1,1",38,0,0,0,,,,,,,,,,,,,,,,,,,
urelu_f32,1.116,2026-09-11T18:05:41.241872,"3,1,1","1024,1,1",24,0,0,0,,,,,,,,,,,,,,,,,,,
"void dot_kernel<float, (int)128, (int)0, cublasDotParams<cublasGemvTensorStridedBatched<const float>, cublasGemvTensorStridedBatched<float>>>(T4)",2.678,2026-09-11T18:05:41.241902,"18,1,96","128,1,1",28,512,512,0,,,,,,,,,,,,,,,,,,,
"void reduce_1Block_kernel<float, (int)128, (int)7, cublasGemvTensorStridedBatched<float>, cublasGemvTensorStridedBatched<const float>, cublasGemvTensorStridedBatched<float>>(const T1 *, T1, T4, int, const T1 *, T1, T5, T6, cublasPointerMode_t, cublasLtEpilogue_t, cublasGemvTensorStridedBatched<const biasType<T6::value_type, T1>::type>)",1.307,2026-09-11T18:05:41.241922,"1,1,96","128,1,1",28,768,768,0,,,,,,,,,,,,,,,,,,,
badd_f32,1.116,2026-09-11T18:05:41.241942,"1,1,1","1024,1,1",38,0,0,0,,,,,,,,,,,,,,,,,,,
urelu_f32,1.084,2026-09-11T18:05:41.241957,"1,1,1","1024,1,1",24,0,0,0,,,,,,,,,,,,,,,,,,,
"std::enable_if<!T7, void>::type internal::gemvx::kernel<int, int, float, float, float, float, (bool)0, (bool)1, (bool)1, (bool)0, (int)6, (bool)0, cublasGemvParamsEx<int, cublasGemvTensorStridedBatched<const float>, cublasGemvTensorStridedBatched<const float>, cublasGemvTensorStridedBatched<float>, float>>(T13)",1.658,2026-09-11T18:05:41.241972,"2,1,1","4,16,1",166,320,0,320,,,,,,,,,,,,,,,,,,,
badd_f32,1.116,2026-09-11T18:05:41.241986,"1,1,1","1024,1,1",38,0,0,0,,,,,,,,,,,,,,,,,,,
urelu_f32,1.053,2026-09-11T18:05:41.241999,"1,1,1","1024,1,1",24,0,0,0,,,,,,,,,,,,,,,,,,,
copy2d_f32,1.084,2026-09-11T18:05:41.242012,"1,1,1","1024,1,1",16,0,0,0,,,,,,,,,,,,,,,,,,,
copy2d_f32,1.052,2026-09-11T18:05:41.242026,"1,1,1","1024,1,1",16,0,0,0,,,,,,,,,,,,,,,,,,,
copy2d_f32,1.052,2026-09-11T18:05:41.242039,"1,1,1","1024,1,1",16,0,0,0,,,,,,,,,,,,,,,,,,,
layernorm_f32,2.615,2026-09-11T18:05:41.242053,"1,1,1","32,1,1",28,256,256,0,,,,,,,,,,,,,,,,,,,
copy2d_f32,1.084,2026-09-11T18:05:41.242066,"1,1,1","1024,1,1",16,0,0,0,,,,,,,,,,,,,,,,,,,
copy2d_f32,1.084,2026-09-11T18:05:41.242079,"1,1,1","1024,1,1",16,0,0,0,,,,,,,,,,,,,,,,,,,
copy2d_f32,1.084,2026-09-11T18:05:41.242092,"1,1,1","1024,1,1",16,0,0,0,,,,,,,,,,,,,,,,,,,
"std::enable_if<!T7, void>::type internal::gemvx::kernel<int, int, float, float, float, float, (bool)0, (bool)1, (bool)1, (bool)0, (int)8, (bool)0, cublasGemvParamsEx<int, cublasGemvTensorStridedBatched<const float>, cublasGemvTensorStridedBatched<const float>, cublasGemvTensorStridedBatched<float>, float>>(T13)",2.168,2026-09-11T18:05:41.242107,"32,1,1","16,16,1",159,1088,0,1088,,,,,,,,,,,,,,,,,,,
badd_f32,1.148,2026-09-11T18:05:41.242122,"1,1,1","1024,1,1",38,0,0,0,,,,,,,,,,,,,,,,,,,
urelu_f32,1.116,2026-09-11T18:05:41.242135,"1,1,1","1024,1,1",24,0,0,0,,,,,,,,,,,,,,,,,,,
"void gemv2T_kernel_val<int, int, float, float, float, float, (int)128, (int)16, (int)2, (int)2, (bool)0, (bool)0, cublasGemvParamsEx<int, cublasGemvTensorStridedBatched<const float>, cublasGemvTensorStridedBatched<const float>, cublasGemvTensorStridedBatched<float>, float>>(T13, T6, T6)",2.423,2026-09-11T18:05:41.242149,"64,1,1","128,1,1",47,1536,1536,0,,,,,,,,,,,,,,,,,,,
badd_f32,1.148,2026-09-11T18:05:41.242164,"1,1,1","1024,1,1",38,0,0,0,,,,,,,,,,,,,,,,,,,
bmaximum_f32,2.009,2026-09-11T18:05:41.242177,"1,1,1","1024,1,1",38,0,0,0,,,,,,,,,,,,,,,,,,,
bminimum_f32,2.009,2026-09-11T18:05:41.242191,"1,1,1","1024,1,1",38,0,0,0,,,,,,,,,,,,,,,,,,,
"std::enable_if<!T7, void>::type internal::gemvx::kernel<int, int, float, float, float, float, (bool)0, (bool)1, (bool)1, (bool)0, (int)8, (bool)0, cublasGemvParamsEx<int, cublasGemvTensorStridedBatched<const float>, cublasGemvTensorStridedBatched<const float>, cublasGemvTensorStridedBatched<float>, float>>(T13)",2.773,2026-09-11T18:05:41.242204,"64,1,1","16,16,1",159,1088,0,1088,,,,,,,,,,,,,,,,,,,
badd_f32,1.211,2026-09-11T18:05:41.242217,"1,1,1","1024,1,1",38,0,0,0,,,,,,,,,,,,,,,,,,,
"std::enable_if<!T7, void>::type internal::gemvx::kernel<int, int, float, float, float, float, (bool)0, (bool)1, (bool)1, (bool)0, (int)8, (bool)0, cublasGemvParamsEx<int, cublasGemvTensorStridedBatched<const float>, cublasGemvTensorStridedBatched<const float>, cublasGemvTensorStridedBatched<float>, float>>(T13)",2.327,2026-09-11T18:05:41.242230,"32,1,1","16,16,1",159,1088,0,1088,,,,,,,,,,,,,,,,,,,
badd_f32,1.179,2026-09-11T18:05:41.242254,"1,1,1","1024,1,1",38,0,0,0,,,,,,,,,,,,,,,,,,,
urelu_f32,1.116,2026-09-11T18:05:41.242268,"1,1,1","1024,1,1",24,0,0,0,,,,,,,,,,,,,,,,,,,
"void gemv2T_kernel_val<int, int, float, float, float, float, (int)128, (int)16, (int)4, (int)4, (bool)0, (bool)0, cublasGemvParamsEx<int, cublasGemvTensorStridedBatched<const float>, cublasGemvTensorStridedBatched<const float>, cublasGemvTensorStridedBatched<float>, float>>(T13, T6, T6)",3.794,2026-09-11T18:05:41.242282,"512,1,1","128,1,1",59,2560,2560,0,,,,,,,,,,,,,,,,,,,
badd_f32,1.212,2026-09-11T18:05:41.242297,"4,1,1","1024,1,1",38,0,0,0,,,,,,,,,,,,,,,,,,,
copy2d_f32,1.085,2026-09-11T18:05:41.242310,"1,1,1","1024,1,1",16,0,0,0,,,,,,,,,,,,,,,,,,,
copy2d_f32,1.052,2026-09-11T18:05:41.242323,"1,1,1","1024,1,1",16,0,0,0,,,,,,,,,,,,,,,,,,,
copy2d_f32,1.084,2026-09-11T18:05:41.242336,"1,1,1","1024,1,1",16,0,0,0,,,,,,,,,,,,,,,,,,,
copy2d_f32,1.148,2026-09-11T18:05:41.242349,"1,1,1","1024,1,1",16,0,0,0,,,,,,,,,,,,,,,,,,,
copy2d_f32,1.179,2026-09-11T18:05:41.242363,"4,1,1","1024,1,1",16,0,0,0,,,,,,,,,,,,,,,,,,,
im2col_f32,2.263,2026-09-11T18:05:41.242376,"7,1,1","1024,1,1",36,0,0,0,,,,,,,,,,,,,,,,,,,
ampere_sgemm_32x32_sliced1x4_tn,3.443,2026-09-11T18:05:41.242389,"1,24,9","128,1,1",86,32768,32768,0,,,,,,,,,,,,,,,,,,,
"void cublasLt::splitKreduce_kernel<(int)32, (int)16, int, float, float, float, float, (bool)0, float, float, float, (bool)1, (bool)0, (bool)0>(cublasLt::cublasSplitKParams<T6>, const T4 *, const T10 *, T9 *, T5 *, const T6 *, const T6 *, const T11 *, const T4 *, T11 *, void *, long, T6 *, int *, T6 *, T6 *, const T6 *, const T6 *, const T6 *, const T6 *, const T6 *)",1.499,2026-09-11T18:05:41.242402,"1,48,1","32,16,1",44,0,0,0,,,,,,,,,,,,,,,,,,,
ucopy_f32,2.391,2026-09-11T18:05:41.242415,"6,1,1","1024,1,1",24,0,0,0,,,,,,,,,,,,,,,,,,,
badd_f32,2.678,2026-09-11T18:05:41.242428,"6,1,1","1024,1,1",38,0,0,0,,,,,,,,,,,,,,,,,,,
urelu_f32,1.212,2026-09-11T18:05:41.242441,"6,1,1","1024,1,1",24,0,0,0,,,,,,,,,,,,,,,,,,,
im2col_f32,2.328,2026-09-11T18:05:41.242455,"14,1,1","1024,1,1",36,0,0,0,,,,,,,,,,,,,,,,,,,
ampere_sgemm_32x32_sliced1x4_tn,3.284,2026-09-11T18:05:41.242469,"1,6,36","128,1,1",86,32768,32768,0,,,,,,,,,,,,,,,,,,,
"void cublasLt::splitKreduce_kernel<(int)32, (int)16, int, float, float, float, float, (bool)0, float, float, float, (bool)1, (bool)0, (bool)0>(cublasLt::cublasSplitKParams<T6>, const T4 *, const T10 *, T9 *, T5 *, const T6 *, const T6 *, const T11 *, const T4 *, T11 *, void *, long, T6 *, int *, T6 *, T6 *, const T6 *, const T6 *, const T6 *, const T6 *, const T6 *)",1.881,2026-09-11T18:05:41.242482,"1,12,1","32,16,1",44,0,0,0,,,,,,,,,,,,,,,,,,,
ucopy_f32,2.359,2026-09-11T18:05:41.242496,"3,1,1","1024,1,1",24,0,0,0,,,,,,,,,,,,,,,,,,,
badd_f32,2.646,2026-09-11T18:05:41.242509,"3,1,1","1024,1,1",38,0,0,0,,,,,,,,,,,,,,,,,,,
urelu_f32,1.148,2026-09-11T18:05:41.242529,"3,1,1","1024,1,1",24,0,0,0,,,,,,,,,,,,,,,,,,,
im2col_f32,2.295,2026-09-11T18:05:41.242545,"7,1,1","1024,1,1",36,0,0,0,,,,,,,,,,,,,,,,,,,
ampere_sgemm_32x32_sliced1x4_tn,3.252,2026-09-11T18:05:41.242558,"1,2,72","128,1,1",86,32768,32768,0,,,,,,,,,,,,,,,,,,,
"void cublasLt::splitKreduce_kernel<(int)32, (int)16, int, float, float, float, float, (bool)0, float, float, float, (bool)1, (bool)0, (bool)0>(cublasLt::cublasSplitKParams<T6>, const T4 *, const T10 *, T9 *, T5 *, const T6 *, const T6 *, const T11 *, const T4 *, T11 *, void *, long, T6 *, int *, T6 *, T6 *, const T6 *, const T6 *, const T6 *, const T6 *, const T6 *)",3.156,2026-09-11T18:05:41.242572,"1,3,1","32,16,1",44,0,0,0,,,,,,,,,,,,,,,,,,,
ucopy_f32,2.487,2026-09-11T18:05:41.242585,"2,1,1","1024,1,1",24,0,0,0,,,,,,,,,,,,,,,,,,,
badd_f32,2.71,2026-09-11T18:05:41.242597,"2,1,1","1024,1,1",38,0,0,0,,,,,,,,,,,,,,,,,,,
urelu_f32,1.18,2026-09-11T18:05:41.242628,"2,1,1","1024,1,1",24,0,0,0,,,,,,,,,,,,,,,,,,,
"std::enable_if<!T7, void>::type internal::gemvx::kernel<int, int, float, float, float, float, (bool)0, (bool)1, (bool)1, (bool)0, (int)7, (bool)0, cublasGemvParamsEx<int, cublasGemvTensorStridedBatched<const float>, cublasGemvTensorStridedBatched<const float>, cublasGemvTensorStridedBatched<float>, float>>(T13)",2.36,2026-09-11T18:05:41.242645,"32,1,1","32,4,1",159,528,0,528,,,,,,,,,,,,,,,,,,,
badd_f32,1.115,2026-09-11T18:05:41.242659,"1,1,1","1024,1,1",38,0,0,0,,,,,,,,,,,,,,,,,,,
urelu_f32,1.116,2026-09-11T18:05:41.242673,"1,1,1","1024,1,1",24,0,0,0,,,,,,,,,,,,,,,,,,,
im2col1d_f32,2.04,2026-09-11T18:05:41.242687,"1,1,1","1024,1,1",40,0,0,0,,,,,,,,,,,,,,,,,,,
ampere_sgemm_32x32_sliced1x4_tn,2.774,2026-09-11T18:05:41.242701,"1,12,6","128,1,1",86,32768,32768,0,,,,,,,,,,,,,,,,,,,
"void cublasLt::splitKreduce_kernel<(int)32, (int)16, int, float, float, float, float, (bool)0, float, float, float, (bool)1, (bool)0, (bool)0>(cublasLt::cublasSplitKParams<T6>, const T4 *, const T10 *, T9 *, T5 *, const T6 *, const T6 *, const T11 *, const T4 *, T11 *, void *, long, T6 *, int *, T6 *, T6 *, const T6 *, const T6 *, const T6 *, const T6 *, const T6 *)",1.53,2026-09-11T18:05:41.242715,"1,23,1","32,16,1",44,0,0,0,,,,,,,,,,,,,,,,,,,
ucopy_f32,2.136,2026-09-11T18:05:41.242728,"3,1,1","1024,1,1",24,0,0,0,,,,,,,,,,,,,,,,,,,
badd_f32,2.519,2026-09-11T18:05:41.242742,"3,1,1","1024,1,1",38,0,0,0,,,,,,,,,,,,,,,,,,,
urelu_f32,1.148,2026-09-11T18:05:41.242755,"3,1,1","1024,1,1",24,0,0,0,,,,,,,,,,,,,,,,,,,
im2col1d_f32,2.264,2026-09-11T18:05:41.242768,"2,1,1","1024,1,1",40,0,0,0,,,,,,,,,,,,,,,,,,,
ampere_sgemm_32x32_sliced1x4_tn,3.412,2026-09-11T18:05:41.242781,"1,6,24","128,1,1",86,32768,32768,0,,,,,,,,,,,,,,,,,,,
"void cublasLt::splitKreduce_kernel<(int)32, (int)16, int, float, float, float, float, (bool)0, float, float, float, (bool)1, (bool)0, (bool)0>(cublasLt::cublasSplitKParams<T6>, const T4 *, const T10 *, T9 *, T5 *, const T6 *, const T6 *, const T11 *, const T4 *, T11 *, void *, long, T6 *, int *, T6 *, T6 *, const T6 *, const T6 *, const T6 *, const T6 *, const T6 *)",1.657,2026-09-11T18:05:41.242794,"1,12,1","32,16,1",44,0,0,0,,,,,,,,,,,,,,,,,,,
ucopy_f32,2.136,2026-09-11T18:05:41.242807,"3,1,1","1024,1,1",24,0,0,0,,,,,,,,,,,,,,,,,,,
badd_f32,2.455,2026-09-11T18:05:41.242820,"3,1,1","1024,1,1",38,0,0,0,,,,,,,,,,,,,,,,,,,
urelu_f32,1.179,2026-09-11T18:05:41.242833,"3,1,1","1024,1,1",24,0,0,0,,,,,,,,,,,,,,,,,,,
im2col1d_f32,2.231,2026-09-11T18:05:41.242847,"2,1,1","1024,1,1",40,0,0,0,,,,,,,,,,,,,,,,,,,
ampere_sgemm_32x32_sliced1x4_tn,3.316,2026-09-11T18:05:41.242861,"1,3,48","128,1,1",86,32768,32768,0,,,,,,,,,,,,,,,,,,,
"void cublasLt::splitKreduce_kernel<(int)32, (int)16, int, float, float, float, float, (bool)0, float, float, float, (bool)1, (bool)0, (bool)0>(cublasLt::cublasSplitKParams<T6>, const T4 *, const T10 *, T9 *, T5 *, const T6 *, const T6 *, const T11 *, const T4 *, T11 *, void *, long, T6 *, int *, T6 *, T6 *, const T6 *, const T6 *, const T6 *, const T6 *, const T6 *)",2.519,2026-09-11T18:05:41.242874,"1,6,1","32,16,1",44,0,0,0,,,,,,,,,,,,,,,,,,,
ucopy_f32,2.359,2026-09-11T18:05:41.242887,"3,1,1","1024,1,1",24,0,0,0,,,,,,,,,,,,,,,,,,,
badd_f32,2.423,2026-09-11T18:05:41.242899,"3,1,1","1024,1,1",38,0,0,0,,,,,,,,,,,,,,,,,,,
urelu_f32,1.148,2026-09-11T18:05:41.242913,"3,1,1","1024,1,1",24,0,0,0,,,,,,,,,,,,,,,,,,,
"void dot_kernel<float, (int)128, (int)0, cublasDotParams<cublasGemvTensorStridedBatched<const float>, cublasGemvTensorStridedBatched<float>>>(T4)",2.71,2026-09-11T18:05:41.242926,"18,1,96","128,1,1",28,512,512,0,,,,,,,,,,,,,,,,,,,
"void reduce_1Block_kernel<float, (int)128, (int)7, cublasGemvTensorStridedBatched<float>, cublasGemvTensorStridedBatched<const float>, cublasGemvTensorStridedBatched<float>>(const T1 *, T1, T4, int, const T1 *, T1, T5, T6, cublasPointerMode_t, cublasLtEpilogue_t, cublasGemvTensorStridedBatched<const biasType<T6::value_type, T1>::type>)",1.307,2026-09-11T18:05:41.242939,"1,1,96","128,1,1",28,768,768,0,,,,,,,,,,,,,,,,,,,
badd_f32,1.18,2026-09-11T18:05:41.242955,"1,1,1","1024,1,1",38,0,0,0,,,,,,,,,,,,,,,,,,,
urelu_f32,1.148,2026-09-11T18:05:41.242968,"1,1,1","1024,1,1",24,0,0,0,,,,,,,,,,,,,,,,,,,
"std::enable_if<!T7, void>::type internal::gemvx::kernel<int, int, float, float, float, float, (bool)0, (bool)1, (bool)1, (bool)0, (int)6, (bool)0, cublasGemvParamsEx<int, cublasGemvTensorStridedBatched<const float>, cublasGemvTensorStridedBatched<const float>, cublasGemvTensorStridedBatched<float>, float>>(T13)",1.626,2026-09-11T18:05:41.242981,"2,1,1","4,16,1",166,320,0,320,,,,,,,,,,,,,,,,,,,
badd_f32,1.212,2026-09-11T18:05:41.242995,"1,1,1","1024,1,1",38,0,0,0,,,,,,,,,,,,,,,,,,,
urelu_f32,1.148,2026-09-11T18:05:41.243009,"1,1,1","1024,1,1",24,0,0,0,,,,,,,,,,,,,,,,,,,
copy2d_f32,1.116,2026-09-11T18:05:41.243022,"1,1,1","1024,1,1",16,0,0,0,,,,,,,,,,,,,,,,,,,
copy2d_f32,1.052,2026-09-11T18:05:41.243035,"1,1,1","1024,1,1",16,0,0,0,,,,,,,,,,,,,,,,,,,
copy2d_f32,1.053,2026-09-11T18:05:41.243048,"1,1,1","1024,1,1",16,0,0,0,,,,,,,,,,,,,,,,,,,
layernorm_f32,2.614,2026-09-11T18:05:41.243062,"1,1,1","32,1,1",28,256,256,0,,,,,,,,,,,,,,,,,,,
copy2d_f32,1.084,2026-09-11T18:05:41.243075,"1,1,1","1024,1,1",16,0,0,0,,,,,,,,,,,,,,,,,,,
copy2d_f32,1.052,2026-09-11T18:05:41.243088,"1,1,1","1024,1,1",16,0,0,0,,,,,,,,,,,,,,,,,,,
copy2d_f32,1.053,2026-09-11T18:05:41.243101,"1,1,1","1024,1,1",16,0,0,0,,,,,,,,,,,,,,,,,,,
"std::enable_if<!T7, void>::type internal::gemvx::kernel<int, int, float, float, float, float, (bool)0, (bool)1, (bool)1, (bool)0, (int)8, (bool)0, cublasGemvParamsEx<int, cublasGemvTensorStridedBatched<const float>, cublasGemvTensorStridedBatched<const float>, cublasGemvTensorStridedBatched<float>, float>>(T13)",2.71,2026-09-11T18:05:41.243114,"32,1,1","16,16,1",159,1088,0,1088,,,,,,,,,,,,,,,,,,,
badd_f32,1.148,2026-09-11T18:05:41.243127,"1,1,1","1024,1,1",38,0,0,0,,,,,,,,,,,,,,,,,,,
urelu_f32,1.116,2026-09-11T18:05:41.243139,"1,1,1","1024,1,1",24,0,0,0,,,,,,,,,,,,,,,,,,,
"void gemv2T_kernel_val<int, int, float, float, float, float, (int)128, (int)16, (int)2, (int)2, (bool)0, (bool)0, cublasGemvParamsEx<int, cublasGemvTensorStridedBatched<const float>, cublasGemvTensorStridedBatched<const float>, cublasGemvTensorStridedBatched<float>, float>>(T13, T6, T6)",2.519,2026-09-11T18:05:41.243153,"64,1,1","128,1,1",47,1536,1536,0,,,,,,,,,,,,,,,,,,,
badd_f32,1.147,2026-09-11T18:05:41.243165,"1,1,1","1024,1,1",38,0,0,0,,,,,,,,,,,,,,,,,,,
bmaximum_f32,2.008,2026-09-11T18:05:41.243179,"1,1,1","1024,1,1",38,0,0,0,,,,,,,,,,,,,,,,,,,
bminimum_f32,1.977,2026-09-11T18:05:41.243192,"1,1,1","1024,1,1",38,0,0,0,,,,,,,,,,,,,,,,,,,
"std::enable_if<!T7, void>::type internal::gemvx::kernel<int, int, float, float, float, float, (bool)0, (bool)1, (bool)1, (bool)0, (int)8, (bool)0, cublasGemvParamsEx<int, cublasGemvTensorStridedBatched<const float>, cublasGemvTensorStridedBatched<const float>, cublasGemvTensorStridedBatched<float>, float>>(T13)",2.869,2026-09-11T18:05:41.243213,"64,1,1","16,16,1",159,1088,0,1088,,,,,,,,,,,,,,,,,,,
badd_f32,1.212,2026-09-11T18:05:41.243230,"1,1,1","1024,1,1",38,0,0,0,,,,,,,,,,,,,,,,,,,
"std::enable_if<!T7, void>::type internal::gemvx::kernel<int, int, float, float, float, float, (bool)0, (bool)1, (bool)1, (bool)0, (int)8, (bool)0, cublasGemvParamsEx<int, cublasGemvTensorStridedBatched<const float>, cublasGemvTensorStridedBatched<const float>, cublasGemvTensorStridedBatched<float>, float>>(T13)",2.328,2026-09-11T18:05:41.243244,"32,1,1","16,16,1",159,1088,0,1088,,,,,,,,,,,,,,,,,,,
badd_f32,1.148,2026-09-11T18:05:41.243257,"1,1,1","1024,1,1",38,0,0,0,,,,,,,,,,,,,,,,,,,
urelu_f32,1.116,2026-09-11T18:05:41.243270,"1,1,1","1024,1,1",24,0,0,0,,,,,,,,,,,,,,,,,,,
"void gemv2T_kernel_val<int, int, float, float, float, float, (int)128, (int)16, (int)4, (int)4, (bool)0, (bool)0, cublasGemvParamsEx<int, cublasGemvTensorStridedBatched<const float>, cublasGemvTensorStridedBatched<const float>, cublasGemvTensorStridedBatched<float>, float>>(T13, T6, T6)",3.858,2026-09-11T18:05:41.243291,"512,1,1","128,1,1",59,2560,2560,0,,,,,,,,,,,,,,,,,,,
badd_f32,1.276,2026-09-11T18:05:41.243307,"4,1,1","1024,1,1",38,0,0,0,,,,,,,,,,,,,,,,,,,
copy2d_f32,1.116,2026-09-11T18:05:41.243320,"1,1,1","1024,1,1",16,0,0,0,,,,,,,,,,,,,,,,,,,
copy2d_f32,1.084,2026-09-11T18:05:41.243333,"1,1,1","1024,1,1",16,0,0,0,,,,,,,,,,,,,,,,,,,
copy2d_f32,1.084,2026-09-11T18:05:41.243346,"1,1,1","1024,1,1",16,0,0,0,,,,,,,,,,,,,,,,,,,
copy2d_f32,1.179,2026-09-11T18:05:41.243359,"1,1,1","1024,1,1",16,0,0,0,,,,,,,,,,,,,,,,,,,
copy2d_f32,1.148,2026-09-11T18:05:41.243375,"4,1,1","1024,1,1",16,0,0,0,,,,,,,,,,,,,,,,,,,
im2col_f32,2.296,2026-09-11T18:05:41.243388,"7,1,1","1024,1,1",36,0,0,0,,,,,,,,,,,,,,,,,,,
ampere_sgemm_32x32_sliced1x4_tn,3.475,2026-09-11T18:05:41.243402,"1,24,9","128,1,1",86,32768,32768,0,,,,,,,,,,,,,,,,,,,
"void cublasLt::splitKreduce_kernel<(int)32, (int)16, int, float, float, float, float, (bool)0, float, float, float, (bool)1, (bool)0, (bool)0>(cublasLt::cublasSplitKParams<T6>, const T4 *, const T10 *, T9 *, T5 *, const T6 *, const T6 *, const T11 *, const T4 *, T11 *, void *, long, T6 *, int *, T6 *, T6 *, const T6 *, const T6 *, const T6 *, const T6 *, const T6 *)",1.498,2026-09-11T18:05:41.243415,"1,48,1","32,16,1",44,0,0,0,,,,,,,,,,,,,,,,,,,
ucopy_f32,2.391,2026-09-11T18:05:41.243428,"6,1,1","1024,1,1",24,0,0,0,,,,,,,,,,,,,,,,,,,
badd_f32,2.741,2026-09-11T18:05:41.243440,"6,1,1","1024,1,1",38,0,0,0,,,,,,,,,,,,,,,,,,,
urelu_f32,1.212,2026-09-11T18:05:41.243454,"6,1,1","1024,1,1",24,0,0,0,,,,,,,,,,,,,,,,,,,
im2col_f32,2.359,2026-09-11T18:05:41.243467,"14,1,1","1024,1,1",36,0,0,0,,,,,,,,,,,,,,,,,,,
ampere_sgemm_32x32_sliced1x4_tn,3.315,2026-09-11T18:05:41.243480,"1,6,36","128,1,1",86,32768,32768,0,,,,,,,,,,,,,,,,,,,
"void cublasLt::splitKreduce_kernel<(int)32, (int)16, int, float, float, float, float, (bool)0, float, float, float, (bool)1, (bool)0, (bool)0>(cublasLt::cublasSplitKParams<T6>, const T4 *, const T10 *, T9 *, T5 *, const T6 *, const T6 *, const T11 *, const T4 *, T11 *, void *, long, T6 *, int *, T6 *, T6 *, const T6 *, const T6 *, const T6 *, const T6 *, const T6 *)",1.913,2026-09-11T18:05:41.243493,"1,12,1","32,16,1",44,0,0,0,,,,,,,,,,,,,,,,,,,
ucopy_f32,2.327,2026-09-11T18:05:41.243507,"3,1,1","1024,1,1",24,0,0,0,,,,,,,,,,,,,,,,,,,
badd_f32,2.678,2026-09-11T18:05:41.243521,"3,1,1","1024,1,1",38,0,0,0,,,,,,,,,,,,,,,,,,,
urelu_f32,1.148,2026-09-11T18:05:41.243534,"3,1,1","1024,1,1",24,0,0,0,,,,,,,,,,,,,,,,,,,
im2col_f32,2.296,2026-09-11T18:05:41.243548,"7,1,1","1024,1,1",36,0,0,0,,,,,,,,,,,,,,,,,,,
ampere_sgemm_32x32_sliced1x4_tn,3.252,2026-09-11T18:05:41.243562,"1,2,72","128,1,1",86,32768,32768,0,,,,,,,,,,,,,,,,,,,
"void cublasLt::splitKreduce_kernel<(int)32, (int)16, int, float, float, float, float, (bool)0, float, float, float, (bool)1, (bool)0, (bool)0>(cublasLt::cublasSplitKParams<T6>, const T4 *, const T10 *, T9 *, T5 *, const T6 *, const T6 *, const T11 *, const T4 *, T11 *, void *, long, T6 *, int *, T6 *, T6 *, const T6 *, const T6 *, const T6 *, const T6 *, const T6 *)",3.156,2026-09-11T18:05:41.243575,"1,3,1","32,16,1",44,0,0,0,,,,,,,,,,,,,,,,,,,
ucopy_f32,2.455,2026-09-11T18:05:41.243588,"2,1,1","1024,1,1",24,0,0,0,,,,,,,,,,,,,,,,,,,
badd_f32,2.646,2026-09-11T18:05:41.243601,"2,1,1","1024,1,1",38,0,0,0,,,,,,,,,,,,,,,,,,,
urelu_f32,1.18,2026-09-11T18:05:41.243614,"2,1,1","1024,1,1",24,0,0,0,,,,,,,,,,,,,,,,,,,
"std::enable_if<!T7, void>::type internal::gemvx::kernel<int, int, float, float, float, float, (bool)0, (bool)1, (bool)1, (bool)0, (int)7, (bool)0, cublasGemvParamsEx<int, cublasGemvTensorStridedBatched<const float>, cublasGemvTensorStridedBatched<const float>, cublasGemvTensorStridedBatched<float>, float>>(T13)",2.678,2026-09-11T18:05:41.243627,"32,1,1","32,4,1",159,528,0,528,,,,,,,,,,,,,,,,,,,
badd_f32,1.116,2026-09-11T18:05:41.243640,"1,1,1","1024,1,1",38,0,0,0,,,,,,,,,,,,,,,,,,,
urelu_f32,1.084,2026-09-11T18:05:41.243653,"1,1,1","1024,1,1",24,0,0,0,,,,,,,,,,,,,,,,,,,
im2col1d_f32,2.072,2026-09-11T18:05:41.243666,"1,1,1","1024,1,1",40,0,0,0,,,,,,,,,,,,,,,,,,,
ampere_sgemm_32x32_sliced1x4_tn,2.774,2026-09-11T18:05:41.243679,"1,12,6","128,1,1",86,32768,32768,0,,,,,,,,,,,,,,,,,,,
"void cublasLt::splitKreduce_kernel<(int)32, (int)16, int, float, float, float, float, (bool)0, float, float, float, (bool)1, (bool)0, (bool)0>(cublasLt::cublasSplitKParams<T6>, const T4 *, const T10 *, T9 *, T5 *, const T6 *, const T6 *, const T11 *, const T4 *, T11 *, void *, long, T6 *, int *, T6 *, T6 *, const T6 *, const T6 *, const T6 *, const T6 *, const T6 *)",1.498,2026-09-11T18:05:41.243692,"1,23,1","32,16,1",44,0,0,0,,,,,,,,,,,,,,,,,,,
ucopy_f32,2.073,2026-09-11T18:05:41.243706,"3,1,1","1024,1,1",24,0,0,0,,,,,,,,,,,,,,,,,,,
badd_f32,2.455,2026-09-11T18:05:41.243719,"3,1,1","1024,1,1",38,0,0,0,,,,,,,,,,,,,,,,,,,
urelu_f32,1.148,2026-09-11T18:05:41.243732,"3,1,1","1024,1,1",24,0,0,0,,,,,,,,,,,,,,,,,,,
im2col1d_f32,2.232,2026-09-11T18:05:41.243745,"2,1,1","1024,1,1",40,0,0,0,,,,,,,,,,,,,,,,,,,
ampere_sgemm_32x32_sliced1x4_tn,3.38,2026-09-11T18:05:41.243759,"1,6,24","128,1,1",86,32768,32768,0,,,,,,,,,,,,,,,,,,,
"void cublasLt::splitKreduce_kernel<(int)32, (int)16, int, float, float, float, float, (bool)0, float, float, float, (bool)1, (bool)0, (bool)0>(cublasLt::cublasSplitKParams<T6>, const T4 *, const T10 *, T9 *, T5 *, const T6 *, const T6 *, const T11 *, const T4 *, T11 *, void *, long, T6 *, int *, T6 *, T6 *, const T6 *, const T6 *, const T6 *, const T6 *, const T6 *)",1.626,2026-09-11T18:05:41.243772,"1,12,1","32,16,1",44,0,0,0,,,,,,,,,,,,,,,,,,,
ucopy_f32,2.136,2026-09-11T18:05:41.243785,"3,1,1","1024,1,1",24,0,0,0,,,,,,,,,,,,,,,,,,,
badd_f32,2.391,2026-09-11T18:05:41.243798,"3,1,1","1024,1,1",38,0,0,0,,,,,,,,,,,,,,,,,,,
urelu_f32,1.148,2026-09-11T18:05:41.243810,"3,1,1","1024,1,1",24,0,0,0,,,,,,,,,,,,,,,,,,,
im2col1d_f32,2.295,2026-09-11T18:05:41.243823,"2,1,1","1024,1,1",40,0,0,0,,,,,,,,,,,,,,,,,,,
ampere_sgemm_32x32_sliced1x4_tn,3.316,2026-09-11T18:05:41.243836,"1,3,48","128,1,1",86,32768,32768,0,,,,,,,,,,,,,,,,,,,
"void cublasLt::splitKreduce_kernel<(int)32, (int)16, int, float, float, float, float, (bool)0, float, float, float, (bool)1, (bool)0, (bool)0>(cublasLt::cublasSplitKParams<T6>, const T4 *, const T10 *, T9 *, T5 *, const T6 *, const T6 *, const T11 *, const T4 *, T11 *, void *, long, T6 *, int *, T6 *, T6 *, const T6 *, const T6 *, const T6 *, const T6 *, const T6 *)",2.518,2026-09-11T18:05:41.243849,"1,6,1","32,16,1",44,0,0,0,,,,,,,,,,,,,,,,,,,
ucopy_f32,2.327,2026-09-11T18:05:41.243862,"3,1,1","1024,1,1",24,0,0,0,,,,,,,,,,,,,,,,,,,
badd_f32,2.423,2026-09-11T18:05:41.243877,"3,1,1","1024,1,1",38,0,0,0,,,,,,,,,,,,,,,,,,,
urelu_f32,1.148,2026-09-11T18:05:41.243912,"3,1,1","1024,1,1",24,0,0,0,,,,,,,,,,,,,,,,,,,
"void dot_kernel<float, (int)128, (int)0, cublasDotParams<cublasGemvTensorStridedBatched<const float>, cublasGemvTensorStridedBatched<float>>>(T4)",2.678,2026-09-11T18:05:41.243929,"18,1,96","128,1,1",28,512,512,0,,,,,,,,,,,,,,,,,,,
"void reduce_1Block_kernel<float, (int)128, (int)7, cublasGemvTensorStridedBatched<float>, cublasGemvTensorStridedBatched<const float>, cublasGemvTensorStridedBatched<float>>(const T1 *, T1, T4, int, const T1 *, T1, T5, T6, cublasPointerMode_t, cublasLtEpilogue_t, cublasGemvTensorStridedBatched<const biasType<T6::value_type, T1>::type>)",1.307,2026-09-11T18:05:41.243944,"1,1,96","128,1,1",28,768,768,0,,,,,,,,,,,,,,,,,,,
badd_f32,1.116,2026-09-11T18:05:41.243959,"1,1,1","1024,1,1",38,0,0,0,,,,,,,,,,,,,,,,,,,
urelu_f32,1.085,2026-09-11T18:05:41.243972,"1,1,1","1024,1,1",24,0,0,0,,,,,,,,,,,,,,,,,,,
"std::enable_if<!T7, void>::type internal::gemvx::kernel<int, int, float, float, float, float, (bool)0, (bool)1, (bool)1, (bool)0, (int)6, (bool)0, cublasGemvParamsEx<int, cublasGemvTensorStridedBatched<const float>, cublasGemvTensorStridedBatched<const float>, cublasGemvTensorStridedBatched<float>, float>>(T13)",1.499,2026-09-11T18:05:41.243985,"2,1,1","4,16,1",166,320,0,320,,,,,,,,,,,,,,,,,,,
badd_f32,1.116,2026-09-11T18:05:41.243999,"1,1,1","1024,1,1",38,0,0,0,,,,,,,,,,,,,,,,,,,
urelu_f32,1.084,2026-09-11T18:05:41.244012,"1,1,1","1024,1,1",24,0,0,0,,,,,,,,,,,,,,,,,,,
copy2d_f32,1.084,2026-09-11T18:05:41.244024,"1,1,1","1024,1,1",16,0,0,0,,,,,,,,,,,,,,,,,,,
copy2d_f32,1.053,2026-09-11T18:05:41.244038,"1,1,1","1024,1,1",16,0,0,0,,,,,,,,,,,,,,,,,,,
copy2d_f32,1.053,2026-09-11T18:05:41.244051,"1,1,1","1024,1,1",16,0,0,0,,,,,,,,,,,,,,,,,,,
layernorm_f32,2.615,2026-09-11T18:05:41.244064,"1,1,1","32,1,1",28,256,256,0,,,,,,,,,,,,,,,,,,,
copy2d_f32,1.084,2026-09-11T18:05:41.244079,"1,1,1","1024,1,1",16,0,0,0,,,,,,,,,,,,,,,,,,,
copy2d_f32,1.084,2026-09-11T18:05:41.244092,"1,1,1","1024,1,1",16,0,0,0,,,,,,,,,,,,,,,,,,,
copy2d_f32,1.052,2026-09-11T18:05:41.244105,"1,1,1","1024,1,1",16,0,0,0,,,,,,,,,,,,,,,,,,,
"std::enable_if<!T7, void>::type internal::gemvx::kernel<int, int, float, float, float, float, (bool)0, (bool)1, (bool)1, (bool)0, (int)8, (bool)0, cublasGemvParamsEx<int, cublasGemvTensorStridedBatched<const float>, cublasGemvTensorStridedBatched<const float>, cublasGemvTensorStridedBatched<float>, float>>(T13)",2.041,2026-09-11T18:05:41.244118,"32,1,1","16,16,1",159,1088,0,1088,,,,,,,,,,,,,,,,,,,
badd_f32,1.148,2026-09-11T18:05:41.244131,"1,1,1","1024,1,1",38,0,0,0,,,,,,,,,,,,,,,,,,,
urelu_f32,1.116,2026-09-11T18:05:41.244144,"1,1,1","1024,1,1",24,0,0,0,,,,,,,,,,,,,,,,,,,
"void gemv2T_kernel_val<int, int, float, float, float, float, (int)128, (int)16, (int)2, (int)2, (bool)0, (bool)0, cublasGemvParamsEx<int, cublasGemvTensorStridedBatched<const float>, cublasGemvTensorStridedBatched<const float>, cublasGemvTensorStridedBatched<float>, float>>(T13, T6, T6)",2.487,2026-09-11T18:05:41.244157,"64,1,1","128,1,1",47,1536,1536,0,,,,,,,,,,,,,,,,,,,
badd_f32,1.115,2026-09-11T18:05:41.244170,"1,1,1","1024,1,1",38,0,0,0,,,,,,,,,,,,,,,,,,,
bmaximum_f32,2.008,2026-09-11T18:05:41.244183,"1,1,1","1024,1,1",38,0,0,0,,,,,,,,,,,,,,,,,,,
bminimum_f32,1.977,2026-09-11T18:05:41.244196,"1,1,1","1024,1,1",38,0,0,0,,,,,,,,,,,,,,,,,,,
"std::enable_if<!T7, void>::type internal::gemvx::kernel<int, int, float, float, float, float, (bool)0, (bool)1, (bool)1, (bool)0, (int)8, (bool)0, cublasGemvParamsEx<int, cublasGemvTensorStridedBatched<const float>, cublasGemvTensorStridedBatched<const float>, cublasGemvTensorStridedBatched<float>, float>>(T13)",1.977,2026-09-11T18:05:41.244209,"64,1,1","16,16,1",159,1088,0,1088,,,,,,,,,,,,,,,,,,,
badd_f32,1.212,2026-09-11T18:05:41.244222,"1,1,1","1024,1,1",38,0,0,0,,,,,,,,,,,,,,,,,,,
"std::enable_if<!T7, void>::type internal::gemvx::kernel<int, int, float, float, float, float, (bool)0, (bool)1, (bool)1, (bool)0, (int)8, (bool)0, cublasGemvParamsEx<int, cublasGemvTensorStridedBatched<const float>, cublasGemvTensorStridedBatched<const float>, cublasGemvTensorStridedBatched<float>, float>>(T13)",2.232,2026-09-11T18:05:41.244235,"32,1,1","16,16,1",159,1088,0,1088,,,,,,,,,,,,,,,,,,,
badd_f32,1.148,2026-09-11T18:05:41.244249,"1,1,1","1024,1,1",38,0,0,0,,,,,,,,,,,,,,,,,,,
urelu_f32,1.116,2026-09-11T18:05:41.244262,"1,1,1","1024,1,1",24,0,0,0,,,,,,,,,,,,,,,,,,,
"void gemv2T_kernel_val<int, int, float, float, float, float, (int)128, (int)16, (int)4, (int)4, (bool)0, (bool)0, cublasGemvParamsEx<int, cublasGemvTensorStridedBatched<const float>, cublasGemvTensorStridedBatched<const float>, cublasGemvTensorStridedBatched<float>, float>>(T13, T6, T6)",3.826,2026-09-11T18:05:41.244276,"512,1,1","128,1,1",59,2560,2560,0,,,,,,,,,,,,,,,,,,,
badd_f32,1.18,2026-09-11T18:05:41.244289,"4,1,1","1024,1,1",38,0,0,0,,,,,,,,,,,,,,,,,,,
copy2d_f32,1.116,2026-09-11T18:05:41.244302,"1,1,1","1024,1,1",16,0,0,0,,,,,,,,,,,,,,,,,,,
copy2d_f32,1.085,2026-09-11T18:05:41.244315,"1,1,1","1024,1,1",16,0,0,0,,,,,,,,,,,,,,,,,,,
copy2d_f32,1.084,2026-09-11T18:05:41.244328,"1,1,1","1024,1,1",16,0,0,0,,,,,,,,,,,,,,,,,,,
copy2d_f32,1.18,2026-09-11T18:05:41.244341,"1,1,1","1024,1,1",16,0,0,0,,,,,,,,,,,,,,,,,,,
copy2d_f32,1.147,2026-09-11T18:05:41.244353,"4,1,1","1024,1,1",16,0,0,0,,,,,,,,,,,,,,,,,,,
im2col_f32,2.296,2026-09-11T18:05:41.244368,"7,1,1","1024,1,1",36,0,0,0,,,,,,,,,,,,,,,,,,,
ampere_sgemm_32x32_sliced1x4_tn,3.443,2026-09-11T18:05:41.244382,"1,24,9","128,1,1",86,32768,32768,0,,,,,,,,,,,,,,,,,,,
"void cublasLt::splitKreduce_kernel<(int)32, (int)16, int, float, float, float, float, (bool)0, float, float, float, (bool)1, (bool)0, (bool)0>(cublasLt::cublasSplitKParams<T6>, const T4 *, const T10 *, T9 *, T5 *, const T6 *, const T6 *, const T11 *, const T4 *, T11 *, void *, long, T6 *, int *, T6 *, T6 *, const T6 *, const T6 *, const T6 *, const T6 *, const T6 *)",1.498,2026-09-11T18:05:41.244395,"1,48,1","32,16,1",44,0,0,0,,,,,,,,,,,,,,,,,,,
ucopy_f32,2.359,2026-09-11T18:05:41.244410,"6,1,1","1024,1,1",24,0,0,0,,,,,,,,,,,,,,,,,,,
badd_f32,2.71,2026-09-11T18:05:41.244423,"6,1,1","1024,1,1",38,0,0,0,,,,,,,,,,,,,,,,,,,
urelu_f32,1.211,2026-09-11T18:05:41.244442,"6,1,1","1024,1,1",24,0,0,0,,,,,,,,,,,,,,,,,,,
im2col_f32,2.328,2026-09-11T18:05:41.244460,"14,1,1","1024,1,1",36,0,0,0,,,,,,,,,,,,,,,,,,,
ampere_sgemm_32x32_sliced1x4_tn,3.348,2026-09-11T18:05:41.244473,"1,6,36","128,1,1",86,32768,32768,0,,,,,,,,,,,,,,,,,,,
"void cublasLt::splitKreduce_kernel<(int)32, (int)16, int, float, float, float, float, (bool)0, float, float, float, (bool)1, (bool)0, (bool)0>(cublasLt::cublasSplitKParams<T6>, const T4 *, const T10 *, T9 *, T5 *, const T6 *, const T6 *, const T11 *, const T4 *, T11 *, void *, long, T6 *, int *, T6 *, T6 *, const T6 *, const T6 *, const T6 *, const T6 *, const T6 *)",1.881,2026-09-11T18:05:41.244486,"1,12,1","32,16,1",44,0,0,0,,,,,,,,,,,,,,,,,,,
ucopy_f32,2.327,2026-09-11T18:05:41.244500,"3,1,1","1024,1,1",24,0,0,0,,,,,,,,,,,,,,,,,,,
badd_f32,2.71,2026-09-11T18:05:41.244513,"3,1,1","1024,1,1",38,0,0,0,,,,,,,,,,,,,,,,,,,
urelu_f32,1.211,2026-09-11T18:05:41.244526,"3,1,1","1024,1,1",24,0,0,0,,,,,,,,,,,,,,,,,,,
im2col_f32,2.455,2026-09-11T18:05:41.244539,"7,1,1","1024,1,1",36,0,0,0,,,,,,,,,,,,,,,,,,,
ampere_sgemm_32x32_sliced1x4_tn,3.316,2026-09-11T18:05:41.244552,"1,2,72","128,1,1",86,32768,32768,0,,,,,,,,,,,,,,,,,,,
"void cublasLt::splitKreduce_kernel<(int)32, (int)16, int, float, float, float, float, (bool)0, float, float, float, (bool)1, (bool)0, (bool)0>(cublasLt::cublasSplitKParams<T6>, const T4 *, const T10 *, T9 *, T5 *, const T6 *, const T6 *, const T11 *, const T4 *, T11 *, void *, long, T6 *, int *, T6 *, T6 *, const T6 *, const T6 *, const T6 *, const T6 *, const T6 *)",3.219,2026-09-11T18:05:41.244566,"1,3,1","32,16,1",44,0,0,0,,,,,,,,,,,,,,,,,,,
ucopy_f32,2.455,2026-09-11T18:05:41.244579,"2,1,1","1024,1,1",24,0,0,0,,,,,,,,,,,,,,,,,,,
badd_f32,2.678,2026-09-11T18:05:41.244596,"2,1,1","1024,1,1",38,0,0,0,,,,,,,,,,,,,,,,,,,
urelu_f32,1.148,2026-09-11T18:05:41.244609,"2,1,1","1024,1,1",24,0,0,0,,,,,,,,,,,,,,,,,,,
"std::enable_if<!T7, void>::type internal::gemvx::kernel<int, int, float, float, float, float, (bool)0, (bool)1, (bool)1, (bool)0, (int)7, (bool)0, cublasGemvParamsEx<int, cublasGemvTensorStridedBatched<const float>, cublasGemvTensorStridedBatched<const float>, cublasGemvTensorStridedBatched<float>, float>>(T13)",3.093,2026-09-11T18:05:41.244622,"32,1,1","32,4,1",159,528,0,528,,,,,,,,,,,,,,,,,,,
badd_f32,1.116,2026-09-11T18:05:41.244635,"1,1,1","1024,1,1",38,0,0,0,,,,,,,,,,,,,,,,,,,
urelu_f32,1.116,2026-09-11T18:05:41.244648,"1,1,1","1024,1,1",24,0,0,0,,,,,,,,,,,,,,,,,,,
im2col1d_f32,2.072,2026-09-11T18:05:41.244661,"1,1,1","1024,1,1",40,0,0,0,,,,,,,,,,,,,,,,,,,
ampere_sgemm_32x32_sliced1x4_tn,2.773,2026-09-11T18:05:41.244674,"1,12,6","128,1,1",86,32768,32768,0,,,,,,,,,,,,,,,,,,,
"void cublasLt::splitKreduce_kernel<(int)32, (int)16, int, float, float, float, float, (bool)0, float, float, float, (bool)1, (bool)0, (bool)0>(cublasLt::cublasSplitKParams<T6>, const T4 *, const T10 *, T9 *, T5 *, const T6 *, const T6 *, const T11 *, const T4 *, T11 *, void *, long, T6 *, int *, T6 *, T6 *, const T6 *, const T6 *, const T6 *, const T6 *, const T6 *)",1.594,2026-09-11T18:05:41.244687,"1,23,1","32,16,1",44,0,0,0,,,,,,,,,,,,,,,,,,,
ucopy_f32,2.072,2026-09-11T18:05:41.244700,"3,1,1","1024,1,1",24,0,0,0,,,,,,,,,,,,,,,,,,,
badd_f32,2.423,2026-09-11T18:05:41.244713,"3,1,1","1024,1,1",38,0,0,0,,,,,,,,,,,,,,,,,,,
urelu_f32,1.147,2026-09-11T18:05:41.244726,"3,1,1","1024,1,1",24,0,0,0,,,,,,,,,,,,,,,,,,,
im2col1d_f32,2.296,2026-09-11T18:05:41.244740,"2,1,1","1024,1,1",40,0,0,0,,,,,,,,,,,,,,,,,,,
ampere_sgemm_32x32_sliced1x4_tn,3.379,2026-09-11T18:05:41.244753,"1,6,24","128,1,1",86,32768,32768,0,,,,,,,,,,,,,,,,,,,
"void cublasLt::splitKreduce_kernel<(int)32, (int)16, int, float, float, float, float, (bool)0, float, float, float, (bool)1, (bool)0, (bool)0>(cublasLt::cublasSplitKParams<T6>, const T4 *, const T10 *, T9 *, T5 *, const T6 *, const T6 *, const T11 *, const T4 *, T11 *, void *, long, T6 *, int *, T6 *, T6 *, const T6 *, const T6 *, const T6 *, const T6 *, const T6 *)",1.626,2026-09-11T18:05:41.244767,"1,12,1","32,16,1",44,0,0,0,,,,,,,,,,,,,,,,,,,
ucopy_f32,2.136,2026-09-11T18:05:41.244780,"3,1,1","1024,1,1",24,0,0,0,,,,,,,,,,,,,,,,,,,
badd_f32,2.391,2026-09-11T18:05:41.244793,"3,1,1","1024,1,1",38,0,0,0,,,,,,,,,,,,,,,,,,,
urelu_f32,1.116,2026-09-11T18:05:41.244807,"3,1,1","1024,1,1",24,0,0,0,,,,,,,,,,,,,,,,,,,
im2col1d_f32,2.263,2026-09-11T18:05:41.244820,"2,1,1","1024,1,1",40,0,0,0,,,,,,,,,,,,,,,,,,,
ampere_sgemm_32x32_sliced1x4_tn,3.348,2026-09-11T18:05:41.244834,"1,3,48","128,1,1",86,32768,32768,0,,,,,,,,,,,,,,,,,,,
"void cublasLt::splitKreduce_kernel<(int)32, (int)16, int, float, float, float, float, (bool)0, float, float, float, (bool)1, (bool)0, (bool)0>(cublasLt::cublasSplitKParams<T6>, const T4 *, const T10 *, T9 *, T5 *, const T6 *, const T6 *, const T11 *, const T4 *, T11 *, void *, long, T6 *, int *, T6 *, T6 *, const T6 *, const T6 *, const T6 *, const T6 *, const T6 *)",2.519,2026-09-11T18:05:41.244846,"1,6,1","32,16,1",44,0,0,0,,,,,,,,,,,,,,,,,,,
ucopy_f32,2.327,2026-09-11T18:05:41.244859,"3,1,1","1024,1,1",24,0,0,0,,,,,,,,,,,,,,,,,,,
badd_f32,2.423,2026-09-11T18:05:41.244872,"3,1,1","1024,1,1",38,0,0,0,,,,,,,,,,,,,,,,,,,
urelu_f32,1.148,2026-09-11T18:05:41.244885,"3,1,1","1024,1,1",24,0,0,0,,,,,,,,,,,,,,,,,,,
"void dot_kernel<float, (int)128, (int)0, cublasDotParams<cublasGemvTensorStridedBatched<const float>, cublasGemvTensorStridedBatched<float>>>(T4)",2.614,2026-09-11T18:05:41.244898,"18,1,96","128,1,1",28,512,512,0,,,,,,,,,,,,,,,,,,,
"void reduce_1Block_kernel<float, (int)128, (int)7, cublasGemvTensorStridedBatched<float>, cublasGemvTensorStridedBatched<const float>, cublasGemvTensorStridedBatched<float>>(const T1 *, T1, T4, int, const T1 *, T1, T5, T6, cublasPointerMode_t, cublasLtEpilogue_t, cublasGemvTensorStridedBatched<const biasType<T6::value_type, T1>::type>)",1.307,2026-09-11T18:05:41.244911,"1,1,96","128,1,1",28,768,768,0,,,,,,,,,,,,,,,,,,,
badd_f32,1.084,2026-09-11T18:05:41.244924,"1,1,1","1024,1,1",38,0,0,0,,,,,,,,,,,,,,,,,,,
urelu_f32,1.084,2026-09-11T18:05:41.244939,"1,1,1","1024,1,1",24,0,0,0,,,,,,,,,,,,,,,,,,,
"std::enable_if<!T7, void>::type internal::gemvx::kernel<int, int, float, float, float, float, (bool)0, (bool)1, (bool)1, (bool)0, (int)6, (bool)0, cublasGemvParamsEx<int, cublasGemvTensorStridedBatched<const float>, cublasGemvTensorStridedBatched<const float>, cublasGemvTensorStridedBatched<float>, float>>(T13)",1.626,2026-09-11T18:05:41.244952,"2,1,1","4,16,1",166,320,0,320,,,,,,,,,,,,,,,,,,,
badd_f32,1.116,2026-09-11T18:05:41.244965,"1,1,1","1024,1,1",38,0,0,0,,,,,,,,,,,,,,,,,,,
urelu_f32,1.084,2026-09-11T18:05:41.244990,"1,1,1","1024,1,1",24,0,0,0,,,,,,,,,,,,,,,,,,,
copy2d_f32,1.116,2026-09-11T18:05:41.245006,"1,1,1","1024,1,1",16,0,0,0,,,,,,,,,,,,,,,,,,,
copy2d_f32,1.052,2026-09-11T18:05:41.245019,"1,1,1","1024,1,1",16,0,0,0,,,,,,,,,,,,,,,,,,,
copy2d_f32,1.052,2026-09-11T18:05:41.245032,"1,1,1","1024,1,1",16,0,0,0,,,,,,,,,,,,,,,,,,,
layernorm_f32,2.582,2026-09-11T18:05:41.245045,"1,1,1","32,1,1",28,256,256,0,,,,,,,,,,,,,,,,,,,
copy2d_f32,1.052,2026-09-11T18:05:41.245057,"1,1,1","1024,1,1",16,0,0,0,,,,,,,,,,,,,,,,,,,
copy2d_f32,1.052,2026-09-11T18:05:41.245073,"1,1,1","1024,1,1",16,0,0,0,,,,,,,,,,,,,,,,,,,
copy2d_f32,1.053,2026-09-11T18:05:41.245086,"1,1,1","1024,1,1",16,0,0,0,,,,,,,,,,,,,,,,,,,
"std::enable_if<!T7, void>::type internal::gemvx::kernel<int, int, float, float, float, float, (bool)0, (bool)1, (bool)1, (bool)0, (int)8, (bool)0, cublasGemvParamsEx<int, cublasGemvTensorStridedBatched<const float>, cublasGemvTensorStridedBatched<const float>, cublasGemvTensorStridedBatched<float>, float>>(T13)",2.136,2026-09-11T18:05:41.245100,"32,1,1","16,16,1",159,1088,0,1088,,,,,,,,,,,,,,,,,,,
badd_f32,1.18,2026-09-11T18:05:41.245115,"1,1,1","1024,1,1",38,0,0,0,,,,,,,,,,,,,,,,,,,
urelu_f32,1.084,2026-09-11T18:05:41.245128,"1,1,1","1024,1,1",24,0,0,0,,,,,,,,,,,,,,,,,,,
"void gemv2T_kernel_val<int, int, float, float, float, float, (int)128, (int)16, (int)2, (int)2, (bool)0, (bool)0, cublasGemvParamsEx<int, cublasGemvTensorStridedBatched<const float>, cublasGemvTensorStridedBatched<const float>, cublasGemvTensorStridedBatched<float>, float>>(T13, T6, T6)",2.518,2026-09-11T18:05:41.245142,"64,1,1","128,1,1",47,1536,1536,0,,,,,,,,,,,,,,,,,,,
badd_f32,1.147,2026-09-11T18:05:41.245155,"1,1,1","1024,1,1",38,0,0,0,,,,,,,,,,,,,,,,,,,
bmaximum_f32,1.977,2026-09-11T18:05:41.245168,"1,1,1","1024,1,1",38,0,0,0,,,,,,,,,,,,,,,,,,,
bminimum_f32,1.977,2026-09-11T18:05:41.245189,"1,1,1","1024,1,1",38,0,0,0,,,,,,,,,,,,,,,,,,,
"std::enable_if<!T7, void>::type internal::gemvx::kernel<int, int, float, float, float, float, (bool)0, (bool)1, (bool)1, (bool)0, (int)8, (bool)0, cublasGemvParamsEx<int, cublasGemvTensorStridedBatched<const float>, cublasGemvTensorStridedBatched<const float>, cublasGemvTensorStridedBatched<float>, float>>(T13)",2.87,2026-09-11T18:05:41.245203,"64,1,1","16,16,1",159,1088,0,1088,,,,,,,,,,,,,,,,,,,
badd_f32,1.212,2026-09-11T18:05:41.245216,"1,1,1","1024,1,1",38,0,0,0,,,,,,,,,,,,,,,,,,,
"std::enable_if<!T7, void>::type internal::gemvx::kernel<int, int, float, float, float, float, (bool)0, (bool)1, (bool)1, (bool)0, (int)8, (bool)0, cublasGemvParamsEx<int, cublasGemvTensorStridedBatched<const float>, cublasGemvTensorStridedBatched<const float>, cublasGemvTensorStridedBatched<float>, float>>(T13)",2.136,2026-09-11T18:05:41.245229,"32,1,1","16,16,1",159,1088,0,1088,,,,,,,,,,,,,,,,,,,
badd_f32,1.147,2026-09-11T18:05:41.245242,"1,1,1","1024,1,1",38,0,0,0,,,,,,,,,,,,,,,,,,,
urelu_f32,1.084,2026-09-11T18:05:41.245257,"1,1,1","1024,1,1",24,0,0,0,,,,,,,,,,,,,,,,,,,
"void gemv2T_kernel_val<int, int, float, float, float, float, (int)128, (int)16, (int)4, (int)4, (bool)0, (bool)0, cublasGemvParamsEx<int, cublasGemvTensorStridedBatched<const float>, cublasGemvTensorStridedBatched<const float>, cublasGemvTensorStridedBatched<float>, float>>(T13, T6, T6)",3.858,2026-09-11T18:05:41.245270,"512,1,1","128,1,1",59,2560,2560,0,,,,,,,,,,,,,,,,,,,
badd_f32,1.243,2026-09-11T18:05:41.245283,"4,1,1","1024,1,1",38,0,0,0,,,,,,,,,,,,,,,,,,,
copy2d_f32,1.084,2026-09-11T18:05:41.245297,"1,1,1","1024,1,1",16,0,0,0,,,,,,,,,,,,,,,,,,,
copy2d_f32,1.052,2026-09-11T18:05:41.245310,"1,1,1","1024,1,1",16,0,0,0,,,,,,,,,,,,,,,,,,,
copy2d_f32,1.084,2026-09-11T18:05:41.245582,"1,1,1","1024,1,1",16,0,0,0,,,,,,,,,,,,,,,,,,,
copy2d_f32,1.179,2026-09-11T18:05:41.245602,"1,1,1","1024,1,1",16,0,0,0,,,,,,,,,,,,,,,,,,,
copy2d_f32,1.148,2026-09-11T18:05:41.245616,"4,1,1","1024,1,1",16,0,0,0,,,,,,,,,,,,,,,,,,,
im2col_f32,2.263,2026-09-11T18:05:41.245629,"7,1,1","1024,1,1",36,0,0,0,,,,,,,,,,,,,,,,,,,
ampere_sgemm_32x32_sliced1x4_tn,3.443,2026-09-11T18:05:41.245643,"1,24,9","128,1,1",86,32768,32768,0,,,,,,,,,,,,,,,,,,,
"void cublasLt::splitKreduce_kernel<(int)32, (int)16, int, float, float, float, float, (bool)0, float, float, float, (bool)1, (bool)0, (bool)0>(cublasLt::cublasSplitKParams<T6>, const T4 *, const T10 *, T9 *, T5 *, const T6 *, const T6 *, const T11 *, const T4 *, T11 *, void *, long, T6 *, int *, T6 *, T6 *, const T6 *, const T6 *, const T6 *, const T6 *, const T6 *)",1.498,2026-09-11T18:05:41.245656,"1,48,1","32,16,1",44,0,0,0,,,,,,,,,,,,,,,,,,,
ucopy_f32,2.391,2026-09-11T18:05:41.245669,"6,1,1","1024,1,1",24,0,0,0,,,,,,,,,,,,,,,,,,,
badd_f32,2.742,2026-09-11T18:05:41.245684,"6,1,1","1024,1,1",38,0,0,0,,,,,,,,,,,,,,,,,,,
urelu_f32,1.211,2026-09-11T18:05:41.245697,"6,1,1","1024,1,1",24,0,0,0,,,,,,,,,,,,,,,,,,,
im2col_f32,2.327,2026-09-11T18:05:41.245710,"14,1,1","1024,1,1",36,0,0,0,,,,,,,,,,,,,,,,,,,
ampere_sgemm_32x32_sliced1x4_tn,3.347,2026-09-11T18:05:41.245723,"1,6,36","128,1,1",86,32768,32768,0,,,,,,,,,,,,,,,,,,,
"void cublasLt::splitKreduce_kernel<(int)32, (int)16, int, float, float, float, float, (bool)0, float, float, float, (bool)1, (bool)0, (bool)0>(cublasLt::cublasSplitKParams<T6>, const T4 *, const T10 *, T9 *, T5 *, const T6 *, const T6 *, const T11 *, const T4 *, T11 *, void *, long, T6 *, int *, T6 *, T6 *, const T6 *, const T6 *, const T6 *, const T6 *, const T6 *)",1.913,2026-09-11T18:05:41.245738,"1,12,1","32,16,1",44,0,0,0,,,,,,,,,,,,,,,,,,,
ucopy_f32,2.359,2026-09-11T18:05:41.245751,"3,1,1","1024,1,1",24,0,0,0,,,,,,,,,,,,,,,,,,,
badd_f32,2.678,2026-09-11T18:05:41.245763,"3,1,1","1024,1,1",38,0,0,0,,,,,,,,,,,,,,,,,,,
urelu_f32,1.148,2026-09-11T18:05:41.245776,"3,1,1","1024,1,1",24,0,0,0,,,,,,,,,,,,,,,,,,,
im2col_f32,2.295,2026-09-11T18:05:41.245789,"7,1,1","1024,1,1",36,0,0,0,,,,,,,,,,,,,,,,,,,
ampere_sgemm_32x32_sliced1x4_tn,3.252,2026-09-11T18:05:41.245802,"1,2,72","128,1,1",86,32768,32768,0,,,,,,,,,,,,,,,,,,,
"void cublasLt::splitKreduce_kernel<(int)32, (int)16, int, float, float, float, float, (bool)0, float, float, float, (bool)1, (bool)0, (bool)0>(cublasLt::cublasSplitKParams<T6>, const T4 *, const T10 *, T9 *, T5 *, const T6 *, const T6 *, const T11 *, const T4 *, T11 *, void *, long, T6 *, int *, T6 *, T6 *, const T6 *, const T6 *, const T6 *, const T6 *, const T6 *)",3.188,2026-09-11T18:05:41.245816,"1,3,1","32,16,1",44,0,0,0,,,,,,,,,,,,,,,,,,,
ucopy_f32,2.455,2026-09-11T18:05:41.245839,"2,1,1","1024,1,1",24,0,0,0,,,,,,,,,,,,,,,,,,,
badd_f32,2.678,2026-09-11T18:05:41.245853,"2,1,1","1024,1,1",38,0,0,0,,,,,,,,,,,,,,,,,,,
urelu_f32,1.147,2026-09-11T18:05:41.245866,"2,1,1","1024,1,1",24,0,0,0,,,,,,,,,,,,,,,,,,,
"std::enable_if<!T7, void>::type internal::gemvx::kernel<int, int, float, float, float, float, (bool)0, (bool)1, (bool)1, (bool)0, (int)7, (bool)0, cublasGemvParamsEx<int, cublasGemvTensorStridedBatched<const float>, cublasGemvTensorStridedBatched<const float>, cublasGemvTensorStridedBatched<float>, float>>(T13)",2.295,2026-09-11T18:05:41.245895,"32,1,1","32,4,1",159,528,0,528,,,,,,,,,,,,,,,,,,,
badd_f32,1.116,2026-09-11T18:05:41.245915,"1,1,1","1024,1,1",38,0,0,0,,,,,,,,,,,,,,,,,,,
urelu_f32,1.116,2026-09-11T18:05:41.245930,"1,1,1","1024,1,1",24,0,0,0,,,,,,,,,,,,,,,,,,,
im2col1d_f32,2.041,2026-09-11T18:05:41.245946,"1,1,1","1024,1,1",40,0,0,0,,,,,,,,,,,,,,,,,,,
ampere_sgemm_32x32_sliced1x4_tn,2.805,2026-09-11T18:05:41.245960,"1,12,6","128,1,1",86,32768,32768,0,,,,,,,,,,,,,,,,,,,
"void cublasLt::splitKreduce_kernel<(int)32, (int)16, int, float, float, float, float, (bool)0, float, float, float, (bool)1, (bool)0, (bool)0>(cublasLt::cublasSplitKParams<T6>, const T4 *, const T10 *, T9 *, T5 *, const T6 *, const T6 *, const T11 *, const T4 *, T11 *, void *, long, T6 *, int *, T6 *, T6 *, const T6 *, const T6 *, const T6 *, const T6 *, const T6 *)",1.53,2026-09-11T18:05:41.245973,"1,23,1","32,16,1",44,0,0,0,,,,,,,,,,,,,,,,,,,
ucopy_f32,2.072,2026-09-11T18:05:41.245988,"3,1,1","1024,1,1",24,0,0,0,,,,,,,,,,,,,,,,,,,
badd_f32,2.423,2026-09-11T18:05:41.246001,"3,1,1","1024,1,1",38,0,0,0,,,,,,,,,,,,,,,,,,,
urelu_f32,1.116,2026-09-11T18:05:41.246014,"3,1,1","1024,1,1",24,0,0,0,,,,,,,,,,,,,,,,,,,
im2col1d_f32,2.263,2026-09-11T18:05:41.246027,"2,1,1","1024,1,1",40,0,0,0,,,,,,,,,,,,,,,,,,,
ampere_sgemm_32x32_sliced1x4_tn,3.347,2026-09-11T18:05:41.246040,"1,6,24","128,1,1",86,32768,32768,0,,,,,,,,,,,,,,,,,,,
"void cublasLt::splitKreduce_kernel<(int)32, (int)16, int, float, float, float, float, (bool)0, float, float, float, (bool)1, (bool)0, (bool)0>(cublasLt::cublasSplitKParams<T6>, const T4 *, const T10 *, T9 *, T5 *, const T6 *, const T6 *, const T11 *, const T4 *, T11 *, void *, long, T6 *, int *, T6 *, T6 *, const T6 *, const T6 *, const T6 *, const T6 *, const T6 *)",1.626,2026-09-11T18:05:41.246053,"1,12,1","32,16,1",44,0,0,0,,,,,,,,,,,,,,,,,,,
ucopy_f32,2.136,2026-09-11T18:05:41.246066,"3,1,1","1024,1,1",24,0,0,0,,,,,,,,,,,,,,,,,,,
badd_f32,2.392,2026-09-11T18:05:41.246079,"3,1,1","1024,1,1",38,0,0,0,,,,,,,,,,,,,,,,,,,
urelu_f32,1.148,2026-09-11T18:05:41.246092,"3,1,1","1024,1,1",24,0,0,0,,,,,,,,,,,,,,,,,,,
im2col1d_f32,2.263,2026-09-11T18:05:41.246107,"2,1,1","1024,1,1",40,0,0,0,,,,,,,,,,,,,,,,,,,
ampere_sgemm_32x32_sliced1x4_tn,3.347,2026-09-11T18:05:41.246120,"1,3,48","128,1,1",86,32768,32768,0,,,,,,,,,,,,,,,,,,,
"void cublasLt::splitKreduce_kernel<(int)32, (int)16, int, float, float, float, float, (bool)0, float, float, float, (bool)1, (bool)0, (bool)0>(cublasLt::cublasSplitKParams<T6>, const T4 *, const T10 *, T9 *, T5 *, const T6 *, const T6 *, const T11 *, const T4 *, T11 *, void *, long, T6 *, int *, T6 *, T6 *, const T6 *, const T6 *, const T6 *, const T6 *, const T6 *)",2.488,2026-09-11T18:05:41.246133,"1,6,1","32,16,1",44,0,0,0,,,,,,,,,,,,,,,,,,,
ucopy_f32,2.328,2026-09-11T18:05:41.246146,"3,1,1","1024,1,1",24,0,0,0,,,,,,,,,,,,,,,,,,,
badd_f32,2.423,2026-09-11T18:05:41.246159,"3,1,1","1024,1,1",38,0,0,0,,,,,,,,,,,,,,,,,,,
urelu_f32,1.116,2026-09-11T18:05:41.246172,"3,1,1","1024,1,1",24,0,0,0,,,,,,,,,,,,,,,,,,,
"void dot_kernel<float, (int)128, (int)0, cublasDotParams<cublasGemvTensorStridedBatched<const float>, cublasGemvTensorStridedBatched<float>>>(T4)",2.582,2026-09-11T18:05:41.246185,"18,1,96","128,1,1",28,512,512,0,,,,,,,,,,,,,,,,,,,
"void reduce_1Block_kernel<float, (int)128, (int)7, cublasGemvTensorStridedBatched<float>, cublasGemvTensorStridedBatched<const float>, cublasGemvTensorStridedBatched<float>>(const T1 *, T1, T4, int, const T1 *, T1, T5, T6, cublasPointerMode_t, cublasLtEpilogue_t, cublasGemvTensorStridedBatched<const biasType<T6::value_type, T1>::type>)",1.308,2026-09-11T18:05:41.246198,"1,1,96","128,1,1",28,768,768,0,,,,,,,,,,,,,,,,,,,
badd_f32,1.084,2026-09-11T18:05:41.246211,"1,1,1","1024,1,1",38,0,0,0,,,,,,,,,,,,,,,,,,,
urelu_f32,1.084,2026-09-11T18:05:41.246223,"1,1,1","1024,1,1",24,0,0,0,,,,,,,,,,,,,,,,,,,
"std::enable_if<!T7, void>::type internal::gemvx::kernel<int, int, float, float, float, float, (bool)0, (bool)1, (bool)1, (bool)0, (int)6, (bool)0, cublasGemvParamsEx<int, cublasGemvTensorStridedBatched<const float>, cublasGemvTensorStridedBatched<const float>, cublasGemvTensorStridedBatched<float>, float>>(T13)",1.498,2026-09-11T18:05:41.246236,"2,1,1","4,16,1",166,320,0,320,,,,,,,,,,,,,,,,,,,
badd_f32,1.116,2026-09-11T18:05:41.246249,"1,1,1","1024,1,1",38,0,0,0,,,,,,,,,,,,,,,,,,,
urelu_f32,1.083,2026-09-11T18:05:41.246262,"1,1,1","1024,1,1",24,0,0,0,,,,,,,,,,,,,,,,,,,
copy2d_f32,1.084,2026-09-11T18:05:41.246276,"1,1,1","1024,1,1",16,0,0,0,,,,,,,,,,,,,,,,,,,
copy2d_f32,1.083,2026-09-11T18:05:41.246290,"1,1,1","1024,1,1",16,0,0,0,,,,,,,,,,,,,,,,,,,
copy2d_f32,1.084,2026-09-11T18:05:41.246303,"1,1,1","1024,1,1",16,0,0,0,,,,,,,,,,,,,,,,,,,
layernorm_f32,2.614,2026-09-11T18:05:41.246315,"1,1,1","32,1,1",28,256,256,0,,,,,,,,,,,,,,,,,,,
copy2d_f32,1.084,2026-09-11T18:05:41.246328,"1,1,1","1024,1,1",16,0,0,0,,,,,,,,,,,,,,,,,,,
copy2d_f32,1.084,2026-09-11T18:05:41.246341,"1,1,1","1024,1,1",16,0,0,0,,,,,,,,,,,,,,,,,,,
copy2d_f32,1.052,2026-09-11T18:05:41.246353,"1,1,1","1024,1,1",16,0,0,0,,,,,,,,,,,,,,,,,,,
"std::enable_if<!T7, void>::type internal::gemvx::kernel<int, int, float, float, float, float, (bool)0, (bool)1, (bool)1, (bool)0, (int)8, (bool)0, cublasGemvParamsEx<int, cublasGemvTensorStridedBatched<const float>, cublasGemvTensorStridedBatched<const float>, cublasGemvTensorStridedBatched<float>, float>>(T13)",2.04,2026-09-11T18:05:41.246366,"32,1,1","16,16,1",159,1088,0,1088,,,,,,,,,,,,,,,,,,,
badd_f32,1.18,2026-09-11T18:05:41.246379,"1,1,1","1024,1,1",38,0,0,0,,,,,,,,,,,,,,,,,,,
urelu_f32,1.116,2026-09-11T18:05:41.246392,"1,1,1","1024,1,1",24,0,0,0,,,,,,,,,,,,,,,,,,,
"void gemv2T_kernel_val<int, int, float, float, float, float, (int)128, (int)16, (int)2, (int)2, (bool)0, (bool)0, cublasGemvParamsEx<int, cublasGemvTensorStridedBatched<const float>, cublasGemvTensorStridedBatched<const float>, cublasGemvTensorStridedBatched<float>, float>>(T13, T6, T6)",2.518,2026-09-11T18:05:41.246407,"64,1,1","128,1,1",47,1536,1536,0,,,,,,,,,,,,,,,,,,,
badd_f32,1.148,2026-09-11T18:05:41.246420,"1,1,1","1024,1,1",38,0,0,0,,,,,,,,,,,,,,,,,,,
bmaximum_f32,2.008,2026-09-11T18:05:41.246433,"1,1,1","1024,1,1",38,0,0,0,,,,,,,,,,,,,,,,,,,
bminimum_f32,2.04,2026-09-11T18:05:41.246447,"1,1,1","1024,1,1",38,0,0,0,,,,,,,,,,,,,,,,,,,
"std::enable_if<!T7, void>::type internal::gemvx::kernel<int, int, float, float, float, float, (bool)0, (bool)1, (bool)1, (bool)0, (int)8, (bool)0, cublasGemvParamsEx<int, cublasGemvTensorStridedBatched<const float>, cublasGemvTensorStridedBatched<const float>, cublasGemvTensorStridedBatched<float>, float>>(T13)",1.945,2026-09-11T18:05:41.246460,"64,1,1","16,16,1",159,1088,0,1088,,,,,,,,,,,,,,,,,,,
badd_f32,1.211,2026-09-11T18:05:41.246473,"1,1,1","1024,1,1",38,0,0,0,,,,,,,,,,,,,,,,,,,
"std::enable_if<!T7, void>::type internal::gemvx::kernel<int, int, float, float, float, float, (bool)0, (bool)1, (bool)1, (bool)0, (int)8, (bool)0, cublasGemvParamsEx<int, cublasGemvTensorStridedBatched<const float>, cublasGemvTensorStridedBatched<const float>, cublasGemvTensorStridedBatched<float>, float>>(T13)",1.977,2026-09-11T18:05:41.246486,"32,1,1","16,16,1",159,1088,0,1088,,,,,,,,,,,,,,,,,,,
badd_f32,1.148,2026-09-11T18:05:41.246499,"1,1,1","1024,1,1",38,0,0,0,,,,,,,,,,,,,,,,,,,
urelu_f32,1.116,2026-09-11T18:05:41.246514,"1,1,1","1024,1,1",24,0,0,0,,,,,,,,,,,,,,,,,,,
"void gemv2T_kernel_val<int, int, float, float, float, float, (int)128, (int)16, (int)4, (int)4, (bool)0, (bool)0, cublasGemvParamsEx<int, cublasGemvTensorStridedBatched<const float>, cublasGemvTensorStridedBatched<const float>, cublasGemvTensorStridedBatched<float>, float>>(T13, T6, T6)",3.858,2026-09-11T18:05:41.246529,"512,1,1","128,1,1",59,2560,2560,0,,,,,,,,,,,,,,,,,,,
badd_f32,1.212,2026-09-11T18:05:41.246543,"4,1,1","1024,1,1",38,0,0,0,,,,,,,,,,,,,,,,,,,
copy2d_f32,1.115,2026-09-11T18:05:41.246556,"1,1,1","1024,1,1",16,0,0,0,,,,,,,,,,,,,,,,,,,
copy2d_f32,1.084,2026-09-11T18:05:41.246600,"1,1,1","1024,1,1",16,0,0,0,,,,,,,,,,,,,,,,,,,
copy2d_f32,1.084,2026-09-11T18:05:41.246630,"1,1,1","1024,1,1",16,0,0,0,,,,,,,,,,,,,,,,,,,
copy2d_f32,1.147,2026-09-11T18:05:41.246644,"1,1,1","1024,1,1",16,0,0,0,,,,,,,,,,,,,,,,,,,
copy2d_f32,1.18,2026-09-11T18:05:41.246657,"4,1,1","1024,1,1",16,0,0,0,,,,,,,,,,,,,,,,,,,
im2col_f32,2.327,2026-09-11T18:05:41.246683,"7,1,1","1024,1,1",36,0,0,0,,,,,,,,,,,,,,,,,,,
ampere_sgemm_32x32_sliced1x4_tn,3.507,2026-09-11T18:05:41.246697,"1,24,9","128,1,1",86,32768,32768,0,,,,,,,,,,,,,,,,,,,
"void cublasLt::splitKreduce_kernel<(int)32, (int)16, int, float, float, float, float, (bool)0, float, float, float, (bool)1, (bool)0, (bool)0>(cublasLt::cublasSplitKParams<T6>, const T4 *, const T10 *, T9 *, T5 *, const T6 *, const T6 *, const T11 *, const T4 *, T11 *, void *, long, T6 *, int *, T6 *, T6 *, const T6 *, const T6 *, const T6 *, const T6 *, const T6 *)",1.498,2026-09-11T18:05:41.246710,"1,48,1","32,16,1",44,0,0,0,,,,,,,,,,,,,,,,,,,
ucopy_f32,2.391,2026-09-11T18:05:41.246723,"6,1,1","1024,1,1",24,0,0,0,,,,,,,,,,,,,,,,,,,
badd_f32,2.742,2026-09-11T18:05:41.246736,"6,1,1","1024,1,1",38,0,0,0,,,,,,,,,,,,,,,,,,,
urelu_f32,1.212,2026-09-11T18:05:41.246749,"6,1,1","1024,1,1",24,0,0,0,,,,,,,,,,,,,,,,,,,
im2col_f32,2.455,2026-09-11T18:05:41.246762,"14,1,1","1024,1,1",36,0,0,0,,,,,,,,,,,,,,,,,,,
ampere_sgemm_32x32_sliced1x4_tn,3.348,2026-09-11T18:05:41.246775,"1,6,36","128,1,1",86,32768,32768,0,,,,,,,,,,,,,,,,,,,
"void cublasLt::splitKreduce_kernel<(int)32, (int)16, int, float, float, float, float, (bool)0, float, float, float, (bool)1, (bool)0, (bool)0>(cublasLt::cublasSplitKParams<T6>, const T4 *, const T10 *, T9 *, T5 *, const T6 *, const T6 *, const T11 *, const T4 *, T11 *, void *, long, T6 *, int *, T6 *, T6 *, const T6 *, const T6 *, const T6 *, const T6 *, const T6 *)",1.945,2026-09-11T18:05:41.246788,"1,12,1","32,16,1",44,0,0,0,,,,,,,,,,,,,,,,,,,
ucopy_f32,2.328,2026-09-11T18:05:41.246801,"3,1,1","1024,1,1",24,0,0,0,,,,,,,,,,,,,,,,,,,
badd_f32,2.646,2026-09-11T18:05:41.246814,"3,1,1","1024,1,1",38,0,0,0,,,,,,,,,,,,,,,,,,,
urelu_f32,1.147,2026-09-11T18:05:41.246827,"3,1,1","1024,1,1",24,0,0,0,,,,,,,,,,,,,,,,,,,
im2col_f32,2.264,2026-09-11T18:05:41.246840,"7,1,1","1024,1,1",36,0,0,0,,,,,,,,,,,,,,,,,,,
ampere_sgemm_32x32_sliced1x4_tn,3.252,2026-09-11T18:05:41.246854,"1,2,72","128,1,1",86,32768,32768,0,,,,,,,,,,,,,,,,,,,
"void cublasLt::splitKreduce_kernel<(int)32, (int)16, int, float, float, float, float, (bool)0, float, float, float, (bool)1, (bool)0, (bool)0>(cublasLt::cublasSplitKParams<T6>, const T4 *, const T10 *, T9 *, T5 *, const T6 *, const T6 *, const T11 *, const T4 *, T11 *, void *, long, T6 *, int *, T6 *, T6 *, const T6 *, const T6 *, const T6 *, const T6 *, const T6 *)",3.22,2026-09-11T18:05:41.246867,"1,3,1","32,16,1",44,0,0,0,,,,,,,,,,,,,,,,,,,
ucopy_f32,2.487,2026-09-11T18:05:41.246880,"2,1,1","1024,1,1",24,0,0,0,,,,,,,,,,,,,,,,,,,
badd_f32,2.678,2026-09-11T18:05:41.246894,"2,1,1","1024,1,1",38,0,0,0,,,,,,,,,,,,,,,,,,,
urelu_f32,1.148,2026-09-11T18:05:41.246908,"2,1,1","1024,1,1",24,0,0,0,,,,,,,,,,,,,,,,,,,
"std::enable_if<!T7, void>::type internal::gemvx::kernel<int, int, float, float, float, float, (bool)0, (bool)1, (bool)1, (bool)0, (int)7, (bool)0, cublasGemvParamsEx<int, cublasGemvTensorStridedBatched<const float>, cublasGemvTensorStridedBatched<const float>, cublasGemvTensorStridedBatched<float>, float>>(T13)",2.933,2026-09-11T18:05:41.246921,"32,1,1","32,4,1",159,528,0,528,,,,,,,,,,,,,,,,,,,
badd_f32,1.116,2026-09-11T18:05:41.246934,"1,1,1","1024,1,1",38,0,0,0,,,,,,,,,,,,,,,,,,,
urelu_f32,1.085,2026-09-11T18:05:41.246947,"1,1,1","1024,1,1",24,0,0,0,,,,,,,,,,,,,,,,,,,
im2col1d_f32,2.041,2026-09-11T18:05:41.246960,"1,1,1","1024,1,1",40,0,0,0,,,,,,,,,,,,,,,,,,,
ampere_sgemm_32x32_sliced1x4_tn,2.805,2026-09-11T18:05:41.246973,"1,12,6","128,1,1",86,32768,32768,0,,,,,,,,,,,,,,,,,,,
"void cublasLt::splitKreduce_kernel<(int)32, (int)16, int, float, float, float, float, (bool)0, float, float, float, (bool)1, (bool)0, (bool)0>(cublasLt::cublasSplitKParams<T6>, const T4 *, const T10 *, T9 *, T5 *, const T6 *, const T6 *, const T11 *, const T4 *, T11 *, void *, long, T6 *, int *, T6 *, T6 *, const T6 *, const T6 *, const T6 *, const T6 *, const T6 *)",1.53,2026-09-11T18:05:41.246986,"1,23,1","32,16,1",44,0,0,0,,,,,,,,,,,,,,,,,,,
ucopy_f32,2.104,2026-09-11T18:05:41.246999,"3,1,1","1024,1,1",24,0,0,0,,,,,,,,,,,,,,,,,,,
badd_f32,2.454,2026-09-11T18:05:41.247013,"3,1,1","1024,1,1",38,0,0,0,,,,,,,,,,,,,,,,,,,
urelu_f32,1.115,2026-09-11T18:05:41.247026,"3,1,1","1024,1,1",24,0,0,0,,,,,,,,,,,,,,,,,,,
im2col1d_f32,2.295,2026-09-11T18:05:41.247039,"2,1,1","1024,1,1",40,0,0,0,,,,,,,,,,,,,,,,,,,
ampere_sgemm_32x32_sliced1x4_tn,3.443,2026-09-11T18:05:41.247052,"1,6,24","128,1,1",86,32768,32768,0,,,,,,,,,,,,,,,,,,,
"void cublasLt::splitKreduce_kernel<(int)32, (int)16, int, float, float, float, float, (bool)0, float, float, float, (bool)1, (bool)0, (bool)0>(cublasLt::cublasSplitKParams<T6>, const T4 *, const T10 *, T9 *, T5 *, const T6 *, const T6 *, const T11 *, const T4 *, T11 *, void *, long, T6 *, int *, T6 *, T6 *, const T6 *, const T6 *, const T6 *, const T6 *, const T6 *)",1.626,2026-09-11T18:05:41.247065,"1,12,1","32,16,1",44,0,0,0,,,,,,,,,,,,,,,,,,,
ucopy_f32,2.168,2026-09-11T18:05:41.247077,"3,1,1","1024,1,1",24,0,0,0,,,,,,,,,,,,,,,,,,,
badd_f32,2.391,2026-09-11T18:05:41.247090,"3,1,1","1024,1,1",38,0,0,0,,,,,,,,,,,,,,,,,,,
urelu_f32,1.116,2026-09-11T18:05:41.247103,"3,1,1","1024,1,1",24,0,0,0,,,,,,,,,,,,,,,,,,,
im2col1d_f32,2.264,2026-09-11T18:05:41.247116,"2,1,1","1024,1,1",40,0,0,0,,,,,,,,,,,,,,,,,,,
ampere_sgemm_32x32_sliced1x4_tn,3.348,2026-09-11T18:05:41.247130,"1,3,48","128,1,1",86,32768,32768,0,,,,,,,,,,,,,,,,,,,
"void cublasLt::splitKreduce_kernel<(int)32, (int)16, int, float, float, float, float, (bool)0, float, float, float, (bool)1, (bool)0, (bool)0>(cublasLt::cublasSplitKParams<T6>, const T4 *, const T10 *, T9 *, T5 *, const T6 *, const T6 *, const T11 *, const T4 *, T11 *, void *, long, T6 *, int *, T6 *, T6 *, const T6 *, const T6 *, const T6 *, const T6 *, const T6 *)",2.519,2026-09-11T18:05:41.247143,"1,6,1","32,16,1",44,0,0,0,,,,,,,,,,,,,,,,,,,
ucopy_f32,2.359,2026-09-11T18:05:41.247155,"3,1,1","1024,1,1",24,0,0,0,,,,,,,,,,,,,,,,,,,
badd_f32,2.455,2026-09-11T18:05:41.247168,"3,1,1","1024,1,1",38,0,0,0,,,,,,,,,,,,,,,,,,,
urelu_f32,1.148,2026-09-11T18:05:41.247182,"3,1,1","1024,1,1",24,0,0,0,,,,,,,,,,,,,,,,,,,
"void dot_kernel<float, (int)128, (int)0, cublasDotParams<cublasGemvTensorStridedBatched<const float>, cublasGemvTensorStridedBatched<float>>>(T4)",2.614,2026-09-11T18:05:41.247196,"18,1,96","128,1,1",28,512,512,0,,,,,,,,,,,,,,,,,,,
"void reduce_1Block_kernel<float, (int)128, (int)7, cublasGemvTensorStridedBatched<float>, cublasGemvTensorStridedBatched<const float>, cublasGemvTensorStridedBatched<float>>(const T1 *, T1, T4, int, const T1 *, T1, T5, T6, cublasPointerMode_t, cublasLtEpilogue_t, cublasGemvTensorStridedBatched<const biasType<T6::value_type, T1>::type>)",1.307,2026-09-11T18:05:41.247209,"1,1,96","128,1,1",28,768,768,0,,,,,,,,,,,,,,,,,,,
badd_f32,1.116,2026-09-11T18:05:41.247222,"1,1,1","1024,1,1",38,0,0,0,,,,,,,,,,,,,,,,,,,
urelu_f32,1.116,2026-09-11T18:05:41.247235,"1,1,1","1024,1,1",24,0,0,0,,,,,,,,,,,,,,,,,,,
"std::enable_if<!T7, void>::type internal::gemvx::kernel<int, int, float, float, float, float, (bool)0, (bool)1, (bool)1, (bool)0, (int)6, (bool)0, cublasGemvParamsEx<int, cublasGemvTensorStridedBatched<const float>, cublasGemvTensorStridedBatched<const float>, cublasGemvTensorStridedBatched<float>, float>>(T13)",1.499,2026-09-11T18:05:41.247257,"2,1,1","4,16,1",166,320,0,320,,,,,,,,,,,,,,,,,,,
badd_f32,1.116,2026-09-11T18:05:41.247278,"1,1,1","1024,1,1",38,0,0,0,,,,,,,,,,,,,,,,,,,
urelu_f32,1.052,2026-09-11T18:05:41.247293,"1,1,1","1024,1,1",24,0,0,0,,,,,,,,,,,,,,,,,,,
copy2d_f32,1.084,2026-09-11T18:05:41.247306,"1,1,1","1024,1,1",16,0,0,0,,,,,,,,,,,,,,,,,,,
copy2d_f32,1.084,2026-09-11T18:05:41.247320,"1,1,1","1024,1,1",16,0,0,0,,,,,,,,,,,,,,,,,,,
copy2d_f32,1.052,2026-09-11T18:05:41.247343,"1,1,1","1024,1,1",16,0,0,0,,,,,,,,,,,,,,,,,,,
layernorm_f32,2.614,2026-09-11T18:05:41.247357,"1,1,1","32,1,1",28,256,256,0,,,,,,,,,,,,,,,,,,,
copy2d_f32,1.084,2026-09-11T18:05:41.247370,"1,1,1","1024,1,1",16,0,0,0,,,,,,,,,,,,,,,,,,,
copy2d_f32,1.052,2026-09-11T18:05:41.247385,"1,1,1","1024,1,1",16,0,0,0,,,,,,,,,,,,,,,,,,,
copy2d_f32,1.084,2026-09-11T18:05:41.247398,"1,1,1","1024,1,1",16,0,0,0,,,,,,,,,,,,,,,,,,,
"std::enable_if<!T7, void>::type internal::gemvx::kernel<int, int, float, float, float, float, (bool)0, (bool)1, (bool)1, (bool)0, (int)8, (bool)0, cublasGemvParamsEx<int, cublasGemvTensorStridedBatched<const float>, cublasGemvTensorStridedBatched<const float>, cublasGemvTensorStridedBatched<float>, float>>(T13)",2.073,2026-09-11T18:05:41.247413,"32,1,1","16,16,1",159,1088,0,1088,,,,,,,,,,,,,,,,,,,
badd_f32,1.18,2026-09-11T18:05:41.247426,"1,1,1","1024,1,1",38,0,0,0,,,,,,,,,,,,,,,,,,,
urelu_f32,1.116,2026-09-11T18:05:41.247439,"1,1,1","1024,1,1",24,0,0,0,,,,,,,,,,,,,,,,,,,
"void gemv2T_kernel_val<int, int, float, float, float, float, (int)128, (int)16, (int)2, (int)2, (bool)0, (bool)0, cublasGemvParamsEx<int, cublasGemvTensorStridedBatched<const float>, cublasGemvTensorStridedBatched<const float>, cublasGemvTensorStridedBatched<float>, float>>(T13, T6, T6)",2.423,2026-09-11T18:05:41.247452,"64,1,1","128,1,1",47,1536,1536,0,,,,,,,,,,,,,,,,,,,
badd_f32,1.148,2026-09-11T18:05:41.247465,"1,1,1","1024,1,1",38,0,0,0,,,,,,,,,,,,,,,,,,,
bmaximum_f32,2.009,2026-09-11T18:05:41.247479,"1,1,1","1024,1,1",38,0,0,0,,,,,,,,,,,,,,,,,,,
bminimum_f32,1.977,2026-09-11T18:05:41.247492,"1,1,1","1024,1,1",38,0,0,0,,,,,,,,,,,,,,,,,,,
"std::enable_if<!T7, void>::type internal::gemvx::kernel<int, int, float, float, float, float, (bool)0, (bool)1, (bool)1, (bool)0, (int)8, (bool)0, cublasGemvParamsEx<int, cublasGemvTensorStridedBatched<const float>, cublasGemvTensorStridedBatched<const float>, cublasGemvTensorStridedBatched<float>, float>>(T13)",2.71,2026-09-11T18:05:41.247505,"64,1,1","16,16,1",159,1088,0,1088,,,,,,,,,,,,,,,,,,,
badd_f32,1.212,2026-09-11T18:05:41.247518,"1,1,1","1024,1,1",38,0,0,0,,,,,,,,,,,,,,,,,,,
"std::enable_if<!T7, void>::type internal::gemvx::kernel<int, int, float, float, float, float, (bool)0, (bool)1, (bool)1, (bool)0, (int)8, (bool)0, cublasGemvParamsEx<int, cublasGemvTensorStridedBatched<const float>, cublasGemvTensorStridedBatched<const float>, cublasGemvTensorStridedBatched<float>, float>>(T13)",2.136,2026-09-11T18:05:41.247531,"32,1,1","16,16,1",159,1088,0,1088,,,,,,,,,,,,,,,,,,,
badd_f32,1.148,2026-09-11T18:05:41.247546,"1,1,1","1024,1,1",38,0,0,0,,,,,,,,,,,,,,,,,,,
urelu_f32,1.116,2026-09-11T18:05:41.247559,"1,1,1","1024,1,1",24,0,0,0,,,,,,,,,,,,,,,,,,,
"void gemv2T_kernel_val<int, int, float, float, float, float, (int)128, (int)16, (int)4, (int)4, (bool)0, (bool)0, cublasGemvParamsEx<int, cublasGemvTensorStridedBatched<const float>, cublasGemvTensorStridedBatched<const float>, cublasGemvTensorStridedBatched<float>, float>>(T13, T6, T6)",3.858,2026-09-11T18:05:41.247573,"512,1,1","128,1,1",59,2560,2560,0,,,,,,,,,,,,,,,,,,,
badd_f32,1.211,2026-09-11T18:05:41.247586,"4,1,1","1024,1,1",38,0,0,0,,,,,,,,,,,,,,,,,,,
copy2d_f32,1.084,2026-09-11T18:05:41.247599,"1,1,1","1024,1,1",16,0,0,0,,,,,,,,,,,,,,,,,,,
copy2d_f32,1.084,2026-09-11T18:05:41.247612,"1,1,1","1024,1,1",16,0,0,0,,,,,,,,,,,,,,,,,,,
copy2d_f32,1.052,2026-09-11T18:05:41.247644,"1,1,1","1024,1,1",16,0,0,0,,,,,,,,,,,,,,,,,,,
copy2d_f32,1.18,2026-09-11T18:05:41.247660,"1,1,1","1024,1,1",16,0,0,0,,,,,,,,,,,,,,,,,,,
copy2d_f32,1.148,2026-09-11T18:05:41.247673,"4,1,1","1024,1,1",16,0,0,0,,,,,,,,,,,,,,,,,,,
im2col_f32,2.295,2026-09-11T18:05:41.247686,"7,1,1","1024,1,1",36,0,0,0,,,,,,,,,,,,,,,,,,,
ampere_sgemm_32x32_sliced1x4_tn,3.411,2026-09-11T18:05:41.247700,"1,24,9","128,1,1",86,32768,32768,0,,,,,,,,,,,,,,,,,,,
"void cublasLt::splitKreduce_kernel<(int)32, (int)16, int, float, float, float, float, (bool)0, float, float, float, (bool)1, (bool)0, (bool)0>(cublasLt::cublasSplitKParams<T6>, const T4 *, const T10 *, T9 *, T5 *, const T6 *, const T6 *, const T11 *, const T4 *, T11 *, void *, long, T6 *, int *, T6 *, T6 *, const T6 *, const T6 *, const T6 *, const T6 *, const T6 *)",1.498,2026-09-11T18:05:41.247713,"1,48,1","32,16,1",44,0,0,0,,,,,,,,,,,,,,,,,,,
ucopy_f32,2.36,2026-09-11T18:05:41.247727,"6,1,1","1024,1,1",24,0,0,0,,,,,,,,,,,,,,,,,,,
badd_f32,2.678,2026-09-11T18:05:41.247742,"6,1,1","1024,1,1",38,0,0,0,,,,,,,,,,,,,,,,,,,
urelu_f32,1.212,2026-09-11T18:05:41.247756,"6,1,1","1024,1,1",24,0,0,0,,,,,,,,,,,,,,,,,,,
im2col_f32,2.327,2026-09-11T18:05:41.247770,"14,1,1","1024,1,1",36,0,0,0,,,,,,,,,,,,,,,,,,,
ampere_sgemm_32x32_sliced1x4_tn,3.284,2026-09-11T18:05:41.247783,"1,6,36","128,1,1",86,32768,32768,0,,,,,,,,,,,,,,,,,,,
"void cublasLt::splitKreduce_kernel<(int)32, (int)16, int, float, float, float, float, (bool)0, float, float, float, (bool)1, (bool)0, (bool)0>(cublasLt::cublasSplitKParams<T6>, const T4 *, const T10 *, T9 *, T5 *, const T6 *, const T6 *, const T11 *, const T4 *, T11 *, void *, long, T6 *, int *, T6 *, T6 *, const T6 *, const T6 *, const T6 *, const T6 *, const T6 *)",1.881,2026-09-11T18:05:41.247798,"1,12,1","32,16,1",44,0,0,0,,,,,,,,,,,,,,,,,,,
ucopy_f32,2.295,2026-09-11T18:05:41.247811,"3,1,1","1024,1,1",24,0,0,0,,,,,,,,,,,,,,,,,,,
badd_f32,2.647,2026-09-11T18:05:41.247831,"3,1,1","1024,1,1",38,0,0,0,,,,,,,,,,,,,,,,,,,
urelu_f32,1.148,2026-09-11T18:05:41.247847,"3,1,1","1024,1,1",24,0,0,0,,,,,,,,,,,,,,,,,,,
im2col_f32,2.296,2026-09-11T18:05:41.247860,"7,1,1","1024,1,1",36,0,0,0,,,,,,,,,,,,,,,,,,,
ampere_sgemm_32x32_sliced1x4_tn,3.252,2026-09-11T18:05:41.247873,"1,2,72","128,1,1",86,32768,32768,0,,,,,,,,,,,,,,,,,,,
"void cublasLt::splitKreduce_kernel<(int)32, (int)16, int, float, float, float, float, (bool)0, float, float, float, (bool)1, (bool)0, (bool)0>(cublasLt::cublasSplitKParams<T6>, const T4 *, const T10 *, T9 *, T5 *, const T6 *, const T6 *, const T11 *, const T4 *, T11 *, void *, long, T6 *, int *, T6 *, T6 *, const T6 *, const T6 *, const T6 *, const T6 *, const T6 *)",3.157,2026-09-11T18:05:41.247886,"1,3,1","32,16,1",44,0,0,0,,,,,,,,,,,,,,,,,,,
ucopy_f32,2.487,2026-09-11T18:05:41.247899,"2,1,1","1024,1,1",24,0,0,0,,,,,,,,,,,,,,,,,,,
badd_f32,2.646,2026-09-11T18:05:41.247912,"2,1,1","1024,1,1",38,0,0,0,,,,,,,,,,,,,,,,,,,
urelu_f32,1.148,2026-09-11T18:05:41.247927,"2,1,1","1024,1,1",24,0,0,0,,,,,,,,,,,,,,,,,,,
"std::enable_if<!T7, void>::type internal::gemvx::kernel<int, int, float, float, float, float, (bool)0, (bool)1, (bool)1, (bool)0, (int)7, (bool)0, cublasGemvParamsEx<int, cublasGemvTensorStridedBatched<const float>, cublasGemvTensorStridedBatched<const float>, cublasGemvTensorStridedBatched<float>, float>>(T13)",2.359,2026-09-11T18:05:41.247940,"32,1,1","32,4,1",159,528,0,528,,,,,,,,,,,,,,,,,,,
badd_f32,1.116,2026-09-11T18:05:41.247953,"1,1,1","1024,1,1",38,0,0,0,,,,,,,,,,,,,,,,,,,
urelu_f32,1.084,2026-09-11T18:05:41.247966,"1,1,1","1024,1,1",24,0,0,0,,,,,,,,,,,,,,,,,,,
im2col1d_f32,2.072,2026-09-11T18:05:41.247980,"1,1,1","1024,1,1",40,0,0,0,,,,,,,,,,,,,,,,,,,
ampere_sgemm_32x32_sliced1x4_tn,2.806,2026-09-11T18:05:41.247993,"1,12,6","128,1,1",86,32768,32768,0,,,,,,,,,,,,,,,,,,,
"void cublasLt::splitKreduce_kernel<(int)32, (int)16, int, float, float, float, float, (bool)0, float, float, float, (bool)1, (bool)0, (bool)0>(cublasLt::cublasSplitKParams<T6>, const T4 *, const T10 *, T9 *, T5 *, const T6 *, const T6 *, const T11 *, const T4 *, T11 *, void *, long, T6 *, int *, T6 *, T6 *, const T6 *, const T6 *, const T6 *, const T6 *, const T6 *)",1.53,2026-09-11T18:05:41.248006,"1,23,1","32,16,1",44,0,0,0,,,,,,,,,,,,,,,,,,,
ucopy_f32,2.073,2026-09-11T18:05:41.248020,"3,1,1","1024,1,1",24,0,0,0,,,,,,,,,,,,,,,,,,,
badd_f32,2.424,2026-09-11T18:05:41.248032,"3,1,1","1024,1,1",38,0,0,0,,,,,,,,,,,,,,,,,,,
urelu_f32,1.116,2026-09-11T18:05:41.248046,"3,1,1","1024,1,1",24,0,0,0,,,,,,,,,,,,,,,,,,,
im2col1d_f32,2.232,2026-09-11T18:05:41.248059,"2,1,1","1024,1,1",40,0,0,0,,,,,,,,,,,,,,,,,,,
ampere_sgemm_32x32_sliced1x4_tn,3.411,2026-09-11T18:05:41.248072,"1,6,24","128,1,1",86,32768,32768,0,,,,,,,,,,,,,,,,,,,
"void cublasLt::splitKreduce_kernel<(int)32, (int)16, int, float, float, float, float, (bool)0, float, float, float, (bool)1, (bool)0, (bool)0>(cublasLt::cublasSplitKParams<T6>, const T4 *, const T10 *, T9 *, T5 *, const T6 *, const T6 *, const T11 *, const T4 *, T11 *, void *, long, T6 *, int *, T6 *, T6 *, const T6 *, const T6 *, const T6 *, const T6 *, const T6 *)",1.626,2026-09-11T18:05:41.248085,"1,12,1","32,16,1",44,0,0,0,,,,,,,,,,,,,,,,,,,
ucopy_f32,2.168,2026-09-11T18:05:41.248100,"3,1,1","1024,1,1",24,0,0,0,,,,,,,,,,,,,,,,,,,
badd_f32,2.423,2026-09-11T18:05:41.248113,"3,1,1","1024,1,1",38,0,0,0,,,,,,,,,,,,,,,,,,,
urelu_f32,1.147,2026-09-11T18:05:41.248126,"3,1,1","1024,1,1",24,0,0,0,,,,,,,,,,,,,,,,,,,
im2col1d_f32,2.263,2026-09-11T18:05:41.248139,"2,1,1","1024,1,1",40,0,0,0,,,,,,,,,,,,,,,,,,,
ampere_sgemm_32x32_sliced1x4_tn,3.379,2026-09-11T18:05:41.248152,"1,3,48","128,1,1",86,32768,32768,0,,,,,,,,,,,,,,,,,,,
"void cublasLt::splitKreduce_kernel<(int)32, (int)16, int, float, float, float, float, (bool)0, float, float, float, (bool)1, (bool)0, (bool)0>(cublasLt::cublasSplitKParams<T6>, const T4 *, const T10 *, T9 *, T5 *, const T6 *, const T6 *, const T11 *, const T4 *, T11 *, void *, long, T6 *, int *, T6 *, T6 *, const T6 *, const T6 *, const T6 *, const T6 *, const T6 *)",2.519,2026-09-11T18:05:41.248164,"1,6,1","32,16,1",44,0,0,0,,,,,,,,,,,,,,,,,,,
ucopy_f32,2.295,2026-09-11T18:05:41.248177,"3,1,1","1024,1,1",24,0,0,0,,,,,,,,,,,,,,,,,,,
badd_f32,2.454,2026-09-11T18:05:41.248190,"3,1,1","1024,1,1",38,0,0,0,,,,,,,,,,,,,,,,,,,
urelu_f32,1.148,2026-09-11T18:05:41.248203,"3,1,1","1024,1,1",24,0,0,0,,,,,,,,,,,,,,,,,,,
"void dot_kernel<float, (int)128, (int)0, cublasDotParams<cublasGemvTensorStridedBatched<const float>, cublasGemvTensorStridedBatched<float>>>(T4)",2.583,2026-09-11T18:05:41.248218,"18,1,96","128,1,1",28,512,512,0,,,,,,,,,,,,,,,,,,,
"void reduce_1Block_kernel<float, (int)128, (int)7, cublasGemvTensorStridedBatched<float>, cublasGemvTensorStridedBatched<const float>, cublasGemvTensorStridedBatched<float>>(const T1 *, T1, T4, int, const T1 *, T1, T5, T6, cublasPointerMode_t, cublasLtEpilogue_t, cublasGemvTensorStridedBatched<const biasType<T6::value_type, T1>::type>)",1.275,2026-09-11T18:05:41.248231,"1,1,96","128,1,1",28,768,768,0,,,,,,,,,,,,,,,,,,,
badd_f32,1.084,2026-09-11T18:05:41.248245,"1,1,1","1024,1,1",38,0,0,0,,,,,,,,,,,,,,,,,,,
urelu_f32,1.084,2026-09-11T18:05:41.248260,"1,1,1","1024,1,1",24,0,0,0,,,,,,,,,,,,,,,,,,,
"std::enable_if<!T7, void>::type internal::gemvx::kernel<int, int, float, float, float, float, (bool)0, (bool)1, (bool)1, (bool)0, (int)6, (bool)0, cublasGemvParamsEx<int, cublasGemvTensorStridedBatched<const float>, cublasGemvTensorStridedBatched<const float>, cublasGemvTensorStridedBatched<float>, float>>(T13)",1.498,2026-09-11T18:05:41.248273,"2,1,1","4,16,1",166,320,0,320,,,,,,,,,,,,,,,,,,,
badd_f32,1.116,2026-09-11T18:05:41.248286,"1,1,1","1024,1,1",38,0,0,0,,,,,,,,,,,,,,,,,,,
urelu_f32,1.052,2026-09-11T18:05:41.248299,"1,1,1","1024,1,1",24,0,0,0,,,,,,,,,,,,,,,,,,,
copy2d_f32,1.084,2026-09-11T18:05:41.248312,"1,1,1","1024,1,1",16,0,0,0,,,,,,,,,,,,,,,,,,,
copy2d_f32,1.052,2026-09-11T18:05:41.248326,"1,1,1","1024,1,1",16,0,0,0,,,,,,,,,,,,,,,,,,,
copy2d_f32,1.053,2026-09-11T18:05:41.248339,"1,1,1","1024,1,1",16,0,0,0,,,,,,,,,,,,,,,,,,,
layernorm_f32,2.615,2026-09-11T18:05:41.248352,"1,1,1","32,1,1",28,256,256,0,,,,,,,,,,,,,,,,,,,
copy2d_f32,1.084,2026-09-11T18:05:41.248365,"1,1,1","1024,1,1",16,0,0,0,,,,,,,,,,,,,,,,,,,
copy2d_f32,1.053,2026-09-11T18:05:41.248378,"1,1,1","1024,1,1",16,0,0,0,,,,,,,,,,,,,,,,,,,
copy2d_f32,1.052,2026-09-11T18:05:41.248390,"1,1,1","1024,1,1",16,0,0,0,,,,,,,,,,,,,,,,,,,
"std::enable_if<!T7, void>::type internal::gemvx::kernel<int, int, float, float, float, float, (bool)0, (bool)1, (bool)1, (bool)0, (int)8, (bool)0, cublasGemvParamsEx<int, cublasGemvTensorStridedBatched<const float>, cublasGemvTensorStridedBatched<const float>, cublasGemvTensorStridedBatched<float>, float>>(T13)",2.008,2026-09-11T18:05:41.248403,"32,1,1","16,16,1",159,1088,0,1088,,,,,,,,,,,,,,,,,,,
badd_f32,1.148,2026-09-11T18:05:41.248416,"1,1,1","1024,1,1",38,0,0,0,,,,,,,,,,,,,,,,,,,
urelu_f32,1.116,2026-09-11T18:05:41.248430,"1,1,1","1024,1,1",24,0,0,0,,,,,,,,,,,,,,,,,,,
"void gemv2T_kernel_val<int, int, float, float, float, float, (int)128, (int)16, (int)2, (int)2, (bool)0, (bool)0, cublasGemvParamsEx<int, cublasGemvTensorStridedBatched<const float>, cublasGemvTensorStridedBatched<const float>, cublasGemvTensorStridedBatched<float>, float>>(T13, T6, T6)",2.486,2026-09-11T18:05:41.248444,"64,1,1","128,1,1",47,1536,1536,0,,,,,,,,,,,,,,,,,,,
badd_f32,1.147,2026-09-11T18:05:41.248457,"1,1,1","1024,1,1",38,0,0,0,,,,,,,,,,,,,,,,,,,
bmaximum_f32,1.977,2026-09-11T18:05:41.248470,"1,1,1","1024,1,1",38,0,0,0,,,,,,,,,,,,,,,,,,,
bminimum_f32,2.008,2026-09-11T18:05:41.248483,"1,1,1","1024,1,1",38,0,0,0,,,,,,,,,,,,,,,,,,,
"std::enable_if<!T7, void>::type internal::gemvx::kernel<int, int, float, float, float, float, (bool)0, (bool)1, (bool)1, (bool)0, (int)8, (bool)0, cublasGemvParamsEx<int, cublasGemvTensorStridedBatched<const float>, cublasGemvTensorStridedBatched<const float>, cublasGemvTensorStridedBatched<float>, float>>(T13)",1.881,2026-09-11T18:05:41.248496,"64,1,1","16,16,1",159,1088,0,1088,,,,,,,,,,,,,,,,,,,
badd_f32,1.211,2026-09-11T18:05:41.248509,"1,1,1","1024,1,1",38,0,0,0,,,,,,,,,,,,,,,,,,,
"std::enable_if<!T7, void>::type internal::gemvx::kernel<int, int, float, float, float, float, (bool)0, (bool)1, (bool)1, (bool)0, (int)8, (bool)0, cublasGemvParamsEx<int, cublasGemvTensorStridedBatched<const float>, cublasGemvTensorStridedBatched<const float>, cublasGemvTensorStridedBatched<float>, float>>(T13)",2.073,2026-09-11T18:05:41.248522,"32,1,1","16,16,1",159,1088,0,1088,,,,,,,,,,,,,,,,,,,
badd_f32,1.148,2026-09-11T18:05:41.248534,"1,1,1","1024,1,1",38,0,0,0,,,,,,,,,,,,,,,,,,,
urelu_f32,1.116,2026-09-11T18:05:41.248547,"1,1,1","1024,1,1",24,0,0,0,,,,,,,,,,,,,,,,,,,
"void gemv2T_kernel_val<int, int, float, float, float, float, (int)128, (int)16, (int)4, (int)4, (bool)0, (bool)0, cublasGemvParamsEx<int, cublasGemvTensorStridedBatched<const float>, cublasGemvTensorStridedBatched<const float>, cublasGemvTensorStridedBatched<float>, float>>(T13, T6, T6)",3.825,2026-09-11T18:05:41.248560,"512,1,1","128,1,1",59,2560,2560,0,,,,,,,,,,,,,,,,,,,
badd_f32,1.18,2026-09-11T18:05:41.248573,"4,1,1","1024,1,1",38,0,0,0,,,,,,,,,,,,,,,,,,,
copy2d_f32,1.116,2026-09-11T18:05:41.248585,"1,1,1","1024,1,1",16,0,0,0,,,,,,,,,,,,,,,,,,,
copy2d_f32,1.052,2026-09-11T18:05:41.248599,"1,1,1","1024,1,1",16,0,0,0,,,,,,,,,,,,,,,,,,,
copy2d_f32,1.052,2026-09-11T18:05:41.248613,"1,1,1","1024,1,1",16,0,0,0,,,,,,,,,,,,,,,,,,,
copy2d_f32,1.148,2026-09-11T18:05:41.248625,"1,1,1","1024,1,1",16,0,0,0,,,,,,,,,,,,,,,,,,,
copy2d_f32,1.18,2026-09-11T18:05:41.248651,"4,1,1","1024,1,1",16,0,0,0,,,,,,,,,,,,,,,,,,,
im2col_f32,2.295,2026-09-11T18:05:41.248672,"7,1,1","1024,1,1",36,0,0,0,,,,,,,,,,,,,,,,,,,
ampere_sgemm_32x32_sliced1x4_tn,3.411,2026-09-11T18:05:41.248687,"1,24,9","128,1,1",86,32768,32768,0,,,,,,,,,,,,,,,,,,,
"void cublasLt::splitKreduce_kernel<(int)32, (int)16, int, float, float, float, float, (bool)0, float, float, float, (bool)1, (bool)0, (bool)0>(cublasLt::cublasSplitKParams<T6>, const T4 *, const T10 *, T9 *, T5 *, const T6 *, const T6 *, const T11 *, const T4 *, T11 *, void *, long, T6 *, int *, T6 *, T6 *, const T6 *, const T6 *, const T6 *, const T6 *, const T6 *)",1.499,2026-09-11T18:05:41.248706,"1,48,1","32,16,1",44,0,0,0,,,,,,,,,,,,,,,,,,,
ucopy_f32,2.391,2026-09-11T18:05:41.248723,"6,1,1","1024,1,1",24,0,0,0,,,,,,,,,,,,,,,,,,,
badd_f32,2.678,2026-09-11T18:05:41.248736,"6,1,1","1024,1,1",38,0,0,0,,,,,,,,,,,,,,,,,,,
urelu_f32,1.211,2026-09-11T18:05:41.248749,"6,1,1","1024,1,1",24,0,0,0,,,,,,,,,,,,,,,,,,,
im2col_f32,2.328,2026-09-11T18:05:41.248762,"14,1,1","1024,1,1",36,0,0,0,,,,,,,,,,,,,,,,,,,
ampere_sgemm_32x32_sliced1x4_tn,3.348,2026-09-11T18:05:41.248774,"1,6,36","128,1,1",86,32768,32768,0,,,,,,,,,,,,,,,,,,,
"void cublasLt::splitKreduce_kernel<(int)32, (int)16, int, float, float, float, float, (bool)0, float, float, float, (bool)1, (bool)0, (bool)0>(cublasLt::cublasSplitKParams<T6>, const T4 *, const T10 *, T9 *, T5 *, const T6 *, const T6 *, const T11 *, const T4 *, T11 *, void *, long, T6 *, int *, T6 *, T6 *, const T6 *, const T6 *, const T6 *, const T6 *, const T6 *)",1.882,2026-09-11T18:05:41.248788,"1,12,1","32,16,1",44,0,0,0,,,,,,,,,,,,,,,,,,,
ucopy_f32,2.359,2026-09-11T18:05:41.248802,"3,1,1","1024,1,1",24,0,0,0,,,,,,,,,,,,,,,,,,,
badd_f32,2.71,2026-09-11T18:05:41.248815,"3,1,1","1024,1,1",38,0,0,0,,,,,,,,,,,,,,,,,,,
urelu_f32,1.18,2026-09-11T18:05:41.248828,"3,1,1","1024,1,1",24,0,0,0,,,,,,,,,,,,,,,,,,,
im2col_f32,2.296,2026-09-11T18:05:41.248841,"7,1,1","1024,1,1",36,0,0,0,,,,,,,,,,,,,,,,,,,
ampere_sgemm_32x32_sliced1x4_tn,3.316,2026-09-11T18:05:41.248854,"1,2,72","128,1,1",86,32768,32768,0,,,,,,,,,,,,,,,,,,,
"void cublasLt::splitKreduce_kernel<(int)32, (int)16, int, float, float, float, float, (bool)0, float, float, float, (bool)1, (bool)0, (bool)0>(cublasLt::cublasSplitKParams<T6>, const T4 *, const T10 *, T9 *, T5 *, const T6 *, const T6 *, const T11 *, const T4 *, T11 *, void *, long, T6 *, int *, T6 *, T6 *, const T6 *, const T6 *, const T6 *, const T6 *, const T6 *)",3.221,2026-09-11T18:05:41.248867,"1,3,1","32,16,1",44,0,0,0,,,,,,,,,,,,,,,,,,,
ucopy_f32,2.455,2026-09-11T18:05:41.248880,"2,1,1","1024,1,1",24,0,0,0,,,,,,,,,,,,,,,,,,,
badd_f32,2.742,2026-09-11T18:05:41.248892,"2,1,1","1024,1,1",38,0,0,0,,,,,,,,,,,,,,,,,,,
urelu_f32,1.212,2026-09-11T18:05:41.248906,"2,1,1","1024,1,1",24,0,0,0,,,,,,,,,,,,,,,,,,,
"std::enable_if<!T7, void>::type internal::gemvx::kernel<int, int, float, float, float, float, (bool)0, (bool)1, (bool)1, (bool)0, (int)7, (bool)0, cublasGemvParamsEx<int, cublasGemvTensorStridedBatched<const float>, cublasGemvTensorStridedBatched<const float>, cublasGemvTensorStridedBatched<float>, float>>(T13)",2.997,2026-09-11T18:05:41.248920,"32,1,1","32,4,1",159,528,0,528,,,,,,,,,,,,,,,,,,,
badd_f32,1.116,2026-09-11T18:05:41.248933,"1,1,1","1024,1,1",38,0,0,0,,,,,,,,,,,,,,,,,,,
urelu_f32,1.116,2026-09-11T18:05:41.248946,"1,1,1","1024,1,1",24,0,0,0,,,,,,,,,,,,,,,,,,,
im2col1d_f32,2.104,2026-09-11T18:05:41.248960,"1,1,1","1024,1,1",40,0,0,0,,,,,,,,,,,,,,,,,,,
ampere_sgemm_32x32_sliced1x4_tn,2.806,2026-09-11T18:05:41.248974,"1,12,6","128,1,1",86,32768,32768,0,,,,,,,,,,,,,,,,,,,
"void cublasLt::splitKreduce_kernel<(int)32, (int)16, int, float, float, float, float, (bool)0, float, float, float, (bool)1, (bool)0, (bool)0>(cublasLt::cublasSplitKParams<T6>, const T4 *, const T10 *, T9 *, T5 *, const T6 *, const T6 *, const T11 *, const T4 *, T11 *, void *, long, T6 *, int *, T6 *, T6 *, const T6 *, const T6 *, const T6 *, const T6 *, const T6 *)",1.562,2026-09-11T18:05:41.248987,"1,23,1","32,16,1",44,0,0,0,,,,,,,,,,,,,,,,,,,
ucopy_f32,2.041,2026-09-11T18:05:41.249000,"3,1,1","1024,1,1",24,0,0,0,,,,,,,,,,,,,,,,,,,
badd_f32,2.488,2026-09-11T18:05:41.249012,"3,1,1","1024,1,1",38,0,0,0,,,,,,,,,,,,,,,,,,,
urelu_f32,1.148,2026-09-11T18:05:41.249026,"3,1,1","1024,1,1",24,0,0,0,,,,,,,,,,,,,,,,,,,
im2col1d_f32,2.296,2026-09-11T18:05:41.249039,"2,1,1","1024,1,1",40,0,0,0,,,,,,,,,,,,,,,,,,,
ampere_sgemm_32x32_sliced1x4_tn,3.38,2026-09-11T18:05:41.249052,"1,6,24","128,1,1",86,32768,32768,0,,,,,,,,,,,,,,,,,,,
"void cublasLt::splitKreduce_kernel<(int)32, (int)16, int, float, float, float, float, (bool)0, float, float, float, (bool)1, (bool)0, (bool)0>(cublasLt::cublasSplitKParams<T6>, const T4 *, const T10 *, T9 *, T5 *, const T6 *, const T6 *, const T11 *, const T4 *, T11 *, void *, long, T6 *, int *, T6 *, T6 *, const T6 *, const T6 *, const T6 *, const T6 *, const T6 *)",1.658,2026-09-11T18:05:41.249067,"1,12,1","32,16,1",44,0,0,0,,,,,,,,,,,,,,,,,,,
ucopy_f32,2.168,2026-09-11T18:05:41.249080,"3,1,1","1024,1,1",24,0,0,0,,,,,,,,,,,,,,,,,,,
badd_f32,2.455,2026-09-11T18:05:41.249095,"3,1,1","1024,1,1",38,0,0,0,,,,,,,,,,,,,,,,,,,
urelu_f32,1.148,2026-09-11T18:05:41.249108,"3,1,1","1024,1,1",24,0,0,0,,,,,,,,,,,,,,,,,,,
im2col1d_f32,2.296,2026-09-11T18:05:41.249121,"2,1,1","1024,1,1",40,0,0,0,,,,,,,,,,,,,,,,,,,
ampere_sgemm_32x32_sliced1x4_tn,3.38,2026-09-11T18:05:41.249135,"1,3,48","128,1,1",86,32768,32768,0,,,,,,,,,,,,,,,,,,,
"void cublasLt::splitKreduce_kernel<(int)32, (int)16, int, float, float, float, float, (bool)0, float, float, float, (bool)1, (bool)0, (bool)0>(cublasLt::cublasSplitKParams<T6>, const T4 *, const T10 *, T9 *, T5 *, const T6 *, const T6 *, const T11 *, const T4 *, T11 *, void *, long, T6 *, int *, T6 *, T6 *, const T6 *, const T6 *, const T6 *, const T6 *, const T6 *)",2.519,2026-09-11T18:05:41.249149,"1,6,1","32,16,1",44,0,0,0,,,,,,,,,,,,,,,,,,,
ucopy_f32,2.327,2026-09-11T18:05:41.249161,"3,1,1","1024,1,1",24,0,0,0,,,,,,,,,,,,,,,,,,,
badd_f32,2.455,2026-09-11T18:05:41.249174,"3,1,1","1024,1,1",38,0,0,0,,,,,,,,,,,,,,,,,,,
urelu_f32,1.147,2026-09-11T18:05:41.249187,"3,1,1","1024,1,1",24,0,0,0,,,,,,,,,,,,,,,,,,,
"void dot_kernel<float, (int)128, (int)0, cublasDotParams<cublasGemvTensorStridedBatched<const float>, cublasGemvTensorStridedBatched<float>>>(T4)",2.646,2026-09-11T18:05:41.249200,"18,1,96","128,1,1",28,512,512,0,,,,,,,,,,,,,,,,,,,
"void reduce_1Block_kernel<float, (int)128, (int)7, cublasGemvTensorStridedBatched<float>, cublasGemvTensorStridedBatched<const float>, cublasGemvTensorStridedBatched<float>>(const T1 *, T1, T4, int, const T1 *, T1, T5, T6, cublasPointerMode_t, cublasLtEpilogue_t, cublasGemvTensorStridedBatched<const biasType<T6::value_type, T1>::type>)",1.307,2026-09-11T18:05:41.249214,"1,1,96","128,1,1",28,768,768,0,,,,,,,,,,,,,,,,,,,
badd_f32,1.116,2026-09-11T18:05:41.249227,"1,1,1","1024,1,1",38,0,0,0,,,,,,,,,,,,,,,,,,,
urelu_f32,1.116,2026-09-11T18:05:41.249240,"1,1,1","1024,1,1",24,0,0,0,,,,,,,,,,,,,,,,,,,
"std::enable_if<!T7, void>::type internal::gemvx::kernel<int, int, float, float, float, float, (bool)0, (bool)1, (bool)1, (bool)0, (int)6, (bool)0, cublasGemvParamsEx<int, cublasGemvTensorStridedBatched<const float>, cublasGemvTensorStridedBatched<const float>, cublasGemvTensorStridedBatched<float>, float>>(T13)",1.626,2026-09-11T18:05:41.249253,"2,1,1","4,16,1",166,320,0,320,,,,,,,,,,,,,,,,,,,
badd_f32,1.116,2026-09-11T18:05:41.249266,"1,1,1","1024,1,1",38,0,0,0,,,,,,,,,,,,,,,,,,,
urelu_f32,1.052,2026-09-11T18:05:41.249279,"1,1,1","1024,1,1",24,0,0,0,,,,,,,,,,,,,,,,,,,
copy2d_f32,1.115,2026-09-11T18:05:41.249291,"1,1,1","1024,1,1",16,0,0,0,,,,,,,,,,,,,,,,,,,
copy2d_f32,1.084,2026-09-11T18:05:41.249305,"1,1,1","1024,1,1",16,0,0,0,,,,,,,,,,,,,,,,,,,
copy2d_f32,1.053,2026-09-11T18:05:41.249318,"1,1,1","1024,1,1",16,0,0,0,,,,,,,,,,,,,,,,,,,
layernorm_f32,2.615,2026-09-11T18:05:41.249331,"1,1,1","32,1,1",28,256,256,0,,,,,,,,,,,,,,,,,,,
copy2d_f32,1.083,2026-09-11T18:05:41.249344,"1,1,1","1024,1,1",16,0,0,0,,,,,,,,,,,,,,,,,,,
copy2d_f32,1.052,2026-09-11T18:05:41.249357,"1,1,1","1024,1,1",16,0,0,0,,,,,,,,,,,,,,,,,,,
copy2d_f32,1.053,2026-09-11T18:05:41.249370,"1,1,1","1024,1,1",16,0,0,0,,,,,,,,,,,,,,,,,,,
"std::enable_if<!T7, void>::type internal::gemvx::kernel<int, int, float, float, float, float, (bool)0, (bool)1, (bool)1, (bool)0, (int)8, (bool)0, cublasGemvParamsEx<int, cublasGemvTensorStridedBatched<const float>, cublasGemvTensorStridedBatched<const float>, cublasGemvTensorStridedBatched<float>, float>>(T13)",2.2,2026-09-11T18:05:41.249383,"32,1,1","16,16,1",159,1088,0,1088,,,,,,,,,,,,,,,,,,,
badd_f32,1.179,2026-09-11T18:05:41.249395,"1,1,1","1024,1,1",38,0,0,0,,,,,,,,,,,,,,,,,,,
urelu_f32,1.116,2026-09-11T18:05:41.249409,"1,1,1","1024,1,1",24,0,0,0,,,,,,,,,,,,,,,,,,,
"void gemv2T_kernel_val<int, int, float, float, float, float, (int)128, (int)16, (int)2, (int)2, (bool)0, (bool)0, cublasGemvParamsEx<int, cublasGemvTensorStridedBatched<const float>, cublasGemvTensorStridedBatched<const float>, cublasGemvTensorStridedBatched<float>, float>>(T13, T6, T6)",2.423,2026-09-11T18:05:41.249422,"64,1,1","128,1,1",47,1536,1536,0,,,,,,,,,,,,,,,,,,,
badd_f32,1.148,2026-09-11T18:05:41.249435,"1,1,1","1024,1,1",38,0,0,0,,,,,,,,,,,,,,,,,,,
bmaximum_f32,1.977,2026-09-11T18:05:41.249448,"1,1,1","1024,1,1",38,0,0,0,,,,,,,,,,,,,,,,,,,
bminimum_f32,2.008,2026-09-11T18:05:41.249460,"1,1,1","1024,1,1",38,0,0,0,,,,,,,,,,,,,,,,,,,
"std::enable_if<!T7, void>::type internal::gemvx::kernel<int, int, float, float, float, float, (bool)0, (bool)1, (bool)1, (bool)0, (int)8, (bool)0, cublasGemvParamsEx<int, cublasGemvTensorStridedBatched<const float>, cublasGemvTensorStridedBatched<const float>, cublasGemvTensorStridedBatched<float>, float>>(T13)",2.87,2026-09-11T18:05:41.249474,"64,1,1","16,16,1",159,1088,0,1088,,,,,,,,,,,,,,,,,,,
badd_f32,1.212,2026-09-11T18:05:41.249487,"1,1,1","1024,1,1",38,0,0,0,,,,,,,,,,,,,,,,,,,
"std::enable_if<!T7, void>::type internal::gemvx::kernel<int, int, float, float, float, float, (bool)0, (bool)1, (bool)1, (bool)0, (int)8, (bool)0, cublasGemvParamsEx<int, cublasGemvTensorStridedBatched<const float>, cublasGemvTensorStridedBatched<const float>, cublasGemvTensorStridedBatched<float>, float>>(T13)",2.295,2026-09-11T18:05:41.249500,"32,1,1","16,16,1",159,1088,0,1088,,,,,,,,,,,,,,,,,,,
badd_f32,1.116,2026-09-11T18:05:41.249515,"1,1,1","1024,1,1",38,0,0,0,,,,,,,,,,,,,,,,,,,
urelu_f32,1.116,2026-09-11T18:05:41.249528,"1,1,1","1024,1,1",24,0,0,0,,,,,,,,,,,,,,,,,,,
"void gemv2T_kernel_val<int, int, float, float, float, float, (int)128, (int)16, (int)4, (int)4, (bool)0, (bool)0, cublasGemvParamsEx<int, cublasGemvTensorStridedBatched<const float>, cublasGemvTensorStridedBatched<const float>, cublasGemvTensorStridedBatched<float>, float>>(T13, T6, T6)",3.858,2026-09-11T18:05:41.249542,"512,1,1","128,1,1",59,2560,2560,0,,,,,,,,,,,,,,,,,,,
badd_f32,1.211,2026-09-11T18:05:41.249554,"4,1,1","1024,1,1",38,0,0,0,,,,,,,,,,,,,,,,,,,
copy2d_f32,1.148,2026-09-11T18:05:41.249567,"1,1,1","1024,1,1",16,0,0,0,,,,,,,,,,,,,,,,,,,
copy2d_f32,1.051,2026-09-11T18:05:41.249580,"1,1,1","1024,1,1",16,0,0,0,,,,,,,,,,,,,,,,,,,
copy2d_f32,1.116,2026-09-11T18:05:41.249593,"1,1,1","1024,1,1",16,0,0,0,,,,,,,,,,,,,,,,,,,
copy2d_f32,1.18,2026-09-11T18:05:41.249605,"1,1,1","1024,1,1",16,0,0,0,,,,,,,,,,,,,,,,,,,
copy2d_f32,1.307,2026-09-11T18:05:41.249636,"4,1,1","1024,1,1",16,0,0,0,,,,,,,,,,,,,,,,,,,
im2col_f32,2.264,2026-09-11T18:05:41.249654,"7,1,1","1024,1,1",36,0,0,0,,,,,,,,,,,,,,,,,,,
ampere_sgemm_32x32_sliced1x4_tn,3.507,2026-09-11T18:05:41.249668,"1,24,9","128,1,1",86,32768,32768,0,,,,,,,,,,,,,,,,,,,
"void cublasLt::splitKreduce_kernel<(int)32, (int)16, int, float, float, float, float, (bool)0, float, float, float, (bool)1, (bool)0, (bool)0>(cublasLt::cublasSplitKParams<T6>, const T4 *, const T10 *, T9 *, T5 *, const T6 *, const T6 *, const T11 *, const T4 *, T11 *, void *, long, T6 *, int *, T6 *, T6 *, const T6 *, const T6 *, const T6 *, const T6 *, const T6 *)",1.53,2026-09-11T18:05:41.249682,"1,48,1","32,16,1",44,0,0,0,,,,,,,,,,,,,,,,,,,
ucopy_f32,2.391,2026-09-11T18:05:41.249695,"6,1,1","1024,1,1",24,0,0,0,,,,,,,,,,,,,,,,,,,
badd_f32,2.71,2026-09-11T18:05:41.249708,"6,1,1","1024,1,1",38,0,0,0,,,,,,,,,,,,,,,,,,,
urelu_f32,1.244,2026-09-11T18:05:41.249721,"6,1,1","1024,1,1",24,0,0,0,,,,,,,,,,,,,,,,,,,
im2col_f32,2.327,2026-09-11T18:05:41.249734,"14,1,1","1024,1,1",36,0,0,0,,,,,,,,,,,,,,,,,,,
ampere_sgemm_32x32_sliced1x4_tn,3.316,2026-09-11T18:05:41.249747,"1,6,36","128,1,1",86,32768,32768,0,,,,,,,,,,,,,,,,,,,
"void cublasLt::splitKreduce_kernel<(int)32, (int)16, int, float, float, float, float, (bool)0, float, float, float, (bool)1, (bool)0, (bool)0>(cublasLt::cublasSplitKParams<T6>, const T4 *, const T10 *, T9 *, T5 *, const T6 *, const T6 *, const T11 *, const T4 *, T11 *, void *, long, T6 *, int *, T6 *, T6 *, const T6 *, const T6 *, const T6 *, const T6 *, const T6 *)",1.882,2026-09-11T18:05:41.249759,"1,12,1","32,16,1",44,0,0,0,,,,,,,,,,,,,,,,,,,
ucopy_f32,2.296,2026-09-11T18:05:41.249772,"3,1,1","1024,1,1",24,0,0,0,,,,,,,,,,,,,,,,,,,
badd_f32,2.646,2026-09-11T18:05:41.249785,"3,1,1","1024,1,1",38,0,0,0,,,,,,,,,,,,,,,,,,,
urelu_f32,1.116,2026-09-11T18:05:41.249798,"3,1,1","1024,1,1",24,0,0,0,,,,,,,,,,,,,,,,,,,
im2col_f32,2.296,2026-09-11T18:05:41.249811,"7,1,1","1024,1,1",36,0,0,0,,,,,,,,,,,,,,,,,,,
ampere_sgemm_32x32_sliced1x4_tn,3.252,2026-09-11T18:05:41.249826,"1,2,72","128,1,1",86,32768,32768,0,,,,,,,,,,,,,,,,,,,
"void cublasLt::splitKreduce_kernel<(int)32, (int)16, int, float, float, float, float, (bool)0, float, float, float, (bool)1, (bool)0, (bool)0>(cublasLt::cublasSplitKParams<T6>, const T4 *, const T10 *, T9 *, T5 *, const T6 *, const T6 *, const T11 *, const T4 *, T11 *, void *, long, T6 *, int *, T6 *, T6 *, const T6 *, const T6 *, const T6 *, const T6 *, const T6 *)",3.188,2026-09-11T18:05:41.249839,"1,3,1","32,16,1",44,0,0,0,,,,,,,,,,,,,,,,,,,
ucopy_f32,2.454,2026-09-11T18:05:41.249852,"2,1,1","1024,1,1",24,0,0,0,,,,,,,,,,,,,,,,,,,
badd_f32,2.646,2026-09-11T18:05:41.249865,"2,1,1","1024,1,1",38,0,0,0,,,,,,,,,,,,,,,,,,,
urelu_f32,1.148,2026-09-11T18:05:41.249880,"2,1,1","1024,1,1",24,0,0,0,,,,,,,,,,,,,,,,,,,
"std::enable_if<!T7, void>::type internal::gemvx::kernel<int, int, float, float, float, float, (bool)0, (bool)1, (bool)1, (bool)0, (int)7, (bool)0, cublasGemvParamsEx<int, cublasGemvTensorStridedBatched<const float>, cublasGemvTensorStridedBatched<const float>, cublasGemvTensorStridedBatched<float>, float>>(T13)",2.71,2026-09-11T18:05:41.249893,"32,1,1","32,4,1",159,528,0,528,,,,,,,,,,,,,,,,,,,
badd_f32,1.116,2026-09-11T18:05:41.249907,"1,1,1","1024,1,1",38,0,0,0,,,,,,,,,,,,,,,,,,,
urelu_f32,1.084,2026-09-11T18:05:41.249920,"1,1,1","1024,1,1",24,0,0,0,,,,,,,,,,,,,,,,,,,
im2col1d_f32,2.104,2026-09-11T18:05:41.249933,"1,1,1","1024,1,1",40,0,0,0,,,,,,,,,,,,,,,,,,,
ampere_sgemm_32x32_sliced1x4_tn,2.773,2026-09-11T18:05:41.249946,"1,12,6","128,1,1",86,32768,32768,0,,,,,,,,,,,,,,,,,,,
"void cublasLt::splitKreduce_kernel<(int)32, (int)16, int, float, float, float, float, (bool)0, float, float, float, (bool)1, (bool)0, (bool)0>(cublasLt::cublasSplitKParams<T6>, const T4 *, const T10 *, T9 *, T5 *, const T6 *, const T6 *, const T11 *, const T4 *, T11 *, void *, long, T6 *, int *, T6 *, T6 *, const T6 *, const T6 *, const T6 *, const T6 *, const T6 *)",1.53,2026-09-11T18:05:41.249961,"1,23,1","32,16,1",44,0,0,0,,,,,,,,,,,,,,,,,,,
ucopy_f32,2.072,2026-09-11T18:05:41.249974,"3,1,1","1024,1,1",24,0,0,0,,,,,,,,,,,,,,,,,,,
badd_f32,2.423,2026-09-11T18:05:41.249987,"3,1,1","1024,1,1",38,0,0,0,,,,,,,,,,,,,,,,,,,
urelu_f32,1.148,2026-09-11T18:05:41.250001,"3,1,1","1024,1,1",24,0,0,0,,,,,,,,,,,,,,,,,,,
im2col1d_f32,2.264,2026-09-11T18:05:41.250014,"2,1,1","1024,1,1",40,0,0,0,,,,,,,,,,,,,,,,,,,
ampere_sgemm_32x32_sliced1x4_tn,3.412,2026-09-11T18:05:41.250027,"1,6,24","128,1,1",86,32768,32768,0,,,,,,,,,,,,,,,,,,,
"void cublasLt::splitKreduce_kernel<(int)32, (int)16, int, float, float, float, float, (bool)0, float, float, float, (bool)1, (bool)0, (bool)0>(cublasLt::cublasSplitKParams<T6>, const T4 *, const T10 *, T9 *, T5 *, const T6 *, const T6 *, const T11 *, const T4 *, T11 *, void *, long, T6 *, int *, T6 *, T6 *, const T6 *, const T6 *, const T6 *, const T6 *, const T6 *)",1.626,2026-09-11T18:05:41.250040,"1,12,1","32,16,1",44,0,0,0,,,,,,,,,,,,,,,,,,,
ucopy_f32,2.2,2026-09-11T18:05:41.250053,"3,1,1","1024,1,1",24,0,0,0,,,,,,,,,,,,,,,,,,,
badd_f32,2.455,2026-09-11T18:05:41.250067,"3,1,1","1024,1,1",38,0,0,0,,,,,,,,,,,,,,,,,,,
urelu_f32,1.116,2026-09-11T18:05:41.250080,"3,1,1","1024,1,1",24,0,0,0,,,,,,,,,,,,,,,,,,,
im2col1d_f32,2.232,2026-09-11T18:05:41.250093,"2,1,1","1024,1,1",40,0,0,0,,,,,,,,,,,,,,,,,,,
ampere_sgemm_32x32_sliced1x4_tn,3.348,2026-09-11T18:05:41.250106,"1,3,48","128,1,1",86,32768,32768,0,,,,,,,,,,,,,,,,,,,
"void cublasLt::splitKreduce_kernel<(int)32, (int)16, int, float, float, float, float, (bool)0, float, float, float, (bool)1, (bool)0, (bool)0>(cublasLt::cublasSplitKParams<T6>, const T4 *, const T10 *, T9 *, T5 *, const T6 *, const T6 *, const T11 *, const T4 *, T11 *, void *, long, T6 *, int *, T6 *, T6 *, const T6 *, const T6 *, const T6 *, const T6 *, const T6 *)",2.519,2026-09-11T18:05:41.250119,"1,6,1","32,16,1",44,0,0,0,,,,,,,,,,,,,,,,,,,
ucopy_f32,2.296,2026-09-11T18:05:41.250132,"3,1,1","1024,1,1",24,0,0,0,,,,,,,,,,,,,,,,,,,
badd_f32,2.455,2026-09-11T18:05:41.250164,"3,1,1","1024,1,1",38,0,0,0,,,,,,,,,,,,,,,,,,,
urelu_f32,1.116,2026-09-11T18:05:41.250186,"3,1,1","1024,1,1",24,0,0,0,,,,,,,,,,,,,,,,,,,
"void dot_kernel<float, (int)128, (int)0, cublasDotParams<cublasGemvTensorStridedBatched<const float>, cublasGemvTensorStridedBatched<float>>>(T4)",2.614,2026-09-11T18:05:41.250219,"18,1,96","128,1,1",28,512,512,0,,,,,,,,,,,,,,,,,,,
"void reduce_1Block_kernel<float, (int)128, (int)7, cublasGemvTensorStridedBatched<float>, cublasGemvTensorStridedBatched<const float>, cublasGemvTensorStridedBatched<float>>(const T1 *, T1, T4, int, const T1 *, T1, T5, T6, cublasPointerMode_t, cublasLtEpilogue_t, cublasGemvTensorStridedBatched<const biasType<T6::value_type, T1>::type>)",1.307,2026-09-11T18:05:41.250233,"1,1,96","128,1,1",28,768,768,0,,,,,,,,,,,,,,,,,,,
badd_f32,1.116,2026-09-11T18:05:41.250246,"1,1,1","1024,1,1",38,0,0,0,,,,,,,,,,,,,,,,,,,
urelu_f32,1.085,2026-09-11T18:05:41.250258,"1,1,1","1024,1,1",24,0,0,0,,,,,,,,,,,,,,,,,,,
"std::enable_if<!T7, void>::type internal::gemvx::kernel<int, int, float, float, float, float, (bool)0, (bool)1, (bool)1, (bool)0, (int)6, (bool)0, cublasGemvParamsEx<int, cublasGemvTensorStridedBatched<const float>, cublasGemvTensorStridedBatched<const float>, cublasGemvTensorStridedBatched<float>, float>>(T13)",1.626,2026-09-11T18:05:41.250272,"2,1,1","4,16,1",166,320,0,320,,,,,,,,,,,,,,,,,,,
badd_f32,1.116,2026-09-11T18:05:41.250285,"1,1,1","1024,1,1",38,0,0,0,,,,,,,,,,,,,,,,,,,
urelu_f32,1.083,2026-09-11T18:05:41.250298,"1,1,1","1024,1,1",24,0,0,0,,,,,,,,,,,,,,,,,,,
copy2d_f32,1.052,2026-09-11T18:05:41.250311,"1,1,1","1024,1,1",16,0,0,0,,,,,,,,,,,,,,,,,,,
copy2d_f32,1.052,2026-09-11T18:05:41.250324,"1,1,1","1024,1,1",16,0,0,0,,,,,,,,,,,,,,,,,,,
copy2d_f32,1.084,2026-09-11T18:05:41.250336,"1,1,1","1024,1,1",16,0,0,0,,,,,,,,,,,,,,,,,,,
layernorm_f32,2.614,2026-09-11T18:05:41.250349,"1,1,1","32,1,1",28,256,256,0,,,,,,,,,,,,,,,,,,,
copy2d_f32,1.052,2026-09-11T18:05:41.250362,"1,1,1","1024,1,1",16,0,0,0,,,,,,,,,,,,,,,,,,,
copy2d_f32,1.085,2026-09-11T18:05:41.250376,"1,1,1","1024,1,1",16,0,0,0,,,,,,,,,,,,,,,,,,,
copy2d_f32,1.052,2026-09-11T18:05:41.250389,"1,1,1","1024,1,1",16,0,0,0,,,,,,,,,,,,,,,,,,,
"std::enable_if<!T7, void>::type internal::gemvx::kernel<int, int, float, float, float, float, (bool)0, (bool)1, (bool)1, (bool)0, (int)8, (bool)0, cublasGemvParamsEx<int, cublasGemvTensorStridedBatched<const float>, cublasGemvTensorStridedBatched<const float>, cublasGemvTensorStridedBatched<float>, float>>(T13)",2.646,2026-09-11T18:05:41.250402,"32,1,1","16,16,1",159,1088,0,1088,,,,,,,,,,,,,,,,,,,
badd_f32,1.147,2026-09-11T18:05:41.250415,"1,1,1","1024,1,1",38,0,0,0,,,,,,,,,,,,,,,,,,,
urelu_f32,1.148,2026-09-11T18:05:41.250429,"1,1,1","1024,1,1",24,0,0,0,,,,,,,,,,,,,,,,,,,
"void gemv2T_kernel_val<int, int, float, float, float, float, (int)128, (int)16, (int)2, (int)2, (bool)0, (bool)0, cublasGemvParamsEx<int, cublasGemvTensorStridedBatched<const float>, cublasGemvTensorStridedBatched<const float>, cublasGemvTensorStridedBatched<float>, float>>(T13, T6, T6)",2.551,2026-09-11T18:05:41.250442,"64,1,1","128,1,1",47,1536,1536,0,,,,,,,,,,,,,,,,,,,
badd_f32,1.148,2026-09-11T18:05:41.250455,"1,1,1","1024,1,1",38,0,0,0,,,,,,,,,,,,,,,,,,,
bmaximum_f32,2.009,2026-09-11T18:05:41.250468,"1,1,1","1024,1,1",38,0,0,0,,,,,,,,,,,,,,,,,,,
bminimum_f32,2.009,2026-09-11T18:05:41.250481,"1,1,1","1024,1,1",38,0,0,0,,,,,,,,,,,,,,,,,,,
"std::enable_if<!T7, void>::type internal::gemvx::kernel<int, int, float, float, float, float, (bool)0, (bool)1, (bool)1, (bool)0, (int)8, (bool)0, cublasGemvParamsEx<int, cublasGemvTensorStridedBatched<const float>, cublasGemvTensorStridedBatched<const float>, cublasGemvTensorStridedBatched<float>, float>>(T13)",2.742,2026-09-11T18:05:41.250494,"64,1,1","16,16,1",159,1088,0,1088,,,,,,,,,,,,,,,,,,,
badd_f32,1.211,2026-09-11T18:05:41.250507,"1,1,1","1024,1,1",38,0,0,0,,,,,,,,,,,,,,,,,,,
"std::enable_if<!T7, void>::type internal::gemvx::kernel<int, int, float, float, float, float, (bool)0, (bool)1, (bool)1, (bool)0, (int)8, (bool)0, cublasGemvParamsEx<int, cublasGemvTensorStridedBatched<const float>, cublasGemvTensorStridedBatched<const float>, cublasGemvTensorStridedBatched<float>, float>>(T13)",2.136,2026-09-11T18:05:41.250520,"32,1,1","16,16,1",159,1088,0,1088,,,,,,,,,,,,,,,,,,,
badd_f32,1.148,2026-09-11T18:05:41.250532,"1,1,1","1024,1,1",38,0,0,0,,,,,,,,,,,,,,,,,,,
urelu_f32,1.116,2026-09-11T18:05:41.250547,"1,1,1","1024,1,1",24,0,0,0,,,,,,,,,,,,,,,,,,,
"void gemv2T_kernel_val<int, int, float, float, float, float, (int)128, (int)16, (int)4, (int)4, (bool)0, (bool)0, cublasGemvParamsEx<int, cublasGemvTensorStridedBatched<const float>, cublasGemvTensorStridedBatched<const float>, cublasGemvTensorStridedBatched<float>, float>>(T13, T6, T6)",3.826,2026-09-11T18:05:41.250567,"512,1,1","128,1,1",59,2560,2560,0,,,,,,,,,,,,,,,,,,,
badd_f32,1.211,2026-09-11T18:05:41.250583,"4,1,1","1024,1,1",38,0,0,0,,,,,,,,,,,,,,,,,,,
copy2d_f32,1.084,2026-09-11T18:05:41.250596,"1,1,1","1024,1,1",16,0,0,0,,,,,,,,,,,,,,,,,,,
copy2d_f32,1.084,2026-09-11T18:05:41.250609,"1,1,1","1024,1,1",16,0,0,0,,,,,,,,,,,,,,,,,,,
copy2d_f32,1.084,2026-09-11T18:05:41.250622,"1,1,1","1024,1,1",16,0,0,0,,,,,,,,,,,,,,,,,,,
copy2d_f32,1.147,2026-09-11T18:05:41.250635,"1,1,1","1024,1,1",16,0,0,0,,,,,,,,,,,,,,,,,,,
copy2d_f32,1.18,2026-09-11T18:05:41.250648,"4,1,1","1024,1,1",16,0,0,0,,,,,,,,,,,,,,,,,,,
im2col_f32,2.328,2026-09-11T18:05:41.250661,"7,1,1","1024,1,1",36,0,0,0,,,,,,,,,,,,,,,,,,,
ampere_sgemm_32x32_sliced1x4_tn,3.507,2026-09-11T18:05:41.250675,"1,24,9","128,1,1",86,32768,32768,0,,,,,,,,,,,,,,,,,,,
"void cublasLt::splitKreduce_kernel<(int)32, (int)16, int, float, float, float, float, (bool)0, float, float, float, (bool)1, (bool)0, (bool)0>(cublasLt::cublasSplitKParams<T6>, const T4 *, const T10 *, T9 *, T5 *, const T6 *, const T6 *, const T11 *, const T4 *, T11 *, void *, long, T6 *, int *, T6 *, T6 *, const T6 *, const T6 *, const T6 *, const T6 *, const T6 *)",1.498,2026-09-11T18:05:41.250688,"1,48,1","32,16,1",44,0,0,0,,,,,,,,,,,,,,,,,,,
ucopy_f32,2.391,2026-09-11T18:05:41.250704,"6,1,1","1024,1,1",24,0,0,0,,,,,,,,,,,,,,,,,,,
badd_f32,2.71,2026-09-11T18:05:41.250718,"6,1,1","1024,1,1",38,0,0,0,,,,,,,,,,,,,,,,,,,
urelu_f32,1.211,2026-09-11T18:05:41.250732,"6,1,1","1024,1,1",24,0,0,0,,,,,,,,,,,,,,,,,,,
im2col_f32,2.327,2026-09-11T18:05:41.250746,"14,1,1","1024,1,1",36,0,0,0,,,,,,,,,,,,,,,,,,,
ampere_sgemm_32x32_sliced1x4_tn,3.316,2026-09-11T18:05:41.250759,"1,6,36","128,1,1",86,32768,32768,0,,,,,,,,,,,,,,,,,,,
"void cublasLt::splitKreduce_kernel<(int)32, (int)16, int, float, float, float, float, (bool)0, float, float, float, (bool)1, (bool)0, (bool)0>(cublasLt::cublasSplitKParams<T6>, const T4 *, const T10 *, T9 *, T5 *, const T6 *, const T6 *, const T11 *, const T4 *, T11 *, void *, long, T6 *, int *, T6 *, T6 *, const T6 *, const T6 *, const T6 *, const T6 *, const T6 *)",1.881,2026-09-11T18:05:41.250771,"1,12,1","32,16,1",44,0,0,0,,,,,,,,,,,,,,,,,,,
ucopy_f32,2.295,2026-09-11T18:05:41.250784,"3,1,1","1024,1,1",24,0,0,0,,,,,,,,,,,,,,,,,,,
badd_f32,2.678,2026-09-11T18:05:41.250797,"3,1,1","1024,1,1",38,0,0,0,,,,,,,,,,,,,,,,,,,
urelu_f32,1.148,2026-09-11T18:05:41.250810,"3,1,1","1024,1,1",24,0,0,0,,,,,,,,,,,,,,,,,,,
im2col_f32,2.296,2026-09-11T18:05:41.250823,"7,1,1","1024,1,1",36,0,0,0,,,,,,,,,,,,,,,,,,,
ampere_sgemm_32x32_sliced1x4_tn,3.284,2026-09-11T18:05:41.250836,"1,2,72","128,1,1",86,32768,32768,0,,,,,,,,,,,,,,,,,,,
"void cublasLt::splitKreduce_kernel<(int)32, (int)16, int, float, float, float, float, (bool)0, float, float, float, (bool)1, (bool)0, (bool)0>(cublasLt::cublasSplitKParams<T6>, const T4 *, const T10 *, T9 *, T5 *, const T6 *, const T6 *, const T11 *, const T4 *, T11 *, void *, long, T6 *, int *, T6 *, T6 *, const T6 *, const T6 *, const T6 *, const T6 *, const T6 *)",3.157,2026-09-11T18:05:41.250849,"1,3,1","32,16,1",44,0,0,0,,,,,,,,,,,,,,,,,,,
ucopy_f32,2.487,2026-09-11T18:05:41.250863,"2,1,1","1024,1,1",24,0,0,0,,,,,,,,,,,,,,,,,,,
badd_f32,2.647,2026-09-11T18:05:41.250876,"2,1,1","1024,1,1",38,0,0,0,,,,,,,,,,,,,,,,,,,
urelu_f32,1.116,2026-09-11T18:05:41.250889,"2,1,1","1024,1,1",24,0,0,0,,,,,,,,,,,,,,,,,,,
"std::enable_if<!T7, void>::type internal::gemvx::kernel<int, int, float, float, float, float, (bool)0, (bool)1, (bool)1, (bool)0, (int)7, (bool)0, cublasGemvParamsEx<int, cublasGemvTensorStridedBatched<const float>, cublasGemvTensorStridedBatched<const float>, cublasGemvTensorStridedBatched<float>, float>>(T13)",3.22,2026-09-11T18:05:41.250903,"32,1,1","32,4,1",159,528,0,528,,,,,,,,,,,,,,,,,,,
badd_f32,1.116,2026-09-11T18:05:41.250916,"1,1,1","1024,1,1",38,0,0,0,,,,,,,,,,,,,,,,,,,
urelu_f32,1.084,2026-09-11T18:05:41.250929,"1,1,1","1024,1,1",24,0,0,0,,,,,,,,,,,,,,,,,,,
im2col1d_f32,2.104,2026-09-11T18:05:41.250943,"1,1,1","1024,1,1",40,0,0,0,,,,,,,,,,,,,,,,,,,
ampere_sgemm_32x32_sliced1x4_tn,2.774,2026-09-11T18:05:41.250956,"1,12,6","128,1,1",86,32768,32768,0,,,,,,,,,,,,,,,,,,,
"void cublasLt::splitKreduce_kernel<(int)32, (int)16, int, float, float, float, float, (bool)0, float, float, float, (bool)1, (bool)0, (bool)0>(cublasLt::cublasSplitKParams<T6>, const T4 *, const T10 *, T9 *, T5 *, const T6 *, const T6 *, const T11 *, const T4 *, T11 *, void *, long, T6 *, int *, T6 *, T6 *, const T6 *, const T6 *, const T6 *, const T6 *, const T6 *)",1.499,2026-09-11T18:05:41.250969,"1,23,1","32,16,1",44,0,0,0,,,,,,,,,,,,,,,,,,,
ucopy_f32,2.073,2026-09-11T18:05:41.250982,"3,1,1","1024,1,1",24,0,0,0,,,,,,,,,,,,,,,,,,,
badd_f32,2.455,2026-09-11T18:05:41.250995,"3,1,1","1024,1,1",38,0,0,0,,,,,,,,,,,,,,,,,,,
urelu_f32,1.116,2026-09-11T18:05:41.251008,"3,1,1","1024,1,1",24,0,0,0,,,,,,,,,,,,,,,,,,,
im2col1d_f32,2.296,2026-09-11T18:05:41.251020,"2,1,1","1024,1,1",40,0,0,0,,,,,,,,,,,,,,,,,,,
ampere_sgemm_32x32_sliced1x4_tn,3.444,2026-09-11T18:05:41.251033,"1,6,24","128,1,1",86,32768,32768,0,,,,,,,,,,,,,,,,,,,
"void cublasLt::splitKreduce_kernel<(int)32, (int)16, int, float, float, float, float, (bool)0, float, float, float, (bool)1, (bool)0, (bool)0>(cublasLt::cublasSplitKParams<T6>, const T4 *, const T10 *, T9 *, T5 *, const T6 *, const T6 *, const T11 *, const T4 *, T11 *, void *, long, T6 *, int *, T6 *, T6 *, const T6 *, const T6 *, const T6 *, const T6 *, const T6 *)",1.657,2026-09-11T18:05:41.251046,"1,12,1","32,16,1",44,0,0,0,,,,,,,,,,,,,,,,,,,
ucopy_f32,2.168,2026-09-11T18:05:41.251061,"3,1,1","1024,1,1",24,0,0,0,,,,,,,,,,,,,,,,,,,
badd_f32,2.423,2026-09-11T18:05:41.251074,"3,1,1","1024,1,1",38,0,0,0,,,,,,,,,,,,,,,,,,,
urelu_f32,1.148,2026-09-11T18:05:41.251087,"3,1,1","1024,1,1",24,0,0,0,,,,,,,,,,,,,,,,,,,
im2col1d_f32,2.264,2026-09-11T18:05:41.251100,"2,1,1","1024,1,1",40,0,0,0,,,,,,,,,,,,,,,,,,,
ampere_sgemm_32x32_sliced1x4_tn,3.348,2026-09-11T18:05:41.251113,"1,3,48","128,1,1",86,32768,32768,0,,,,,,,,,,,,,,,,,,,
"void cublasLt::splitKreduce_kernel<(int)32, (int)16, int, float, float, float, float, (bool)0, float, float, float, (bool)1, (bool)0, (bool)0>(cublasLt::cublasSplitKParams<T6>, const T4 *, const T10 *, T9 *, T5 *, const T6 *, const T6 *, const T11 *, const T4 *, T11 *, void *, long, T6 *, int *, T6 *, T6 *, const T6 *, const T6 *, const T6 *, const T6 *, const T6 *)",2.519,2026-09-11T18:05:41.251126,"1,6,1","32,16,1",44,0,0,0,,,,,,,,,,,,,,,,,,,
ucopy_f32,2.328,2026-09-11T18:05:41.251139,"3,1,1","1024,1,1",24,0,0,0,,,,,,,,,,,,,,,,,,,
badd_f32,2.423,2026-09-11T18:05:41.251152,"3,1,1","1024,1,1",38,0,0,0,,,,,,,,,,,,,,,,,,,
urelu_f32,1.147,2026-09-11T18:05:41.251165,"3,1,1","1024,1,1",24,0,0,0,,,,,,,,,,,,,,,,,,,
"void dot_kernel<float, (int)128, (int)0, cublasDotParams<cublasGemvTensorStridedBatched<const float>, cublasGemvTensorStridedBatched<float>>>(T4)",2.614,2026-09-11T18:05:41.251178,"18,1,96","128,1,1",28,512,512,0,,,,,,,,,,,,,,,,,,,
"void reduce_1Block_kernel<float, (int)128, (int)7, cublasGemvTensorStridedBatched<float>, cublasGemvTensorStridedBatched<const float>, cublasGemvTensorStridedBatched<float>>(const T1 *, T1, T4, int, const T1 *, T1, T5, T6, cublasPointerMode_t, cublasLtEpilogue_t, cublasGemvTensorStridedBatched<const biasType<T6::value_type, T1>::type>)",1.307,2026-09-11T18:05:41.251191,"1,1,96","128,1,1",28,768,768,0,,,,,,,,,,,,,,,,,,,
badd_f32,1.084,2026-09-11T18:05:41.251204,"1,1,1","1024,1,1",38,0,0,0,,,,,,,,,,,,,,,,,,,
urelu_f32,1.084,2026-09-11T18:05:41.251217,"1,1,1","1024,1,1",24,0,0,0,,,,,,,,,,,,,,,,,,,
"std::enable_if<!T7, void>::type internal::gemvx::kernel<int, int, float, float, float, float, (bool)0, (bool)1, (bool)1, (bool)0, (int)6, (bool)0, cublasGemvParamsEx<int, cublasGemvTensorStridedBatched<const float>, cublasGemvTensorStridedBatched<const float>, cublasGemvTensorStridedBatched<float>, float>>(T13)",1.658,2026-09-11T18:05:41.251231,"2,1,1","4,16,1",166,320,0,320,,,,,,,,,,,,,,,,,,,
badd_f32,1.084,2026-09-11T18:05:41.251245,"1,1,1","1024,1,1",38,0,0,0,,,,,,,,,,,,,,,,,,,
urelu_f32,1.052,2026-09-11T18:05:41.251260,"1,1,1","1024,1,1",24,0,0,0,,,,,,,,,,,,,,,,,,,
copy2d_f32,1.085,2026-09-11T18:05:41.251274,"1,1,1","1024,1,1",16,0,0,0,,,,,,,,,,,,,,,,,,,
copy2d_f32,1.084,2026-09-11T18:05:41.251289,"1,1,1","1024,1,1",16,0,0,0,,,,,,,,,,,,,,,,,,,
copy2d_f32,1.052,2026-09-11T18:05:41.251302,"1,1,1","1024,1,1",16,0,0,0,,,,,,,,,,,,,,,,,,,
layernorm_f32,2.614,2026-09-11T18:05:41.251315,"1,1,1","32,1,1",28,256,256,0,,,,,,,,,,,,,,,,,,,
copy2d_f32,1.084,2026-09-11T18:05:41.251328,"1,1,1","1024,1,1",16,0,0,0,,,,,,,,,,,,,,,,,,,
copy2d_f32,1.052,2026-09-11T18:05:41.251341,"1,1,1","1024,1,1",16,0,0,0,,,,,,,,,,,,,,,,,,,
copy2d_f32,1.084,2026-09-11T18:05:41.251354,"1,1,1","1024,1,1",16,0,0,0,,,,,,,,,,,,,,,,,,,
"std::enable_if<!T7, void>::type internal::gemvx::kernel<int, int, float, float, float, float, (bool)0, (bool)1, (bool)1, (bool)0, (int)8, (bool)0, cublasGemvParamsEx<int, cublasGemvTensorStridedBatched<const float>, cublasGemvTensorStridedBatched<const float>, cublasGemvTensorStridedBatched<float>, float>>(T13)",2.136,2026-09-11T18:05:41.251367,"32,1,1","16,16,1",159,1088,0,1088,,,,,,,,,,,,,,,,,,,
badd_f32,1.18,2026-09-11T18:05:41.251380,"1,1,1","1024,1,1",38,0,0,0,,,,,,,,,,,,,,,,,,,
urelu_f32,1.116,2026-09-11T18:05:41.251393,"1,1,1","1024,1,1",24,0,0,0,,,,,,,,,,,,,,,,,,,
"void gemv2T_kernel_val<int, int, float, float, float, float, (int)128, (int)16, (int)2, (int)2, (bool)0, (bool)0, cublasGemvParamsEx<int, cublasGemvTensorStridedBatched<const float>, cublasGemvTensorStridedBatched<const float>, cublasGemvTensorStridedBatched<float>, float>>(T13, T6, T6)",2.55,2026-09-11T18:05:41.251407,"64,1,1","128,1,1",47,1536,1536,0,,,,,,,,,,,,,,,,,,,
badd_f32,1.148,2026-09-11T18:05:41.251420,"1,1,1","1024,1,1",38,0,0,0,,,,,,,,,,,,,,,,,,,
bmaximum_f32,2.009,2026-09-11T18:05:41.251433,"1,1,1","1024,1,1",38,0,0,0,,,,,,,,,,,,,,,,,,,
bminimum_f32,2.04,2026-09-11T18:05:41.251446,"1,1,1","1024,1,1",38,0,0,0,,,,,,,,,,,,,,,,,,,
"std::enable_if<!T7, void>::type internal::gemvx::kernel<int, int, float, float, float, float, (bool)0, (bool)1, (bool)1, (bool)0, (int)8, (bool)0, cublasGemvParamsEx<int, cublasGemvTensorStridedBatched<const float>, cublasGemvTensorStridedBatched<const float>, cublasGemvTensorStridedBatched<float>, float>>(T13)",2.933,2026-09-11T18:05:41.251459,"64,1,1","16,16,1",159,1088,0,1088,,,,,,,,,,,,,,,,,,,
badd_f32,1.211,2026-09-11T18:05:41.251472,"1,1,1","1024,1,1",38,0,0,0,,,,,,,,,,,,,,,,,,,
"std::enable_if<!T7, void>::type internal::gemvx::kernel<int, int, float, float, float, float, (bool)0, (bool)1, (bool)1, (bool)0, (int)8, (bool)0, cublasGemvParamsEx<int, cublasGemvTensorStridedBatched<const float>, cublasGemvTensorStridedBatched<const float>, cublasGemvTensorStridedBatched<float>, float>>(T13)",2.104,2026-09-11T18:05:41.251485,"32,1,1","16,16,1",159,1088,0,1088,,,,,,,,,,,,,,,,,,,
badd_f32,1.116,2026-09-11T18:05:41.251498,"1,1,1","1024,1,1",38,0,0,0,,,,,,,,,,,,,,,,,,,
urelu_f32,1.116,2026-09-11T18:05:41.251513,"1,1,1","1024,1,1",24,0,0,0,,,,,,,,,,,,,,,,,,,
"void gemv2T_kernel_val<int, int, float, float, float, float, (int)128, (int)16, (int)4, (int)4, (bool)0, (bool)0, cublasGemvParamsEx<int, cublasGemvTensorStridedBatched<const float>, cublasGemvTensorStridedBatched<const float>, cublasGemvTensorStridedBatched<float>, float>>(T13, T6, T6)",3.826,2026-09-11T18:05:41.251529,"512,1,1","128,1,1",59,2560,2560,0,,,,,,,,,,,,,,,,,,,
badd_f32,1.18,2026-09-11T18:05:41.251542,"4,1,1","1024,1,1",38,0,0,0,,,,,,,,,,,,,,,,,,,
copy2d_f32,1.084,2026-09-11T18:05:41.251554,"1,1,1","1024,1,1",16,0,0,0,,,,,,,,,,,,,,,,,,,
copy2d_f32,1.052,2026-09-11T18:05:41.251567,"1,1,1","1024,1,1",16,0,0,0,,,,,,,,,,,,,,,,,,,
copy2d_f32,1.084,2026-09-11T18:05:41.251582,"1,1,1","1024,1,1",16,0,0,0,,,,,,,,,,,,,,,,,,,
copy2d_f32,1.147,2026-09-11T18:05:41.251595,"1,1,1","1024,1,1",16,0,0,0,,,,,,,,,,,,,,,,,,,
copy2d_f32,1.179,2026-09-11T18:05:41.251607,"4,1,1","1024,1,1",16,0,0,0,,,,,,,,,,,,,,,,,,,
im2col_f32,2.264,2026-09-11T18:05:41.251639,"7,1,1","1024,1,1",36,0,0,0,,,,,,,,,,,,,,,,,,,
ampere_sgemm_32x32_sliced1x4_tn,3.412,2026-09-11T18:05:41.251654,"1,24,9","128,1,1",86,32768,32768,0,,,,,,,,,,,,,,,,,,,
"void cublasLt::splitKreduce_kernel<(int)32, (int)16, int, float, float, float, float, (bool)0, float, float, float, (bool)1, (bool)0, (bool)0>(cublasLt::cublasSplitKParams<T6>, const T4 *, const T10 *, T9 *, T5 *, const T6 *, const T6 *, const T11 *, const T4 *, T11 *, void *, long, T6 *, int *, T6 *, T6 *, const T6 *, const T6 *, const T6 *, const T6 *, const T6 *)",1.467,2026-09-11T18:05:41.251668,"1,48,1","32,16,1",44,0,0,0,,,,,,,,,,,,,,,,,,,
ucopy_f32,2.359,2026-09-11T18:05:41.251681,"6,1,1","1024,1,1",24,0,0,0,,,,,,,,,,,,,,,,,,,
badd_f32,2.71,2026-09-11T18:05:41.251693,"6,1,1","1024,1,1",38,0,0,0,,,,,,,,,,,,,,,,,,,
urelu_f32,1.244,2026-09-11T18:05:41.251706,"6,1,1","1024,1,1",24,0,0,0,,,,,,,,,,,,,,,,,,,
im2col_f32,2.296,2026-09-11T18:05:41.251721,"14,1,1","1024,1,1",36,0,0,0,,,,,,,,,,,,,,,,,,,
ampere_sgemm_32x32_sliced1x4_tn,3.284,2026-09-11T18:05:41.251735,"1,6,36","128,1,1",86,32768,32768,0,,,,,,,,,,,,,,,,,,,
"void cublasLt::splitKreduce_kernel<(int)32, (int)16, int, float, float, float, float, (bool)0, float, float, float, (bool)1, (bool)0, (bool)0>(cublasLt::cublasSplitKParams<T6>, const T4 *, const T10 *, T9 *, T5 *, const T6 *, const T6 *, const T11 *, const T4 *, T11 *, void *, long, T6 *, int *, T6 *, T6 *, const T6 *, const T6 *, const T6 *, const T6 *, const T6 *)",1.881,2026-09-11T18:05:41.251748,"1,12,1","32,16,1",44,0,0,0,,,,,,,,,,,,,,,,,,,
ucopy_f32,2.296,2026-09-11T18:05:41.251762,"3,1,1","1024,1,1",24,0,0,0,,,,,,,,,,,,,,,,,,,
badd_f32,2.646,2026-09-11T18:05:41.251775,"3,1,1","1024,1,1",38,0,0,0,,,,,,,,,,,,,,,,,,,
urelu_f32,1.148,2026-09-11T18:05:41.251788,"3,1,1","1024,1,1",24,0,0,0,,,,,,,,,,,,,,,,,,,
im2col_f32,2.295,2026-09-11T18:05:41.251801,"7,1,1","1024,1,1",36,0,0,0,,,,,,,,,,,,,,,,,,,
ampere_sgemm_32x32_sliced1x4_tn,3.22,2026-09-11T18:05:41.251814,"1,2,72","128,1,1",86,32768,32768,0,,,,,,,,,,,,,,,,,,,
"void cublasLt::splitKreduce_kernel<(int)32, (int)16, int, float, float, float, float, (bool)0, float, float, float, (bool)1, (bool)0, (bool)0>(cublasLt::cublasSplitKParams<T6>, const T4 *, const T10 *, T9 *, T5 *, const T6 *, const T6 *, const T11 *, const T4 *, T11 *, void *, long, T6 *, int *, T6 *, T6 *, const T6 *, const T6 *, const T6 *, const T6 *, const T6 *)",3.188,2026-09-11T18:05:41.251828,"1,3,1","32,16,1",44,0,0,0,,,,,,,,,,,,,,,,,,,
ucopy_f32,2.455,2026-09-11T18:05:41.251840,"2,1,1","1024,1,1",24,0,0,0,,,,,,,,,,,,,,,,,,,
badd_f32,2.646,2026-09-11T18:05:41.251853,"2,1,1","1024,1,1",38,0,0,0,,,,,,,,,,,,,,,,,,,
urelu_f32,1.149,2026-09-11T18:05:41.251866,"2,1,1","1024,1,1",24,0,0,0,,,,,,,,,,,,,,,,,,,
"std::enable_if<!T7, void>::type internal::gemvx::kernel<int, int, float, float, float, float, (bool)0, (bool)1, (bool)1, (bool)0, (int)7, (bool)0, cublasGemvParamsEx<int, cublasGemvTensorStridedBatched<const float>, cublasGemvTensorStridedBatched<const float>, cublasGemvTensorStridedBatched<float>, float>>(T13)",2.391,2026-09-11T18:05:41.251890,"32,1,1","32,4,1",159,528,0,528,,,,,,,,,,,,,,,,,,,
badd_f32,1.116,2026-09-11T18:05:41.251904,"1,1,1","1024,1,1",38,0,0,0,,,,,,,,,,,,,,,,,,,
urelu_f32,1.084,2026-09-11T18:05:41.251917,"1,1,1","1024,1,1",24,0,0,0,,,,,,,,,,,,,,,,,,,
im2col1d_f32,2.072,2026-09-11T18:05:41.251930,"1,1,1","1024,1,1",40,0,0,0,,,,,,,,,,,,,,,,,,,
ampere_sgemm_32x32_sliced1x4_tn,2.806,2026-09-11T18:05:41.251945,"1,12,6","128,1,1",86,32768,32768,0,,,,,,,,,,,,,,,,,,,
"void cublasLt::splitKreduce_kernel<(int)32, (int)16, int, float, float, float, float, (bool)0, float, float, float, (bool)1, (bool)0, (bool)0>(cublasLt::cublasSplitKParams<T6>, const T4 *, const T10 *, T9 *, T5 *, const T6 *, const T6 *, const T11 *, const T4 *, T11 *, void *, long, T6 *, int *, T6 *, T6 *, const T6 *, const T6 *, const T6 *, const T6 *, const T6 *)",1.53,2026-09-11T18:05:41.251959,"1,23,1","32,16,1",44,0,0,0,,,,,,,,,,,,,,,,,,,
ucopy_f32,2.104,2026-09-11T18:05:41.251972,"3,1,1","1024,1,1",24,0,0,0,,,,,,,,,,,,,,,,,,,
badd_f32,2.456,2026-09-11T18:05:41.251985,"3,1,1","1024,1,1",38,0,0,0,,,,,,,,,,,,,,,,,,,
urelu_f32,1.116,2026-09-11T18:05:41.251998,"3,1,1","1024,1,1",24,0,0,0,,,,,,,,,,,,,,,,,,,
im2col1d_f32,2.295,2026-09-11T18:05:41.252011,"2,1,1","1024,1,1",40,0,0,0,,,,,,,,,,,,,,,,,,,
ampere_sgemm_32x32_sliced1x4_tn,3.443,2026-09-11T18:05:41.252023,"1,6,24","128,1,1",86,32768,32768,0,,,,,,,,,,,,,,,,,,,
"void cublasLt::splitKreduce_kernel<(int)32, (int)16, int, float, float, float, float, (bool)0, float, float, float, (bool)1, (bool)0, (bool)0>(cublasLt::cublasSplitKParams<T6>, const T4 *, const T10 *, T9 *, T5 *, const T6 *, const T6 *, const T11 *, const T4 *, T11 *, void *, long, T6 *, int *, T6 *, T6 *, const T6 *, const T6 *, const T6 *, const T6 *, const T6 *)",1.626,2026-09-11T18:05:41.252037,"1,12,1","32,16,1",44,0,0,0,,,,,,,,,,,,,,,,,,,
ucopy_f32,2.136,2026-09-11T18:05:41.252050,"3,1,1","1024,1,1",24,0,0,0,,,,,,,,,,,,,,,,,,,
badd_f32,2.455,2026-09-11T18:05:41.252063,"3,1,1","1024,1,1",38,0,0,0,,,,,,,,,,,,,,,,,,,
urelu_f32,1.149,2026-09-11T18:05:41.252076,"3,1,1","1024,1,1",24,0,0,0,,,,,,,,,,,,,,,,,,,
im2col1d_f32,2.232,2026-09-11T18:05:41.252089,"2,1,1","1024,1,1",40,0,0,0,,,,,,,,,,,,,,,,,,,
ampere_sgemm_32x32_sliced1x4_tn,3.316,2026-09-11T18:05:41.252102,"1,3,48","128,1,1",86,32768,32768,0,,,,,,,,,,,,,,,,,,,
"void cublasLt::splitKreduce_kernel<(int)32, (int)16, int, float, float, float, float, (bool)0, float, float, float, (bool)1, (bool)0, (bool)0>(cublasLt::cublasSplitKParams<T6>, const T4 *, const T10 *, T9 *, T5 *, const T6 *, const T6 *, const T11 *, const T4 *, T11 *, void *, long, T6 *, int *, T6 *, T6 *, const T6 *, const T6 *, const T6 *, const T6 *, const T6 *)",2.487,2026-09-11T18:05:41.252117,"1,6,1","32,16,1",44,0,0,0,,,,,,,,,,,,,,,,,,,
ucopy_f32,2.328,2026-09-11T18:05:41.252131,"3,1,1","1024,1,1",24,0,0,0,,,,,,,,,,,,,,,,,,,
badd_f32,2.454,2026-09-11T18:05:41.252143,"3,1,1","1024,1,1",38,0,0,0,,,,,,,,,,,,,,,,,,,
urelu_f32,1.148,2026-09-11T18:05:41.252158,"3,1,1","1024,1,1",24,0,0,0,,,,,,,,,,,,,,,,,,,
"void dot_kernel<float, (int)128, (int)0, cublasDotParams<cublasGemvTensorStridedBatched<const float>, cublasGemvTensorStridedBatched<float>>>(T4)",2.615,2026-09-11T18:05:41.252171,"18,1,96","128,1,1",28,512,512,0,,,,,,,,,,,,,,,,,,,
"void reduce_1Block_kernel<float, (int)128, (int)7, cublasGemvTensorStridedBatched<float>, cublasGemvTensorStridedBatched<const float>, cublasGemvTensorStridedBatched<float>>(const T1 *, T1, T4, int, const T1 *, T1, T5, T6, cublasPointerMode_t, cublasLtEpilogue_t, cublasGemvTensorStridedBatched<const biasType<T6::value_type, T1>::type>)",1.275,2026-09-11T18:05:41.252184,"1,1,96","128,1,1",28,768,768,0,,,,,,,,,,,,,,,,,,,
badd_f32,1.084,2026-09-11T18:05:41.252197,"1,1,1","1024,1,1",38,0,0,0,,,,,,,,,,,,,,,,,,,
urelu_f32,1.084,2026-09-11T18:05:41.252210,"1,1,1","1024,1,1",24,0,0,0,,,,,,,,,,,,,,,,,,,
"std::enable_if<!T7, void>::type internal::gemvx::kernel<int, int, float, float, float, float, (bool)0, (bool)1, (bool)1, (bool)0, (int)6, (bool)0, cublasGemvParamsEx<int, cublasGemvTensorStridedBatched<const float>, cublasGemvTensorStridedBatched<const float>, cublasGemvTensorStridedBatched<float>, float>>(T13)",1.498,2026-09-11T18:05:41.252223,"2,1,1","4,16,1",166,320,0,320,,,,,,,,,,,,,,,,,,,
badd_f32,1.116,2026-09-11T18:05:41.252236,"1,1,1","1024,1,1",38,0,0,0,,,,,,,,,,,,,,,,,,,
urelu_f32,1.084,2026-09-11T18:05:41.252249,"1,1,1","1024,1,1",24,0,0,0,,,,,,,,,,,,,,,,,,,
copy2d_f32,1.084,2026-09-11T18:05:41.252262,"1,1,1","1024,1,1",16,0,0,0,,,,,,,,,,,,,,,,,,,
copy2d_f32,1.083,2026-09-11T18:05:41.252275,"1,1,1","1024,1,1",16,0,0,0,,,,,,,,,,,,,,,,,,,
copy2d_f32,1.052,2026-09-11T18:05:41.252290,"1,1,1","1024,1,1",16,0,0,0,,,,,,,,,,,,,,,,,,,
layernorm_f32,2.614,2026-09-11T18:05:41.252303,"1,1,1","32,1,1",28,256,256,0,,,,,,,,,,,,,,,,,,,
copy2d_f32,1.084,2026-09-11T18:05:41.252316,"1,1,1","1024,1,1",16,0,0,0,,,,,,,,,,,,,,,,,,,
copy2d_f32,1.084,2026-09-11T18:05:41.252329,"1,1,1","1024,1,1",16,0,0,0,,,,,,,,,,,,,,,,,,,
copy2d_f32,1.085,2026-09-11T18:05:41.252342,"1,1,1","1024,1,1",16,0,0,0,,,,,,,,,,,,,,,,,,,
"std::enable_if<!T7, void>::type internal::gemvx::kernel<int, int, float, float, float, float, (bool)0, (bool)1, (bool)1, (bool)0, (int)8, (bool)0, cublasGemvParamsEx<int, cublasGemvTensorStridedBatched<const float>, cublasGemvTensorStridedBatched<const float>, cublasGemvTensorStridedBatched<float>, float>>(T13)",2.041,2026-09-11T18:05:41.252356,"32,1,1","16,16,1",159,1088,0,1088,,,,,,,,,,,,,,,,,,,
badd_f32,1.148,2026-09-11T18:05:41.252369,"1,1,1","1024,1,1",38,0,0,0,,,,,,,,,,,,,,,,,,,
urelu_f32,1.116,2026-09-11T18:05:41.252382,"1,1,1","1024,1,1",24,0,0,0,,,,,,,,,,,,,,,,,,,
"void gemv2T_kernel_val<int, int, float, float, float, float, (int)128, (int)16, (int)2, (int)2, (bool)0, (bool)0, cublasGemvParamsEx<int, cublasGemvTensorStridedBatched<const float>, cublasGemvTensorStridedBatched<const float>, cublasGemvTensorStridedBatched<float>, float>>(T13, T6, T6)",2.518,2026-09-11T18:05:41.252395,"64,1,1","128,1,1",47,1536,1536,0,,,,,,,,,,,,,,,,,,,
badd_f32,1.148,2026-09-11T18:05:41.252409,"1,1,1","1024,1,1",38,0,0,0,,,,,,,,,,,,,,,,,,,
bmaximum_f32,2.009,2026-09-11T18:05:41.252422,"1,1,1","1024,1,1",38,0,0,0,,,,,,,,,,,,,,,,,,,
bminimum_f32,2.009,2026-09-11T18:05:41.252435,"1,1,1","1024,1,1",38,0,0,0,,,,,,,,,,,,,,,,,,,
"std::enable_if<!T7, void>::type internal::gemvx::kernel<int, int, float, float, float, float, (bool)0, (bool)1, (bool)1, (bool)0, (int)8, (bool)0, cublasGemvParamsEx<int, cublasGemvTensorStridedBatched<const float>, cublasGemvTensorStridedBatched<const float>, cublasGemvTensorStridedBatched<float>, float>>(T13)",1.881,2026-09-11T18:05:41.252449,"64,1,1","16,16,1",159,1088,0,1088,,,,,,,,,,,,,,,,,,,
badd_f32,1.212,2026-09-11T18:05:41.252463,"1,1,1","1024,1,1",38,0,0,0,,,,,,,,,,,,,,,,,,,
"std::enable_if<!T7, void>::type internal::gemvx::kernel<int, int, float, float, float, float, (bool)0, (bool)1, (bool)1, (bool)0, (int)8, (bool)0, cublasGemvParamsEx<int, cublasGemvTensorStridedBatched<const float>, cublasGemvTensorStridedBatched<const float>, cublasGemvTensorStridedBatched<float>, float>>(T13)",2.009,2026-09-11T18:05:41.252476,"32,1,1","16,16,1",159,1088,0,1088,,,,,,,,,,,,,,,,,,,
badd_f32,1.148,2026-09-11T18:05:41.252489,"1,1,1","1024,1,1",38,0,0,0,,,,,,,,,,,,,,,,,,,
urelu_f32,1.084,2026-09-11T18:05:41.252502,"1,1,1","1024,1,1",24,0,0,0,,,,,,,,,,,,,,,,,,,
"void gemv2T_kernel_val<int, int, float, float, float, float, (int)128, (int)16, (int)4, (int)4, (bool)0, (bool)0, cublasGemvParamsEx<int, cublasGemvTensorStridedBatched<const float>, cublasGemvTensorStridedBatched<const float>, cublasGemvTensorStridedBatched<float>, float>>(T13, T6, T6)",3.89,2026-09-11T18:05:41.252515,"512,1,1","128,1,1",59,2560,2560,0,,,,,,,,,,,,,,,,,,,
badd_f32,1.212,2026-09-11T18:05:41.252528,"4,1,1","1024,1,1",38,0,0,0,,,,,,,,,,,,,,,,,,,
copy2d_f32,1.084,2026-09-11T18:05:41.252540,"1,1,1","1024,1,1",16,0,0,0,,,,,,,,,,,,,,,,,,,
copy2d_f32,1.052,2026-09-11T18:05:41.252553,"1,1,1","1024,1,1",16,0,0,0,,,,,,,,,,,,,,,,,,,
copy2d_f32,1.084,2026-09-11T18:05:41.252566,"1,1,1","1024,1,1",16,0,0,0,,,,,,,,,,,,,,,,,,,
copy2d_f32,1.18,2026-09-11T18:05:41.252580,"1,1,1","1024,1,1",16,0,0,0,,,,,,,,,,,,,,,,,,,
copy2d_f32,1.18,2026-09-11T18:05:41.252593,"4,1,1","1024,1,1",16,0,0,0,,,,,,,,,,,,,,,,,,,
im2col_f32,2.295,2026-09-11T18:05:41.252606,"7,1,1","1024,1,1",36,0,0,0,,,,,,,,,,,,,,,,,,,
ampere_sgemm_32x32_sliced1x4_tn,3.443,2026-09-11T18:05:41.252621,"1,24,9","128,1,1",86,32768,32768,0,,,,,,,,,,,,,,,,,,,
"void cublasLt::splitKreduce_kernel<(int)32, (int)16, int, float, float, float, float, (bool)0, float, float, float, (bool)1, (bool)0, (bool)0>(cublasLt::cublasSplitKParams<T6>, const T4 *, const T10 *, T9 *, T5 *, const T6 *, const T6 *, const T11 *, const T4 *, T11 *, void *, long, T6 *, int *, T6 *, T6 *, const T6 *, const T6 *, const T6 *, const T6 *, const T6 *)",1.499,2026-09-11T18:05:41.252634,"1,48,1","32,16,1",44,0,0,0,,,,,,,,,,,,,,,,,,,
ucopy_f32,2.392,2026-09-11T18:05:41.252647,"6,1,1","1024,1,1",24,0,0,0,,,,,,,,,,,,,,,,,,,
badd_f32,2.71,2026-09-11T18:05:41.252660,"6,1,1","1024,1,1",38,0,0,0,,,,,,,,,,,,,,,,,,,
urelu_f32,1.212,2026-09-11T18:05:41.252673,"6,1,1","1024,1,1",24,0,0,0,,,,,,,,,,,,,,,,,,,
im2col_f32,2.327,2026-09-11T18:05:41.252685,"14,1,1","1024,1,1",36,0,0,0,,,,,,,,,,,,,,,,,,,
ampere_sgemm_32x32_sliced1x4_tn,3.348,2026-09-11T18:05:41.252698,"1,6,36","128,1,1",86,32768,32768,0,,,,,,,,,,,,,,,,,,,
"void cublasLt::splitKreduce_kernel<(int)32, (int)16, int, float, float, float, float, (bool)0, float, float, float, (bool)1, (bool)0, (bool)0>(cublasLt::cublasSplitKParams<T6>, const T4 *, const T10 *, T9 *, T5 *, const T6 *, const T6 *, const T11 *, const T4 *, T11 *, void *, long, T6 *, int *, T6 *, T6 *, const T6 *, const T6 *, const T6 *, const T6 *, const T6 *)",1.913,2026-09-11T18:05:41.252711,"1,12,1","32,16,1",44,0,0,0,,,,,,,,,,,,,,,,,,,
ucopy_f32,2.296,2026-09-11T18:05:41.252724,"3,1,1","1024,1,1",24,0,0,0,,,,,,,,,,,,,,,,,,,
badd_f32,2.71,2026-09-11T18:05:41.252737,"3,1,1","1024,1,1",38,0,0,0,,,,,,,,,,,,,,,,,,,
urelu_f32,1.212,2026-09-11T18:05:41.252749,"3,1,1","1024,1,1",24,0,0,0,,,,,,,,,,,,,,,,,,,
im2col_f32,2.264,2026-09-11T18:05:41.252762,"7,1,1","1024,1,1",36,0,0,0,,,,,,,,,,,,,,,,,,,
ampere_sgemm_32x32_sliced1x4_tn,3.22,2026-09-11T18:05:41.252775,"1,2,72","128,1,1",86,32768,32768,0,,,,,,,,,,,,,,,,,,,
"void cublasLt::splitKreduce_kernel<(int)32, (int)16, int, float, float, float, float, (bool)0, float, float, float, (bool)1, (bool)0, (bool)0>(cublasLt::cublasSplitKParams<T6>, const T4 *, const T10 *, T9 *, T5 *, const T6 *, const T6 *, const T11 *, const T4 *, T11 *, void *, long, T6 *, int *, T6 *, T6 *, const T6 *, const T6 *, const T6 *, const T6 *, const T6 *)",3.156,2026-09-11T18:05:41.252789,"1,3,1","32,16,1",44,0,0,0,,,,,,,,,,,,,,,,,,,
ucopy_f32,2.455,2026-09-11T18:05:41.252802,"2,1,1","1024,1,1",24,0,0,0,,,,,,,,,,,,,,,,,,,
badd_f32,2.678,2026-09-11T18:05:41.252815,"2,1,1","1024,1,1",38,0,0,0,,,,,,,,,,,,,,,,,,,
urelu_f32,1.148,2026-09-11T18:05:41.252828,"2,1,1","1024,1,1",24,0,0,0,,,,,,,,,,,,,,,,,,,
"std::enable_if<!T7, void>::type internal::gemvx::kernel<int, int, float, float, float, float, (bool)0, (bool)1, (bool)1, (bool)0, (int)7, (bool)0, cublasGemvParamsEx<int, cublasGemvTensorStridedBatched<const float>, cublasGemvTensorStridedBatched<const float>, cublasGemvTensorStridedBatched<float>, float>>(T13)",2.965,2026-09-11T18:05:41.252842,"32,1,1","32,4,1",159,528,0,528,,,,,,,,,,,,,,,,,,,
badd_f32,1.115,2026-09-11T18:05:41.252856,"1,1,1","1024,1,1",38,0,0,0,,,,,,,,,,,,,,,,,,,
urelu_f32,1.052,2026-09-11T18:05:41.252869,"1,1,1","1024,1,1",24,0,0,0,,,,,,,,,,,,,,,,,,,
im2col1d_f32,2.105,2026-09-11T18:05:41.252883,"1,1,1","1024,1,1",40,0,0,0,,,,,,,,,,,,,,,,,,,
ampere_sgemm_32x32_sliced1x4_tn,2.773,2026-09-11T18:05:41.252896,"1,12,6","128,1,1",86,32768,32768,0,,,,,,,,,,,,,,,,,,,
"void cublasLt::splitKreduce_kernel<(int)32, (int)16, int, float, float, float, float, (bool)0, float, float, float, (bool)1, (bool)0, (bool)0>(cublasLt::cublasSplitKParams<T6>, const T4 *, const T10 *, T9 *, T5 *, const T6 *, const T6 *, const T11 *, const T4 *, T11 *, void *, long, T6 *, int *, T6 *, T6 *, const T6 *, const T6 *, const T6 *, const T6 *, const T6 *)",1.531,2026-09-11T18:05:41.252910,"1,23,1","32,16,1",44,0,0,0,,,,,,,,,,,,,,,,,,,
ucopy_f32,2.104,2026-09-11T18:05:41.252923,"3,1,1","1024,1,1",24,0,0,0,,,,,,,,,,,,,,,,,,,
badd_f32,2.487,2026-09-11T18:05:41.252936,"3,1,1","1024,1,1",38,0,0,0,,,,,,,,,,,,,,,,,,,
urelu_f32,1.148,2026-09-11T18:05:41.252950,"3,1,1","1024,1,1",24,0,0,0,,,,,,,,,,,,,,,,,,,
im2col1d_f32,2.296,2026-09-11T18:05:41.252976,"2,1,1","1024,1,1",40,0,0,0,,,,,,,,,,,,,,,,,,,
ampere_sgemm_32x32_sliced1x4_tn,3.443,2026-09-11T18:05:41.252990,"1,6,24","128,1,1",86,32768,32768,0,,,,,,,,,,,,,,,,,,,
"void cublasLt::splitKreduce_kernel<(int)32, (int)16, int, float, float, float, float, (bool)0, float, float, float, (bool)1, (bool)0, (bool)0>(cublasLt::cublasSplitKParams<T6>, const T4 *, const T10 *, T9 *, T5 *, const T6 *, const T6 *, const T11 *, const T4 *, T11 *, void *, long, T6 *, int *, T6 *, T6 *, const T6 *, const T6 *, const T6 *, const T6 *, const T6 *)",1.626,2026-09-11T18:05:41.253003,"1,12,1","32,16,1",44,0,0,0,,,,,,,,,,,,,,,,,,,
ucopy_f32,2.136,2026-09-11T18:05:41.253018,"3,1,1","1024,1,1",24,0,0,0,,,,,,,,,,,,,,,,,,,
badd_f32,2.423,2026-09-11T18:05:41.253031,"3,1,1","1024,1,1",38,0,0,0,,,,,,,,,,,,,,,,,,,
urelu_f32,1.148,2026-09-11T18:05:41.253044,"3,1,1","1024,1,1",24,0,0,0,,,,,,,,,,,,,,,,,,,
im2col1d_f32,2.264,2026-09-11T18:05:41.253057,"2,1,1","1024,1,1",40,0,0,0,,,,,,,,,,,,,,,,,,,
ampere_sgemm_32x32_sliced1x4_tn,3.348,2026-09-11T18:05:41.253069,"1,3,48","128,1,1",86,32768,32768,0,,,,,,,,,,,,,,,,,,,
"void cublasLt::splitKreduce_kernel<(int)32, (int)16, int, float, float, float, float, (bool)0, float, float, float, (bool)1, (bool)0, (bool)0>(cublasLt::cublasSplitKParams<T6>, const T4 *, const T10 *, T9 *, T5 *, const T6 *, const T6 *, const T11 *, const T4 *, T11 *, void *, long, T6 *, int *, T6 *, T6 *, const T6 *, const T6 *, const T6 *, const T6 *, const T6 *)",2.519,2026-09-11T18:05:41.253082,"1,6,1","32,16,1",44,0,0,0,,,,,,,,,,,,,,,,,,,
ucopy_f32,2.296,2026-09-11T18:05:41.253095,"3,1,1","1024,1,1",24,0,0,0,,,,,,,,,,,,,,,,,,,
badd_f32,2.424,2026-09-11T18:05:41.253107,"3,1,1","1024,1,1",38,0,0,0,,,,,,,,,,,,,,,,,,,
urelu_f32,1.148,2026-09-11T18:05:41.253121,"3,1,1","1024,1,1",24,0,0,0,,,,,,,,,,,,,,,,,,,
"void dot_kernel<float, (int)128, (int)0, cublasDotParams<cublasGemvTensorStridedBatched<const float>, cublasGemvTensorStridedBatched<float>>>(T4)",2.582,2026-09-11T18:05:41.253135,"18,1,96","128,1,1",28,512,512,0,,,,,,,,,,,,,,,,,,,
"void reduce_1Block_kernel<float, (int)128, (int)7, cublasGemvTensorStridedBatched<float>, cublasGemvTensorStridedBatched<const float>, cublasGemvTensorStridedBatched<float>>(const T1 *, T1, T4, int, const T1 *, T1, T5, T6, cublasPointerMode_t, cublasLtEpilogue_t, cublasGemvTensorStridedBatched<const biasType<T6::value_type, T1>::type>)",1.307,2026-09-11T18:05:41.253149,"1,1,96","128,1,1",28,768,768,0,,,,,,,,,,,,,,,,,,,
badd_f32,1.084,2026-09-11T18:05:41.253163,"1,1,1","1024,1,1",38,0,0,0,,,,,,,,,,,,,,,,,,,
urelu_f32,1.084,2026-09-11T18:05:41.253177,"1,1,1","1024,1,1",24,0,0,0,,,,,,,,,,,,,,,,,,,
"std::enable_if<!T7, void>::type internal::gemvx::kernel<int, int, float, float, float, float, (bool)0, (bool)1, (bool)1, (bool)0, (int)6, (bool)0, cublasGemvParamsEx<int, cublasGemvTensorStridedBatched<const float>, cublasGemvTensorStridedBatched<const float>, cublasGemvTensorStridedBatched<float>, float>>(T13)",1.625,2026-09-11T18:05:41.253189,"2,1,1","4,16,1",166,320,0,320,,,,,,,,,,,,,,,,,,,
badd_f32,1.116,2026-09-11T18:05:41.253202,"1,1,1","1024,1,1",38,0,0,0,,,,,,,,,,,,,,,,,,,
urelu_f32,1.052,2026-09-11T18:05:41.253215,"1,1,1","1024,1,1",24,0,0,0,,,,,,,,,,,,,,,,,,,
copy2d_f32,1.084,2026-09-11T18:05:41.253228,"1,1,1","1024,1,1",16,0,0,0,,,,,,,,,,,,,,,,,,,
copy2d_f32,1.052,2026-09-11T18:05:41.253241,"1,1,1","1024,1,1",16,0,0,0,,,,,,,,,,,,,,,,,,,
copy2d_f32,1.052,2026-09-11T18:05:41.253254,"1,1,1","1024,1,1",16,0,0,0,,,,,,,,,,,,,,,,,,,
layernorm_f32,2.582,2026-09-11T18:05:41.253268,"1,1,1","32,1,1",28,256,256,0,,,,,,,,,,,,,,,,,,,
copy2d_f32,1.084,2026-09-11T18:05:41.253281,"1,1,1","1024,1,1",16,0,0,0,,,,,,,,,,,,,,,,,,,
copy2d_f32,1.052,2026-09-11T18:05:41.253294,"1,1,1","1024,1,1",16,0,0,0,,,,,,,,,,,,,,,,,,,
copy2d_f32,1.053,2026-09-11T18:05:41.253308,"1,1,1","1024,1,1",16,0,0,0,,,,,,,,,,,,,,,,,,,
"std::enable_if<!T7, void>::type internal::gemvx::kernel<int, int, float, float, float, float, (bool)0, (bool)1, (bool)1, (bool)0, (int)8, (bool)0, cublasGemvParamsEx<int, cublasGemvTensorStridedBatched<const float>, cublasGemvTensorStridedBatched<const float>, cublasGemvTensorStridedBatched<float>, float>>(T13)",2.136,2026-09-11T18:05:41.253322,"32,1,1","16,16,1",159,1088,0,1088,,,,,,,,,,,,,,,,,,,
badd_f32,1.148,2026-09-11T18:05:41.253335,"1,1,1","1024,1,1",38,0,0,0,,,,,,,,,,,,,,,,,,,
urelu_f32,1.116,2026-09-11T18:05:41.253348,"1,1,1","1024,1,1",24,0,0,0,,,,,,,,,,,,,,,,,,,
"void gemv2T_kernel_val<int, int, float, float, float, float, (int)128, (int)16, (int)2, (int)2, (bool)0, (bool)0, cublasGemvParamsEx<int, cublasGemvTensorStridedBatched<const float>, cublasGemvTensorStridedBatched<const float>, cublasGemvTensorStridedBatched<float>, float>>(T13, T6, T6)",2.519,2026-09-11T18:05:41.253361,"64,1,1","128,1,1",47,1536,1536,0,,,,,,,,,,,,,,,,,,,
badd_f32,1.148,2026-09-11T18:05:41.253374,"1,1,1","1024,1,1",38,0,0,0,,,,,,,,,,,,,,,,,,,
bmaximum_f32,1.977,2026-09-11T18:05:41.253387,"1,1,1","1024,1,1",38,0,0,0,,,,,,,,,,,,,,,,,,,
bminimum_f32,1.976,2026-09-11T18:05:41.253400,"1,1,1","1024,1,1",38,0,0,0,,,,,,,,,,,,,,,,,,,
"std::enable_if<!T7, void>::type internal::gemvx::kernel<int, int, float, float, float, float, (bool)0, (bool)1, (bool)1, (bool)0, (int)8, (bool)0, cublasGemvParamsEx<int, cublasGemvTensorStridedBatched<const float>, cublasGemvTensorStridedBatched<const float>, cublasGemvTensorStridedBatched<float>, float>>(T13)",2.837,2026-09-11T18:05:41.253412,"64,1,1","16,16,1",159,1088,0,1088,,,,,,,,,,,,,,,,,,,
badd_f32,1.212,2026-09-11T18:05:41.253425,"1,1,1","1024,1,1",38,0,0,0,,,,,,,,,,,,,,,,,,,
"std::enable_if<!T7, void>::type internal::gemvx::kernel<int, int, float, float, float, float, (bool)0, (bool)1, (bool)1, (bool)0, (int)8, (bool)0, cublasGemvParamsEx<int, cublasGemvTensorStridedBatched<const float>, cublasGemvTensorStridedBatched<const float>, cublasGemvTensorStridedBatched<float>, float>>(T13)",2.136,2026-09-11T18:05:41.253440,"32,1,1","16,16,1",159,1088,0,1088,,,,,,,,,,,,,,,,,,,
badd_f32,1.18,2026-09-11T18:05:41.253453,"1,1,1","1024,1,1",38,0,0,0,,,,,,,,,,,,,,,,,,,
urelu_f32,1.116,2026-09-11T18:05:41.253465,"1,1,1","1024,1,1",24,0,0,0,,,,,,,,,,,,,,,,,,,
"void gemv2T_kernel_val<int, int, float, float, float, float, (int)128, (int)16, (int)4, (int)4, (bool)0, (bool)0, cublasGemvParamsEx<int, cublasGemvTensorStridedBatched<const float>, cublasGemvTensorStridedBatched<const float>, cublasGemvTensorStridedBatched<float>, float>>(T13, T6, T6)",3.826,2026-09-11T18:05:41.253481,"512,1,1","128,1,1",59,2560,2560,0,,,,,,,,,,,,,,,,,,,
badd_f32,1.243,2026-09-11T18:05:41.253494,"4,1,1","1024,1,1",38,0,0,0,,,,,,,,,,,,,,,,,,,
copy2d_f32,1.084,2026-09-11T18:05:41.253507,"1,1,1","1024,1,1",16,0,0,0,,,,,,,,,,,,,,,,,,,
copy2d_f32,1.053,2026-09-11T18:05:41.253520,"1,1,1","1024,1,1",16,0,0,0,,,,,,,,,,,,,,,,,,,
copy2d_f32,1.084,2026-09-11T18:05:41.253533,"1,1,1","1024,1,1",16,0,0,0,,,,,,,,,,,,,,,,,,,
copy2d_f32,1.18,2026-09-11T18:05:41.253547,"1,1,1","1024,1,1",16,0,0,0,,,,,,,,,,,,,,,,,,,
copy2d_f32,1.18,2026-09-11T18:05:41.253560,"4,1,1","1024,1,1",16,0,0,0,,,,,,,,,,,,,,,,,,,
im2col_f32,2.263,2026-09-11T18:05:41.253573,"7,1,1","1024,1,1",36,0,0,0,,,,,,,,,,,,,,,,,,,
ampere_sgemm_32x32_sliced1x4_tn,3.444,2026-09-11T18:05:41.253587,"1,24,9","128,1,1",86,32768,32768,0,,,,,,,,,,,,,,,,,,,
"void cublasLt::splitKreduce_kernel<(int)32, (int)16, int, float, float, float, float, (bool)0, float, float, float, (bool)1, (bool)0, (bool)0>(cublasLt::cublasSplitKParams<T6>, const T4 *, const T10 *, T9 *, T5 *, const T6 *, const T6 *, const T11 *, const T4 *, T11 *, void *, long, T6 *, int *, T6 *, T6 *, const T6 *, const T6 *, const T6 *, const T6 *, const T6 *)",1.498,2026-09-11T18:05:41.253600,"1,48,1","32,16,1",44,0,0,0,,,,,,,,,,,,,,,,,,,
ucopy_f32,2.392,2026-09-11T18:05:41.253631,"6,1,1","1024,1,1",24,0,0,0,,,,,,,,,,,,,,,,,,,
badd_f32,2.71,2026-09-11T18:05:41.253656,"6,1,1","1024,1,1",38,0,0,0,,,,,,,,,,,,,,,,,,,
urelu_f32,1.212,2026-09-11T18:05:41.253672,"6,1,1","1024,1,1",24,0,0,0,,,,,,,,,,,,,,,,,,,
im2col_f32,2.36,2026-09-11T18:05:41.253689,"14,1,1","1024,1,1",36,0,0,0,,,,,,,,,,,,,,,,,,,
ampere_sgemm_32x32_sliced1x4_tn,3.284,2026-09-11T18:05:41.253703,"1,6,36","128,1,1",86,32768,32768,0,,,,,,,,,,,,,,,,,,,
"void cublasLt::splitKreduce_kernel<(int)32, (int)16, int, float, float, float, float, (bool)0, float, float, float, (bool)1, (bool)0, (bool)0>(cublasLt::cublasSplitKParams<T6>, const T4 *, const T10 *, T9 *, T5 *, const T6 *, const T6 *, const T11 *, const T4 *, T11 *, void *, long, T6 *, int *, T6 *, T6 *, const T6 *, const T6 *, const T6 *, const T6 *, const T6 *)",1.882,2026-09-11T18:05:41.253716,"1,12,1","32,16,1",44,0,0,0,,,,,,,,,,,,,,,,,,,
ucopy_f32,2.327,2026-09-11T18:05:41.253729,"3,1,1","1024,1,1",24,0,0,0,,,,,,,,,,,,,,,,,,,
badd_f32,2.646,2026-09-11T18:05:41.253742,"3,1,1","1024,1,1",38,0,0,0,,,,,,,,,,,,,,,,,,,
urelu_f32,1.148,2026-09-11T18:05:41.253755,"3,1,1","1024,1,1",24,0,0,0,,,,,,,,,,,,,,,,,,,
im2col_f32,2.295,2026-09-11T18:05:41.253768,"7,1,1","1024,1,1",36,0,0,0,,,,,,,,,,,,,,,,,,,
ampere_sgemm_32x32_sliced1x4_tn,3.253,2026-09-11T18:05:41.253781,"1,2,72","128,1,1",86,32768,32768,0,,,,,,,,,,,,,,,,,,,
"void cublasLt::splitKreduce_kernel<(int)32, (int)16, int, float, float, float, float, (bool)0, float, float, float, (bool)1, (bool)0, (bool)0>(cublasLt::cublasSplitKParams<T6>, const T4 *, const T10 *, T9 *, T5 *, const T6 *, const T6 *, const T11 *, const T4 *, T11 *, void *, long, T6 *, int *, T6 *, T6 *, const T6 *, const T6 *, const T6 *, const T6 *, const T6 *)",3.188,2026-09-11T18:05:41.253794,"1,3,1","32,16,1",44,0,0,0,,,,,,,,,,,,,,,,,,,
ucopy_f32,2.488,2026-09-11T18:05:41.253807,"2,1,1","1024,1,1",24,0,0,0,,,,,,,,,,,,,,,,,,,
badd_f32,2.646,2026-09-11T18:05:41.253820,"2,1,1","1024,1,1",38,0,0,0,,,,,,,,,,,,,,,,,,,
urelu_f32,1.148,2026-09-11T18:05:41.253833,"2,1,1","1024,1,1",24,0,0,0,,,,,,,,,,,,,,,,,,,
"std::enable_if<!T7, void>::type internal::gemvx::kernel<int, int, float, float, float, float, (bool)0, (bool)1, (bool)1, (bool)0, (int)7, (bool)0, cublasGemvParamsEx<int, cublasGemvTensorStridedBatched<const float>, cublasGemvTensorStridedBatched<const float>, cublasGemvTensorStridedBatched<float>, float>>(T13)",2.55,2026-09-11T18:05:41.253847,"32,1,1","32,4,1",159,528,0,528,,,,,,,,,,,,,,,,,,,
badd_f32,1.116,2026-09-11T18:05:41.253860,"1,1,1","1024,1,1",38,0,0,0,,,,,,,,,,,,,,,,,,,
urelu_f32,1.052,2026-09-11T18:05:41.253873,"1,1,1","1024,1,1",24,0,0,0,,,,,,,,,,,,,,,,,,,
im2col1d_f32,2.073,2026-09-11T18:05:41.253886,"1,1,1","1024,1,1",40,0,0,0,,,,,,,,,,,,,,,,,,,
ampere_sgemm_32x32_sliced1x4_tn,2.773,2026-09-11T18:05:41.253901,"1,12,6","128,1,1",86,32768,32768,0,,,,,,,,,,,,,,,,,,,
"void cublasLt::splitKreduce_kernel<(int)32, (int)16, int, float, float, float, float, (bool)0, float, float, float, (bool)1, (bool)0, (bool)0>(cublasLt::cublasSplitKParams<T6>, const T4 *, const T10 *, T9 *, T5 *, const T6 *, const T6 *, const T11 *, const T4 *, T11 *, void *, long, T6 *, int *, T6 *, T6 *, const T6 *, const T6 *, const T6 *, const T6 *, const T6 *)",1.498,2026-09-11T18:05:41.253914,"1,23,1","32,16,1",44,0,0,0,,,,,,,,,,,,,,,,,,,
ucopy_f32,2.072,2026-09-11T18:05:41.253927,"3,1,1","1024,1,1",24,0,0,0,,,,,,,,,,,,,,,,,,,
badd_f32,2.423,2026-09-11T18:05:41.253939,"3,1,1","1024,1,1",38,0,0,0,,,,,,,,,,,,,,,,,,,
urelu_f32,1.147,2026-09-11T18:05:41.253952,"3,1,1","1024,1,1",24,0,0,0,,,,,,,,,,,,,,,,,,,
im2col1d_f32,2.264,2026-09-11T18:05:41.253965,"2,1,1","1024,1,1",40,0,0,0,,,,,,,,,,,,,,,,,,,
ampere_sgemm_32x32_sliced1x4_tn,3.412,2026-09-11T18:05:41.253980,"1,6,24","128,1,1",86,32768,32768,0,,,,,,,,,,,,,,,,,,,
"void cublasLt::splitKreduce_kernel<(int)32, (int)16, int, float, float, float, float, (bool)0, float, float, float, (bool)1, (bool)0, (bool)0>(cublasLt::cublasSplitKParams<T6>, const T4 *, const T10 *, T9 *, T5 *, const T6 *, const T6 *, const T11 *, const T4 *, T11 *, void *, long, T6 *, int *, T6 *, T6 *, const T6 *, const T6 *, const T6 *, const T6 *, const T6 *)",1.658,2026-09-11T18:05:41.253993,"1,12,1","32,16,1",44,0,0,0,,,,,,,,,,,,,,,,,,,
ucopy_f32,2.136,2026-09-11T18:05:41.254006,"3,1,1","1024,1,1",24,0,0,0,,,,,,,,,,,,,,,,,,,
badd_f32,2.455,2026-09-11T18:05:41.254020,"3,1,1","1024,1,1",38,0,0,0,,,,,,,,,,,,,,,,,,,
urelu_f32,1.148,2026-09-11T18:05:41.254033,"3,1,1","1024,1,1",24,0,0,0,,,,,,,,,,,,,,,,,,,
im2col1d_f32,2.264,2026-09-11T18:05:41.254046,"2,1,1","1024,1,1",40,0,0,0,,,,,,,,,,,,,,,,,,,
ampere_sgemm_32x32_sliced1x4_tn,3.315,2026-09-11T18:05:41.254059,"1,3,48","128,1,1",86,32768,32768,0,,,,,,,,,,,,,,,,,,,
"void cublasLt::splitKreduce_kernel<(int)32, (int)16, int, float, float, float, float, (bool)0, float, float, float, (bool)1, (bool)0, (bool)0>(cublasLt::cublasSplitKParams<T6>, const T4 *, const T10 *, T9 *, T5 *, const T6 *, const T6 *, const T11 *, const T4 *, T11 *, void *, long, T6 *, int *, T6 *, T6 *, const T6 *, const T6 *, const T6 *, const T6 *, const T6 *)",2.519,2026-09-11T18:05:41.254072,"1,6,1","32,16,1",44,0,0,0,,,,,,,,,,,,,,,,,,,
ucopy_f32,2.296,2026-09-11T18:05:41.254085,"3,1,1","1024,1,1",24,0,0,0,,,,,,,,,,,,,,,,,,,
badd_f32,2.454,2026-09-11T18:05:41.254112,"3,1,1","1024,1,1",38,0,0,0,,,,,,,,,,,,,,,,,,,
urelu_f32,1.148,2026-09-11T18:05:41.254129,"3,1,1","1024,1,1",24,0,0,0,,,,,,,,,,,,,,,,,,,
"void dot_kernel<float, (int)128, (int)0, cublasDotParams<cublasGemvTensorStridedBatched<const float>, cublasGemvTensorStridedBatched<float>>>(T4)",2.646,2026-09-11T18:05:41.254142,"18,1,96","128,1,1",28,512,512,0,,,,,,,,,,,,,,,,,,,
"void reduce_1Block_kernel<float, (int)128, (int)7, cublasGemvTensorStridedBatched<float>, cublasGemvTensorStridedBatched<const float>, cublasGemvTensorStridedBatched<float>>(const T1 *, T1, T4, int, const T1 *, T1, T5, T6, cublasPointerMode_t, cublasLtEpilogue_t, cublasGemvTensorStridedBatched<const biasType<T6::value_type, T1>::type>)",1.275,2026-09-11T18:05:41.254156,"1,1,96","128,1,1",28,768,768,0,,,,,,,,,,,,,,,,,,,
badd_f32,1.084,2026-09-11T18:05:41.254169,"1,1,1","1024,1,1",38,0,0,0,,,,,,,,,,,,,,,,,,,
urelu_f32,1.084,2026-09-11T18:05:41.254182,"1,1,1","1024,1,1",24,0,0,0,,,,,,,,,,,,,,,,,,,
"std::enable_if<!T7, void>::type internal::gemvx::kernel<int, int, float, float, float, float, (bool)0, (bool)1, (bool)1, (bool)0, (int)6, (bool)0, cublasGemvParamsEx<int, cublasGemvTensorStridedBatched<const float>, cublasGemvTensorStridedBatched<const float>, cublasGemvTensorStridedBatched<float>, float>>(T13)",1.498,2026-09-11T18:05:41.254195,"2,1,1","4,16,1",166,320,0,320,,,,,,,,,,,,,,,,,,,
badd_f32,1.115,2026-09-11T18:05:41.254210,"1,1,1","1024,1,1",38,0,0,0,,,,,,,,,,,,,,,,,,,
urelu_f32,1.084,2026-09-11T18:05:41.254224,"1,1,1","1024,1,1",24,0,0,0,,,,,,,,,,,,,,,,,,,
copy2d_f32,1.052,2026-09-11T18:05:41.254237,"1,1,1","1024,1,1",16,0,0,0,,,,,,,,,,,,,,,,,,,
copy2d_f32,1.053,2026-09-11T18:05:41.254250,"1,1,1","1024,1,1",16,0,0,0,,,,,,,,,,,,,,,,,,,
copy2d_f32,1.052,2026-09-11T18:05:41.254263,"1,1,1","1024,1,1",16,0,0,0,,,,,,,,,,,,,,,,,,,
layernorm_f32,2.614,2026-09-11T18:05:41.254276,"1,1,1","32,1,1",28,256,256,0,,,,,,,,,,,,,,,,,,,
copy2d_f32,1.084,2026-09-11T18:05:41.254289,"1,1,1","1024,1,1",16,0,0,0,,,,,,,,,,,,,,,,,,,
copy2d_f32,1.052,2026-09-11T18:05:41.254302,"1,1,1","1024,1,1",16,0,0,0,,,,,,,,,,,,,,,,,,,
copy2d_f32,1.084,2026-09-11T18:05:41.254315,"1,1,1","1024,1,1",16,0,0,0,,,,,,,,,,,,,,,,,,,
"std::enable_if<!T7, void>::type internal::gemvx::kernel<int, int, float, float, float, float, (bool)0, (bool)1, (bool)1, (bool)0, (int)8, (bool)0, cublasGemvParamsEx<int, cublasGemvTensorStridedBatched<const float>, cublasGemvTensorStridedBatched<const float>, cublasGemvTensorStridedBatched<float>, float>>(T13)",2.009,2026-09-11T18:05:41.254328,"32,1,1","16,16,1",159,1088,0,1088,,,,,,,,,,,,,,,,,,,
badd_f32,1.18,2026-09-11T18:05:41.254342,"1,1,1","1024,1,1",38,0,0,0,,,,,,,,,,,,,,,,,,,
urelu_f32,1.115,2026-09-11T18:05:41.254355,"1,1,1","1024,1,1",24,0,0,0,,,,,,,,,,,,,,,,,,,
"void gemv2T_kernel_val<int, int, float, float, float, float, (int)128, (int)16, (int)2, (int)2, (bool)0, (bool)0, cublasGemvParamsEx<int, cublasGemvTensorStridedBatched<const float>, cublasGemvTensorStridedBatched<const float>, cublasGemvTensorStridedBatched<float>, float>>(T13, T6, T6)",2.359,2026-09-11T18:05:41.254368,"64,1,1","128,1,1",47,1536,1536,0,,,,,,,,,,,,,,,,,,,
badd_f32,1.147,2026-09-11T18:05:41.254383,"1,1,1","1024,1,1",38,0,0,0,,,,,,,,,,,,,,,,,,,
bmaximum_f32,2.008,2026-09-11T18:05:41.254396,"1,1,1","1024,1,1",38,0,0,0,,,,,,,,,,,,,,,,,,,
bminimum_f32,2.009,2026-09-11T18:05:41.254409,"1,1,1","1024,1,1",38,0,0,0,,,,,,,,,,,,,,,,,,,
"std::enable_if<!T7, void>::type internal::gemvx::kernel<int, int, float, float, float, float, (bool)0, (bool)1, (bool)1, (bool)0, (int)8, (bool)0, cublasGemvParamsEx<int, cublasGemvTensorStridedBatched<const float>, cublasGemvTensorStridedBatched<const float>, cublasGemvTensorStridedBatched<float>, float>>(T13)",1.944,2026-09-11T18:05:41.254422,"64,1,1","16,16,1",159,1088,0,1088,,,,,,,,,,,,,,,,,,,
badd_f32,1.243,2026-09-11T18:05:41.254435,"1,1,1","1024,1,1",38,0,0,0,,,,,,,,,,,,,,,,,,,
"std::enable_if<!T7, void>::type internal::gemvx::kernel<int, int, float, float, float, float, (bool)0, (bool)1, (bool)1, (bool)0, (int)8, (bool)0, cublasGemvParamsEx<int, cublasGemvTensorStridedBatched<const float>, cublasGemvTensorStridedBatched<const float>, cublasGemvTensorStridedBatched<float>, float>>(T13)",2.04,2026-09-11T18:05:41.254448,"32,1,1","16,16,1",159,1088,0,1088,,,,,,,,,,,,,,,,,,,
badd_f32,1.148,2026-09-11T18:05:41.254461,"1,1,1","1024,1,1",38,0,0,0,,,,,,,,,,,,,,,,,,,
urelu_f32,1.085,2026-09-11T18:05:41.254474,"1,1,1","1024,1,1",24,0,0,0,,,,,,,,,,,,,,,,,,,
"void gemv2T_kernel_val<int, int, float, float, float, float, (int)128, (int)16, (int)4, (int)4, (bool)0, (bool)0, cublasGemvParamsEx<int, cublasGemvTensorStridedBatched<const float>, cublasGemvTensorStridedBatched<const float>, cublasGemvTensorStridedBatched<float>, float>>(T13, T6, T6)",3.858,2026-09-11T18:05:41.254488,"512,1,1","128,1,1",59,2560,2560,0,,,,,,,,,,,,,,,,,,,
badd_f32,1.211,2026-09-11T18:05:41.254501,"4,1,1","1024,1,1",38,0,0,0,,,,,,,,,,,,,,,,,,,
copy2d_f32,1.084,2026-09-11T18:05:41.254514,"1,1,1","1024,1,1",16,0,0,0,,,,,,,,,,,,,,,,,,,
copy2d_f32,1.084,2026-09-11T18:05:41.254527,"1,1,1","1024,1,1",16,0,0,0,,,,,,,,,,,,,,,,,,,
copy2d_f32,1.052,2026-09-11T18:05:41.254541,"1,1,1","1024,1,1",16,0,0,0,,,,,,,,,,,,,,,,,,,
copy2d_f32,1.148,2026-09-11T18:05:41.254555,"1,1,1","1024,1,1",16,0,0,0,,,,,,,,,,,,,,,,,,,
copy2d_f32,1.179,2026-09-11T18:05:41.254568,"4,1,1","1024,1,1",16,0,0,0,,,,,,,,,,,,,,,,,,,
im2col_f32,2.295,2026-09-11T18:05:41.254581,"7,1,1","1024,1,1",36,0,0,0,,,,,,,,,,,,,,,,,,,
ampere_sgemm_32x32_sliced1x4_tn,3.412,2026-09-11T18:05:41.254602,"1,24,9","128,1,1",86,32768,32768,0,,,,,,,,,,,,,,,,,,,
"void cublasLt::splitKreduce_kernel<(int)32, (int)16, int, float, float, float, float, (bool)0, float, float, float, (bool)1, (bool)0, (bool)0>(cublasLt::cublasSplitKParams<T6>, const T4 *, const T10 *, T9 *, T5 *, const T6 *, const T6 *, const T11 *, const T4 *, T11 *, void *, long, T6 *, int *, T6 *, T6 *, const T6 *, const T6 *, const T6 *, const T6 *, const T6 *)",1.499,2026-09-11T18:05:41.254616,"1,48,1","32,16,1",44,0,0,0,,,,,,,,,,,,,,,,,,,
ucopy_f32,2.391,2026-09-11T18:05:41.254629,"6,1,1","1024,1,1",24,0,0,0,,,,,,,,,,,,,,,,,,,
badd_f32,2.679,2026-09-11T18:05:41.254642,"6,1,1","1024,1,1",38,0,0,0,,,,,,,,,,,,,,,,,,,
urelu_f32,1.212,2026-09-11T18:05:41.254654,"6,1,1","1024,1,1",24,0,0,0,,,,,,,,,,,,,,,,,,,
im2col_f32,2.295,2026-09-11T18:05:41.254667,"14,1,1","1024,1,1",36,0,0,0,,,,,,,,,,,,,,,,,,,
ampere_sgemm_32x32_sliced1x4_tn,3.283,2026-09-11T18:05:41.254680,"1,6,36","128,1,1",86,32768,32768,0,,,,,,,,,,,,,,,,,,,
"void cublasLt::splitKreduce_kernel<(int)32, (int)16, int, float, float, float, float, (bool)0, float, float, float, (bool)1, (bool)0, (bool)0>(cublasLt::cublasSplitKParams<T6>, const T4 *, const T10 *, T9 *, T5 *, const T6 *, const T6 *, const T11 *, const T4 *, T11 *, void *, long, T6 *, int *, T6 *, T6 *, const T6 *, const T6 *, const T6 *, const T6 *, const T6 *)",1.881,2026-09-11T18:05:41.254693,"1,12,1","32,16,1",44,0,0,0,,,,,,,,,,,,,,,,,,,
ucopy_f32,2.295,2026-09-11T18:05:41.254706,"3,1,1","1024,1,1",24,0,0,0,,,,,,,,,,,,,,,,,,,
badd_f32,2.679,2026-09-11T18:05:41.254721,"3,1,1","1024,1,1",38,0,0,0,,,,,,,,,,,,,,,,,,,
urelu_f32,1.148,2026-09-11T18:05:41.254735,"3,1,1","1024,1,1",24,0,0,0,,,,,,,,,,,,,,,,,,,
im2col_f32,2.263,2026-09-11T18:05:41.254749,"7,1,1","1024,1,1",36,0,0,0,,,,,,,,,,,,,,,,,,,
ampere_sgemm_32x32_sliced1x4_tn,3.253,2026-09-11T18:05:41.254762,"1,2,72","128,1,1",86,32768,32768,0,,,,,,,,,,,,,,,,,,,
"void cublasLt::splitKreduce_kernel<(int)32, (int)16, int, float, float, float, float, (bool)0, float, float, float, (bool)1, (bool)0, (bool)0>(cublasLt::cublasSplitKParams<T6>, const T4 *, const T10 *, T9 *, T5 *, const T6 *, const T6 *, const T11 *, const T4 *, T11 *, void *, long, T6 *, int *, T6 *, T6 *, const T6 *, const T6 *, const T6 *, const T6 *, const T6 *)",3.156,2026-09-11T18:05:41.254777,"1,3,1","32,16,1",44,0,0,0,,,,,,,,,,,,,,,,,,,
ucopy_f32,2.455,2026-09-11T18:05:41.254922,"2,1,1","1024,1,1",24,0,0,0,,,,,,,,,,,,,,,,,,,
badd_f32,2.646,2026-09-11T18:05:41.254937,"2,1,1","1024,1,1",38,0,0,0,,,,,,,,,,,,,,,,,,,
urelu_f32,1.148,2026-09-11T18:05:41.254950,"2,1,1","1024,1,1",24,0,0,0,,,,,,,,,,,,,,,,,,,
"std::enable_if<!T7, void>::type internal::gemvx::kernel<int, int, float, float, float, float, (bool)0, (bool)1, (bool)1, (bool)0, (int)7, (bool)0, cublasGemvParamsEx<int, cublasGemvTensorStridedBatched<const float>, cublasGemvTensorStridedBatched<const float>, cublasGemvTensorStridedBatched<float>, float>>(T13)",2.391,2026-09-11T18:05:41.254963,"32,1,1","32,4,1",159,528,0,528,,,,,,,,,,,,,,,,,,,
badd_f32,1.084,2026-09-11T18:05:41.254976,"1,1,1","1024,1,1",38,0,0,0,,,,,,,,,,,,,,,,,,,
urelu_f32,1.052,2026-09-11T18:05:41.254989,"1,1,1","1024,1,1",24,0,0,0,,,,,,,,,,,,,,,,,,,
im2col1d_f32,2.072,2026-09-11T18:05:41.255002,"1,1,1","1024,1,1",40,0,0,0,,,,,,,,,,,,,,,,,,,
ampere_sgemm_32x32_sliced1x4_tn,2.774,2026-09-11T18:05:41.255015,"1,12,6","128,1,1",86,32768,32768,0,,,,,,,,,,,,,,,,,,,
"void cublasLt::splitKreduce_kernel<(int)32, (int)16, int, float, float, float, float, (bool)0, float, float, float, (bool)1, (bool)0, (bool)0>(cublasLt::cublasSplitKParams<T6>, const T4 *, const T10 *, T9 *, T5 *, const T6 *, const T6 *, const T11 *, const T4 *, T11 *, void *, long, T6 *, int *, T6 *, T6 *, const T6 *, const T6 *, const T6 *, const T6 *, const T6 *)",1.53,2026-09-11T18:05:41.255031,"1,23,1","32,16,1",44,0,0,0,,,,,,,,,,,,,,,,,,,
ucopy_f32,2.104,2026-09-11T18:05:41.255044,"3,1,1","1024,1,1",24,0,0,0,,,,,,,,,,,,,,,,,,,
badd_f32,2.455,2026-09-11T18:05:41.255057,"3,1,1","1024,1,1",38,0,0,0,,,,,,,,,,,,,,,,,,,
urelu_f32,1.148,2026-09-11T18:05:41.255070,"3,1,1","1024,1,1",24,0,0,0,,,,,,,,,,,,,,,,,,,
im2col1d_f32,2.295,2026-09-11T18:05:41.255083,"2,1,1","1024,1,1",40,0,0,0,,,,,,,,,,,,,,,,,,,
ampere_sgemm_32x32_sliced1x4_tn,3.443,2026-09-11T18:05:41.255096,"1,6,24","128,1,1",86,32768,32768,0,,,,,,,,,,,,,,,,,,,
"void cublasLt::splitKreduce_kernel<(int)32, (int)16, int, float, float, float, float, (bool)0, float, float, float, (bool)1, (bool)0, (bool)0>(cublasLt::cublasSplitKParams<T6>, const T4 *, const T10 *, T9 *, T5 *, const T6 *, const T6 *, const T11 *, const T4 *, T11 *, void *, long, T6 *, int *, T6 *, T6 *, const T6 *, const T6 *, const T6 *, const T6 *, const T6 *)",1.626,2026-09-11T18:05:41.255108,"1,12,1","32,16,1",44,0,0,0,,,,,,,,,,,,,,,,,,,
ucopy_f32,2.136,2026-09-11T18:05:41.255121,"3,1,1","1024,1,1",24,0,0,0,,,,,,,,,,,,,,,,,,,
badd_f32,2.423,2026-09-11T18:05:41.255134,"3,1,1","1024,1,1",38,0,0,0,,,,,,,,,,,,,,,,,,,
urelu_f32,1.148,2026-09-11T18:05:41.255147,"3,1,1","1024,1,1",24,0,0,0,,,,,,,,,,,,,,,,,,,
im2col1d_f32,2.295,2026-09-11T18:05:41.255160,"2,1,1","1024,1,1",40,0,0,0,,,,,,,,,,,,,,,,,,,
ampere_sgemm_32x32_sliced1x4_tn,3.348,2026-09-11T18:05:41.255172,"1,3,48","128,1,1",86,32768,32768,0,,,,,,,,,,,,,,,,,,,
"void cublasLt::splitKreduce_kernel<(int)32, (int)16, int, float, float, float, float, (bool)0, float, float, float, (bool)1, (bool)0, (bool)0>(cublasLt::cublasSplitKParams<T6>, const T4 *, const T10 *, T9 *, T5 *, const T6 *, const T6 *, const T11 *, const T4 *, T11 *, void *, long, T6 *, int *, T6 *, T6 *, const T6 *, const T6 *, const T6 *, const T6 *, const T6 *)",2.519,2026-09-11T18:05:41.255185,"1,6,1","32,16,1",44,0,0,0,,,,,,,,,,,,,,,,,,,
ucopy_f32,2.296,2026-09-11T18:05:41.255200,"3,1,1","1024,1,1",24,0,0,0,,,,,,,,,,,,,,,,,,,
badd_f32,2.424,2026-09-11T18:05:41.255213,"3,1,1","1024,1,1",38,0,0,0,,,,,,,,,,,,,,,,,,,
urelu_f32,1.147,2026-09-11T18:05:41.255226,"3,1,1","1024,1,1",24,0,0,0,,,,,,,,,,,,,,,,,,,
"void dot_kernel<float, (int)128, (int)0, cublasDotParams<cublasGemvTensorStridedBatched<const float>, cublasGemvTensorStridedBatched<float>>>(T4)",2.551,2026-09-11T18:05:41.255239,"18,1,96","128,1,1",28,512,512,0,,,,,,,,,,,,,,,,,,,
"void reduce_1Block_kernel<float, (int)128, (int)7, cublasGemvTensorStridedBatched<float>, cublasGemvTensorStridedBatched<const float>, cublasGemvTensorStridedBatched<float>>(const T1 *, T1, T4, int, const T1 *, T1, T5, T6, cublasPointerMode_t, cublasLtEpilogue_t, cublasGemvTensorStridedBatched<const biasType<T6::value_type, T1>::type>)",1.276,2026-09-11T18:05:41.255252,"1,1,96","128,1,1",28,768,768,0,,,,,,,,,,,,,,,,,,,
badd_f32,1.084,2026-09-11T18:05:41.255265,"1,1,1","1024,1,1",38,0,0,0,,,,,,,,,,,,,,,,,,,
urelu_f32,1.084,2026-09-11T18:05:41.255278,"1,1,1","1024,1,1",24,0,0,0,,,,,,,,,,,,,,,,,,,
"std::enable_if<!T7, void>::type internal::gemvx::kernel<int, int, float, float, float, float, (bool)0, (bool)1, (bool)1, (bool)0, (int)6, (bool)0, cublasGemvParamsEx<int, cublasGemvTensorStridedBatched<const float>, cublasGemvTensorStridedBatched<const float>, cublasGemvTensorStridedBatched<float>, float>>(T13)",1.498,2026-09-11T18:05:41.255292,"2,1,1","4,16,1",166,320,0,320,,,,,,,,,,,,,,,,,,,
badd_f32,1.116,2026-09-11T18:05:41.255305,"1,1,1","1024,1,1",38,0,0,0,,,,,,,,,,,,,,,,,,,
urelu_f32,1.052,2026-09-11T18:05:41.255319,"1,1,1","1024,1,1",24,0,0,0,,,,,,,,,,,,,,,,,,,
copy2d_f32,1.053,2026-09-11T18:05:41.255332,"1,1,1","1024,1,1",16,0,0,0,,,,,,,,,,,,,,,,,,,
copy2d_f32,1.084,2026-09-11T18:05:41.255345,"1,1,1","1024,1,1",16,0,0,0,,,,,,,,,,,,,,,,,,,
copy2d_f32,1.084,2026-09-11T18:05:41.255359,"1,1,1","1024,1,1",16,0,0,0,,,,,,,,,,,,,,,,,,,
layernorm_f32,2.614,2026-09-11T18:05:41.255373,"1,1,1","32,1,1",28,256,256,0,,,,,,,,,,,,,,,,,,,
copy2d_f32,1.085,2026-09-11T18:05:41.255386,"1,1,1","1024,1,1",16,0,0,0,,,,,,,,,,,,,,,,,,,
copy2d_f32,1.053,2026-09-11T18:05:41.255400,"1,1,1","1024,1,1",16,0,0,0,,,,,,,,,,,,,,,,,,,
copy2d_f32,1.052,2026-09-11T18:05:41.255413,"1,1,1","1024,1,1",16,0,0,0,,,,,,,,,,,,,,,,,,,
"std::enable_if<!T7, void>::type internal::gemvx::kernel<int, int, float, float, float, float, (bool)0, (bool)1, (bool)1, (bool)0, (int)8, (bool)0, cublasGemvParamsEx<int, cublasGemvTensorStridedBatched<const float>, cublasGemvTensorStridedBatched<const float>, cublasGemvTensorStridedBatched<float>, float>>(T13)",2.041,2026-09-11T18:05:41.255426,"32,1,1","16,16,1",159,1088,0,1088,,,,,,,,,,,,,,,,,,,
badd_f32,1.18,2026-09-11T18:05:41.255439,"1,1,1","1024,1,1",38,0,0,0,,,,,,,,,,,,,,,,,,,
urelu_f32,1.116,2026-09-11T18:05:41.255452,"1,1,1","1024,1,1",24,0,0,0,,,,,,,,,,,,,,,,,,,
"void gemv2T_kernel_val<int, int, float, float, float, float, (int)128, (int)16, (int)2, (int)2, (bool)0, (bool)0, cublasGemvParamsEx<int, cublasGemvTensorStridedBatched<const float>, cublasGemvTensorStridedBatched<const float>, cublasGemvTensorStridedBatched<float>, float>>(T13, T6, T6)",2.391,2026-09-11T18:05:41.255466,"64,1,1","128,1,1",47,1536,1536,0,,,,,,,,,,,,,,,,,,,
badd_f32,1.148,2026-09-11T18:05:41.255479,"1,1,1","1024,1,1",38,0,0,0,,,,,,,,,,,,,,,,,,,
bmaximum_f32,1.977,2026-09-11T18:05:41.255492,"1,1,1","1024,1,1",38,0,0,0,,,,,,,,,,,,,,,,,,,
bminimum_f32,1.976,2026-09-11T18:05:41.255505,"1,1,1","1024,1,1",38,0,0,0,,,,,,,,,,,,,,,,,,,
"std::enable_if<!T7, void>::type internal::gemvx::kernel<int, int, float, float, float, float, (bool)0, (bool)1, (bool)1, (bool)0, (int)8, (bool)0, cublasGemvParamsEx<int, cublasGemvTensorStridedBatched<const float>, cublasGemvTensorStridedBatched<const float>, cublasGemvTensorStridedBatched<float>, float>>(T13)",1.976,2026-09-11T18:05:41.255518,"64,1,1","16,16,1",159,1088,0,1088,,,,,,,,,,,,,,,,,,,
badd_f32,1.18,2026-09-11T18:05:41.255532,"1,1,1","1024,1,1",38,0,0,0,,,,,,,,,,,,,,,,,,,
"std::enable_if<!T7, void>::type internal::gemvx::kernel<int, int, float, float, float, float, (bool)0, (bool)1, (bool)1, (bool)0, (int)8, (bool)0, cublasGemvParamsEx<int, cublasGemvTensorStridedBatched<const float>, cublasGemvTensorStridedBatched<const float>, cublasGemvTensorStridedBatched<float>, float>>(T13)",2.009,2026-09-11T18:05:41.255546,"32,1,1","16,16,1",159,1088,0,1088,,,,,,,,,,,,,,,,,,,
badd_f32,1.276,2026-09-11T18:05:41.255560,"1,1,1","1024,1,1",38,0,0,0,,,,,,,,,,,,,,,,,,,
urelu_f32,1.148,2026-09-11T18:05:41.255573,"1,1,1","1024,1,1",24,0,0,0,,,,,,,,,,,,,,,,,,,
"void gemv2T_kernel_val<int, int, float, float, float, float, (int)128, (int)16, (int)4, (int)4, (bool)0, (bool)0, cublasGemvParamsEx<int, cublasGemvTensorStridedBatched<const float>, cublasGemvTensorStridedBatched<const float>, cublasGemvTensorStridedBatched<float>, float>>(T13, T6, T6)",3.985,2026-09-11T18:05:41.255586,"512,1,1","128,1,1",59,2560,2560,0,,,,,,,,,,,,,,,,,,,
badd_f32,1.275,2026-09-11T18:05:41.255598,"4,1,1","1024,1,1",38,0,0,0,,,,,,,,,,,,,,,,,,,
copy2d_f32,1.116,2026-09-11T18:05:41.255631,"1,1,1","1024,1,1",16,0,0,0,,,,,,,,,,,,,,,,,,,
copy2d_f32,1.052,2026-09-11T18:05:41.255651,"1,1,1","1024,1,1",16,0,0,0,,,,,,,,,,,,,,,,,,,
copy2d_f32,1.084,2026-09-11T18:05:41.255665,"1,1,1","1024,1,1",16,0,0,0,,,,,,,,,,,,,,,,,,,
copy2d_f32,1.18,2026-09-11T18:05:41.255679,"1,1,1","1024,1,1",16,0,0,0,,,,,,,,,,,,,,,,,,,
copy2d_f32,1.148,2026-09-11T18:05:41.255693,"4,1,1","1024,1,1",16,0,0,0,,,,,,,,,,,,,,,,,,,
im2col_f32,2.296,2026-09-11T18:05:41.255706,"7,1,1","1024,1,1",36,0,0,0,,,,,,,,,,,,,,,,,,,
ampere_sgemm_32x32_sliced1x4_tn,3.443,2026-09-11T18:05:41.255720,"1,24,9","128,1,1",86,32768,32768,0,,,,,,,,,,,,,,,,,,,
"void cublasLt::splitKreduce_kernel<(int)32, (int)16, int, float, float, float, float, (bool)0, float, float, float, (bool)1, (bool)0, (bool)0>(cublasLt::cublasSplitKParams<T6>, const T4 *, const T10 *, T9 *, T5 *, const T6 *, const T6 *, const T11 *, const T4 *, T11 *, void *, long, T6 *, int *, T6 *, T6 *, const T6 *, const T6 *, const T6 *, const T6 *, const T6 *)",1.53,2026-09-11T18:05:41.255736,"1,48,1","32,16,1",44,0,0,0,,,,,,,,,,,,,,,,,,,
ucopy_f32,2.391,2026-09-11T18:05:41.255750,"6,1,1","1024,1,1",24,0,0,0,,,,,,,,,,,,,,,,,,,
badd_f32,2.742,2026-09-11T18:05:41.255765,"6,1,1","1024,1,1",38,0,0,0,,,,,,,,,,,,,,,,,,,
urelu_f32,1.211,2026-09-11T18:05:41.255780,"6,1,1","1024,1,1",24,0,0,0,,,,,,,,,,,,,,,,,,,
im2col_f32,2.328,2026-09-11T18:05:41.255793,"14,1,1","1024,1,1",36,0,0,0,,,,,,,,,,,,,,,,,,,
ampere_sgemm_32x32_sliced1x4_tn,3.316,2026-09-11T18:05:41.255806,"1,6,36","128,1,1",86,32768,32768,0,,,,,,,,,,,,,,,,,,,
"void cublasLt::splitKreduce_kernel<(int)32, (int)16, int, float, float, float, float, (bool)0, float, float, float, (bool)1, (bool)0, (bool)0>(cublasLt::cublasSplitKParams<T6>, const T4 *, const T10 *, T9 *, T5 *, const T6 *, const T6 *, const T11 *, const T4 *, T11 *, void *, long, T6 *, int *, T6 *, T6 *, const T6 *, const T6 *, const T6 *, const T6 *, const T6 *)",1.881,2026-09-11T18:05:41.255819,"1,12,1","32,16,1",44,0,0,0,,,,,,,,,,,,,,,,,,,
ucopy_f32,2.296,2026-09-11T18:05:41.255832,"3,1,1","1024,1,1",24,0,0,0,,,,,,,,,,,,,,,,,,,
badd_f32,2.71,2026-09-11T18:05:41.255845,"3,1,1","1024,1,1",38,0,0,0,,,,,,,,,,,,,,,,,,,
urelu_f32,1.148,2026-09-11T18:05:41.255858,"3,1,1","1024,1,1",24,0,0,0,,,,,,,,,,,,,,,,,,,
im2col_f32,2.295,2026-09-11T18:05:41.255871,"7,1,1","1024,1,1",36,0,0,0,,,,,,,,,,,,,,,,,,,
ampere_sgemm_32x32_sliced1x4_tn,3.221,2026-09-11T18:05:41.255884,"1,2,72","128,1,1",86,32768,32768,0,,,,,,,,,,,,,,,,,,,
"void cublasLt::splitKreduce_kernel<(int)32, (int)16, int, float, float, float, float, (bool)0, float, float, float, (bool)1, (bool)0, (bool)0>(cublasLt::cublasSplitKParams<T6>, const T4 *, const T10 *, T9 *, T5 *, const T6 *, const T6 *, const T11 *, const T4 *, T11 *, void *, long, T6 *, int *, T6 *, T6 *, const T6 *, const T6 *, const T6 *, const T6 *, const T6 *)",3.188,2026-09-11T18:05:41.255897,"1,3,1","32,16,1",44,0,0,0,,,,,,,,,,,,,,,,,,,
ucopy_f32,2.487,2026-09-11T18:05:41.255911,"2,1,1","1024,1,1",24,0,0,0,,,,,,,,,,,,,,,,,,,
badd_f32,2.646,2026-09-11T18:05:41.255925,"2,1,1","1024,1,1",38,0,0,0,,,,,,,,,,,,,,,,,,,
urelu_f32,1.148,2026-09-11T18:05:41.255938,"2,1,1","1024,1,1",24,0,0,0,,,,,,,,,,,,,,,,,,,
"std::enable_if<!T7, void>::type internal::gemvx::kernel<int, int, float, float, float, float, (bool)0, (bool)1, (bool)1, (bool)0, (int)7, (bool)0, cublasGemvParamsEx<int, cublasGemvTensorStridedBatched<const float>, cublasGemvTensorStridedBatched<const float>, cublasGemvTensorStridedBatched<float>, float>>(T13)",2.583,2026-09-11T18:05:41.255951,"32,1,1","32,4,1",159,528,0,528,,,,,,,,,,,,,,,,,,,
badd_f32,1.116,2026-09-11T18:05:41.255964,"1,1,1","1024,1,1",38,0,0,0,,,,,,,,,,,,,,,,,,,
urelu_f32,1.084,2026-09-11T18:05:41.255978,"1,1,1","1024,1,1",24,0,0,0,,,,,,,,,,,,,,,,,,,
im2col1d_f32,2.072,2026-09-11T18:05:41.255991,"1,1,1","1024,1,1",40,0,0,0,,,,,,,,,,,,,,,,,,,
ampere_sgemm_32x32_sliced1x4_tn,2.806,2026-09-11T18:05:41.256004,"1,12,6","128,1,1",86,32768,32768,0,,,,,,,,,,,,,,,,,,,
"void cublasLt::splitKreduce_kernel<(int)32, (int)16, int, float, float, float, float, (bool)0, float, float, float, (bool)1, (bool)0, (bool)0>(cublasLt::cublasSplitKParams<T6>, const T4 *, const T10 *, T9 *, T5 *, const T6 *, const T6 *, const T11 *, const T4 *, T11 *, void *, long, T6 *, int *, T6 *, T6 *, const T6 *, const T6 *, const T6 *, const T6 *, const T6 *)",1.53,2026-09-11T18:05:41.256017,"1,23,1","32,16,1",44,0,0,0,,,,,,,,,,,,,,,,,,,
ucopy_f32,2.104,2026-09-11T18:05:41.256030,"3,1,1","1024,1,1",24,0,0,0,,,,,,,,,,,,,,,,,,,
badd_f32,2.518,2026-09-11T18:05:41.256045,"3,1,1","1024,1,1",38,0,0,0,,,,,,,,,,,,,,,,,,,
urelu_f32,1.212,2026-09-11T18:05:41.256059,"3,1,1","1024,1,1",24,0,0,0,,,,,,,,,,,,,,,,,,,
im2col1d_f32,2.295,2026-09-11T18:05:41.256073,"2,1,1","1024,1,1",40,0,0,0,,,,,,,,,,,,,,,,,,,
ampere_sgemm_32x32_sliced1x4_tn,3.476,2026-09-11T18:05:41.256087,"1,6,24","128,1,1",86,32768,32768,0,,,,,,,,,,,,,,,,,,,
"void cublasLt::splitKreduce_kernel<(int)32, (int)16, int, float, float, float, float, (bool)0, float, float, float, (bool)1, (bool)0, (bool)0>(cublasLt::cublasSplitKParams<T6>, const T4 *, const T10 *, T9 *, T5 *, const T6 *, const T6 *, const T11 *, const T4 *, T11 *, void *, long, T6 *, int *, T6 *, T6 *, const T6 *, const T6 *, const T6 *, const T6 *, const T6 *)",1.69,2026-09-11T18:05:41.256100,"1,12,1","32,16,1",44,0,0,0,,,,,,,,,,,,,,,,,,,
ucopy_f32,2.136,2026-09-11T18:05:41.256113,"3,1,1","1024,1,1",24,0,0,0,,,,,,,,,,,,,,,,,,,
badd_f32,2.551,2026-09-11T18:05:41.256126,"3,1,1","1024,1,1",38,0,0,0,,,,,,,,,,,,,,,,,,,
urelu_f32,1.18,2026-09-11T18:05:41.256138,"3,1,1","1024,1,1",24,0,0,0,,,,,,,,,,,,,,,,,,,
im2col1d_f32,2.264,2026-09-11T18:05:41.256152,"2,1,1","1024,1,1",40,0,0,0,,,,,,,,,,,,,,,,,,,
ampere_sgemm_32x32_sliced1x4_tn,3.507,2026-09-11T18:05:41.256164,"1,3,48","128,1,1",86,32768,32768,0,,,,,,,,,,,,,,,,,,,
"void cublasLt::splitKreduce_kernel<(int)32, (int)16, int, float, float, float, float, (bool)0, float, float, float, (bool)1, (bool)0, (bool)0>(cublasLt::cublasSplitKParams<T6>, const T4 *, const T10 *, T9 *, T5 *, const T6 *, const T6 *, const T11 *, const T4 *, T11 *, void *, long, T6 *, int *, T6 *, T6 *, const T6 *, const T6 *, const T6 *, const T6 *, const T6 *)",2.551,2026-09-11T18:05:41.256177,"1,6,1","32,16,1",44,0,0,0,,,,,,,,,,,,,,,,,,,
ucopy_f32,2.328,2026-09-11T18:05:41.256190,"3,1,1","1024,1,1",24,0,0,0,,,,,,,,,,,,,,,,,,,
badd_f32,2.55,2026-09-11T18:05:41.256205,"3,1,1","1024,1,1",38,0,0,0,,,,,,,,,,,,,,,,,,,
urelu_f32,1.211,2026-09-11T18:05:41.256218,"3,1,1","1024,1,1",24,0,0,0,,,,,,,,,,,,,,,,,,,
"void dot_kernel<float, (int)128, (int)0, cublasDotParams<cublasGemvTensorStridedBatched<const float>, cublasGemvTensorStridedBatched<float>>>(T4)",2.582,2026-09-11T18:05:41.256231,"18,1,96","128,1,1",28,512,512,0,,,,,,,,,,,,,,,,,,,
"void reduce_1Block_kernel<float, (int)128, (int)7, cublasGemvTensorStridedBatched<float>, cublasGemvTensorStridedBatched<const float>, cublasGemvTensorStridedBatched<float>>(const T1 *, T1, T4, int, const T1 *, T1, T5, T6, cublasPointerMode_t, cublasLtEpilogue_t, cublasGemvTensorStridedBatched<const biasType<T6::value_type, T1>::type>)",1.308,2026-09-11T18:05:41.256245,"1,1,96","128,1,1",28,768,768,0,,,,,,,,,,,,,,,,,,,
badd_f32,1.116,2026-09-11T18:05:41.256259,"1,1,1","1024,1,1",38,0,0,0,,,,,,,,,,,,,,,,,,,
urelu_f32,1.084,2026-09-11T18:05:41.256272,"1,1,1","1024,1,1",24,0,0,0,,,,,,,,,,,,,,,,,,,
"std::enable_if<!T7, void>::type internal::gemvx::kernel<int, int, float, float, float, float, (bool)0, (bool)1, (bool)1, (bool)0, (int)6, (bool)0, cublasGemvParamsEx<int, cublasGemvTensorStridedBatched<const float>, cublasGemvTensorStridedBatched<const float>, cublasGemvTensorStridedBatched<float>, float>>(T13)",1.658,2026-09-11T18:05:41.256285,"2,1,1","4,16,1",166,320,0,320,,,,,,,,,,,,,,,,,,,
badd_f32,1.084,2026-09-11T18:05:41.256298,"1,1,1","1024,1,1",38,0,0,0,,,,,,,,,,,,,,,,,,,
urelu_f32,1.084,2026-09-11T18:05:41.256311,"1,1,1","1024,1,1",24,0,0,0,,,,,,,,,,,,,,,,,,,
copy2d_f32,1.084,2026-09-11T18:05:41.256324,"1,1,1","1024,1,1",16,0,0,0,,,,,,,,,,,,,,,,,,,
copy2d_f32,1.052,2026-09-11T18:05:41.256337,"1,1,1","1024,1,1",16,0,0,0,,,,,,,,,,,,,,,,,,,
copy2d_f32,1.053,2026-09-11T18:05:41.256350,"1,1,1","1024,1,1",16,0,0,0,,,,,,,,,,,,,,,,,,,
layernorm_f32,2.614,2026-09-11T18:05:41.256363,"1,1,1","32,1,1",28,256,256,0,,,,,,,,,,,,,,,,,,,
copy2d_f32,1.116,2026-09-11T18:05:41.256376,"1,1,1","1024,1,1",16,0,0,0,,,,,,,,,,,,,,,,,,,
copy2d_f32,1.052,2026-09-11T18:05:41.256389,"1,1,1","1024,1,1",16,0,0,0,,,,,,,,,,,,,,,,,,,
copy2d_f32,1.083,2026-09-11T18:05:41.256402,"1,1,1","1024,1,1",16,0,0,0,,,,,,,,,,,,,,,,,,,
"std::enable_if<!T7, void>::type internal::gemvx::kernel<int, int, float, float, float, float, (bool)0, (bool)1, (bool)1, (bool)0, (int)8, (bool)0, cublasGemvParamsEx<int, cublasGemvTensorStridedBatched<const float>, cublasGemvTensorStridedBatched<const float>, cublasGemvTensorStridedBatched<float>, float>>(T13)",2.583,2026-09-11T18:05:41.256416,"32,1,1","16,16,1",159,1088,0,1088,,,,,,,,,,,,,,,,,,,
badd_f32,1.149,2026-09-11T18:05:41.256430,"1,1,1","1024,1,1",38,0,0,0,,,,,,,,,,,,,,,,,,,
urelu_f32,1.116,2026-09-11T18:05:41.256443,"1,1,1","1024,1,1",24,0,0,0,,,,,,,,,,,,,,,,,,,
"void gemv2T_kernel_val<int, int, float, float, float, float, (int)128, (int)16, (int)2, (int)2, (bool)0, (bool)0, cublasGemvParamsEx<int, cublasGemvTensorStridedBatched<const float>, cublasGemvTensorStridedBatched<const float>, cublasGemvTensorStridedBatched<float>, float>>(T13, T6, T6)",2.551,2026-09-11T18:05:41.256456,"64,1,1","128,1,1",47,1536,1536,0,,,,,,,,,,,,,,,,,,,
badd_f32,1.179,2026-09-11T18:05:41.256469,"1,1,1","1024,1,1",38,0,0,0,,,,,,,,,,,,,,,,,,,
bmaximum_f32,1.976,2026-09-11T18:05:41.256482,"1,1,1","1024,1,1",38,0,0,0,,,,,,,,,,,,,,,,,,,
bminimum_f32,2.009,2026-09-11T18:05:41.256495,"1,1,1","1024,1,1",38,0,0,0,,,,,,,,,,,,,,,,,,,
"std::enable_if<!T7, void>::type internal::gemvx::kernel<int, int, float, float, float, float, (bool)0, (bool)1, (bool)1, (bool)0, (int)8, (bool)0, cublasGemvParamsEx<int, cublasGemvTensorStridedBatched<const float>, cublasGemvTensorStridedBatched<const float>, cublasGemvTensorStridedBatched<float>, float>>(T13)",2.71,2026-09-11T18:05:41.256508,"64,1,1","16,16,1",159,1088,0,1088,,,,,,,,,,,,,,,,,,,
badd_f32,1.212,2026-09-11T18:05:41.256521,"1,1,1","1024,1,1",38,0,0,0,,,,,,,,,,,,,,,,,,,
"std::enable_if<!T7, void>::type internal::gemvx::kernel<int, int, float, float, float, float, (bool)0, (bool)1, (bool)1, (bool)0, (int)8, (bool)0, cublasGemvParamsEx<int, cublasGemvTensorStridedBatched<const float>, cublasGemvTensorStridedBatched<const float>, cublasGemvTensorStridedBatched<float>, float>>(T13)",2.136,2026-09-11T18:05:41.256534,"32,1,1","16,16,1",159,1088,0,1088,,,,,,,,,,,,,,,,,,,
badd_f32,1.147,2026-09-11T18:05:41.256547,"1,1,1","1024,1,1",38,0,0,0,,,,,,,,,,,,,,,,,,,
urelu_f32,1.116,2026-09-11T18:05:41.256562,"1,1,1","1024,1,1",24,0,0,0,,,,,,,,,,,,,,,,,,,
"void gemv2T_kernel_val<int, int, float, float, float, float, (int)128, (int)16, (int)4, (int)4, (bool)0, (bool)0, cublasGemvParamsEx<int, cublasGemvTensorStridedBatched<const float>, cublasGemvTensorStridedBatched<const float>, cublasGemvTensorStridedBatched<float>, float>>(T13, T6, T6)",3.858,2026-09-11T18:05:41.256585,"512,1,1","128,1,1",59,2560,2560,0,,,,,,,,,,,,,,,,,,,
badd_f32,1.244,2026-09-11T18:05:41.256601,"4,1,1","1024,1,1",38,0,0,0,,,,,,,,,,,,,,,,,,,
copy2d_f32,1.116,2026-09-11T18:05:41.256657,"1,1,1","1024,1,1",16,0,0,0,,,,,,,,,,,,,,,,,,,
copy2d_f32,1.052,2026-09-11T18:05:41.256676,"1,1,1","1024,1,1",16,0,0,0,,,,,,,,,,,,,,,,,,,
copy2d_f32,1.084,2026-09-11T18:05:41.256702,"1,1,1","1024,1,1",16,0,0,0,,,,,,,,,,,,,,,,,,,
copy2d_f32,1.18,2026-09-11T18:05:41.256719,"1,1,1","1024,1,1",16,0,0,0,,,,,,,,,,,,,,,,,,,
copy2d_f32,1.18,2026-09-11T18:05:41.256732,"4,1,1","1024,1,1",16,0,0,0,,,,,,,,,,,,,,,,,,,
im2col_f32,2.296,2026-09-11T18:05:41.256745,"7,1,1","1024,1,1",36,0,0,0,,,,,,,,,,,,,,,,,,,
ampere_sgemm_32x32_sliced1x4_tn,3.444,2026-09-11T18:05:41.256759,"1,24,9","128,1,1",86,32768,32768,0,,,,,,,,,,,,,,,,,,,
"void cublasLt::splitKreduce_kernel<(int)32, (int)16, int, float, float, float, float, (bool)0, float, float, float, (bool)1, (bool)0, (bool)0>(cublasLt::cublasSplitKParams<T6>, const T4 *, const T10 *, T9 *, T5 *, const T6 *, const T6 *, const T11 *, const T4 *, T11 *, void *, long, T6 *, int *, T6 *, T6 *, const T6 *, const T6 *, const T6 *, const T6 *, const T6 *)",1.498,2026-09-11T18:05:41.256773,"1,48,1","32,16,1",44,0,0,0,,,,,,,,,,,,,,,,,,,
ucopy_f32,2.391,2026-09-11T18:05:41.256786,"6,1,1","1024,1,1",24,0,0,0,,,,,,,,,,,,,,,,,,,
badd_f32,2.679,2026-09-11T18:05:41.256799,"6,1,1","1024,1,1",38,0,0,0,,,,,,,,,,,,,,,,,,,
urelu_f32,1.212,2026-09-11T18:05:41.256811,"6,1,1","1024,1,1",24,0,0,0,,,,,,,,,,,,,,,,,,,
im2col_f32,2.295,2026-09-11T18:05:41.256826,"14,1,1","1024,1,1",36,0,0,0,,,,,,,,,,,,,,,,,,,
ampere_sgemm_32x32_sliced1x4_tn,3.315,2026-09-11T18:05:41.256840,"1,6,36","128,1,1",86,32768,32768,0,,,,,,,,,,,,,,,,,,,
"void cublasLt::splitKreduce_kernel<(int)32, (int)16, int, float, float, float, float, (bool)0, float, float, float, (bool)1, (bool)0, (bool)0>(cublasLt::cublasSplitKParams<T6>, const T4 *, const T10 *, T9 *, T5 *, const T6 *, const T6 *, const T11 *, const T4 *, T11 *, void *, long, T6 *, int *, T6 *, T6 *, const T6 *, const T6 *, const T6 *, const T6 *, const T6 *)",1.881,2026-09-11T18:05:41.256853,"1,12,1","32,16,1",44,0,0,0,,,,,,,,,,,,,,,,,,,
ucopy_f32,2.327,2026-09-11T18:05:41.256866,"3,1,1","1024,1,1",24,0,0,0,,,,,,,,,,,,,,,,,,,
badd_f32,2.71,2026-09-11T18:05:41.256879,"3,1,1","1024,1,1",38,0,0,0,,,,,,,,,,,,,,,,,,,
urelu_f32,1.148,2026-09-11T18:05:41.256892,"3,1,1","1024,1,1",24,0,0,0,,,,,,,,,,,,,,,,,,,
im2col_f32,2.264,2026-09-11T18:05:41.256905,"7,1,1","1024,1,1",36,0,0,0,,,,,,,,,,,,,,,,,,,
ampere_sgemm_32x32_sliced1x4_tn,3.252,2026-09-11T18:05:41.256918,"1,2,72","128,1,1",86,32768,32768,0,,,,,,,,,,,,,,,,,,,
"void cublasLt::splitKreduce_kernel<(int)32, (int)16, int, float, float, float, float, (bool)0, float, float, float, (bool)1, (bool)0, (bool)0>(cublasLt::cublasSplitKParams<T6>, const T4 *, const T10 *, T9 *, T5 *, const T6 *, const T6 *, const T11 *, const T4 *, T11 *, void *, long, T6 *, int *, T6 *, T6 *, const T6 *, const T6 *, const T6 *, const T6 *, const T6 *)",3.157,2026-09-11T18:05:41.256932,"1,3,1","32,16,1",44,0,0,0,,,,,,,,,,,,,,,,,,,
ucopy_f32,2.455,2026-09-11T18:05:41.256944,"2,1,1","1024,1,1",24,0,0,0,,,,,,,,,,,,,,,,,,,
badd_f32,2.647,2026-09-11T18:05:41.256957,"2,1,1","1024,1,1",38,0,0,0,,,,,,,,,,,,,,,,,,,
urelu_f32,1.148,2026-09-11T18:05:41.256982,"2,1,1","1024,1,1",24,0,0,0,,,,,,,,,,,,,,,,,,,
"std::enable_if<!T7, void>::type internal::gemvx::kernel<int, int, float, float, float, float, (bool)0, (bool)1, (bool)1, (bool)0, (int)7, (bool)0, cublasGemvParamsEx<int, cublasGemvTensorStridedBatched<const float>, cublasGemvTensorStridedBatched<const float>, cublasGemvTensorStridedBatched<float>, float>>(T13)",2.87,2026-09-11T18:05:41.256998,"32,1,1","32,4,1",159,528,0,528,,,,,,,,,,,,,,,,,,,
badd_f32,1.116,2026-09-11T18:05:41.257022,"1,1,1","1024,1,1",38,0,0,0,,,,,,,,,,,,,,,,,,,
urelu_f32,1.083,2026-09-11T18:05:41.257036,"1,1,1","1024,1,1",24,0,0,0,,,,,,,,,,,,,,,,,,,
im2col1d_f32,2.041,2026-09-11T18:05:41.257049,"1,1,1","1024,1,1",40,0,0,0,,,,,,,,,,,,,,,,,,,
ampere_sgemm_32x32_sliced1x4_tn,2.806,2026-09-11T18:05:41.257062,"1,12,6","128,1,1",86,32768,32768,0,,,,,,,,,,,,,,,,,,,
"void cublasLt::splitKreduce_kernel<(int)32, (int)16, int, float, float, float, float, (bool)0, float, float, float, (bool)1, (bool)0, (bool)0>(cublasLt::cublasSplitKParams<T6>, const T4 *, const T10 *, T9 *, T5 *, const T6 *, const T6 *, const T11 *, const T4 *, T11 *, void *, long, T6 *, int *, T6 *, T6 *, const T6 *, const T6 *, const T6 *, const T6 *, const T6 *)",1.53,2026-09-11T18:05:41.257076,"1,23,1","32,16,1",44,0,0,0,,,,,,,,,,,,,,,,,,,
ucopy_f32,2.072,2026-09-11T18:05:41.257089,"3,1,1","1024,1,1",24,0,0,0,,,,,,,,,,,,,,,,,,,
badd_f32,2.455,2026-09-11T18:05:41.257102,"3,1,1","1024,1,1",38,0,0,0,,,,,,,,,,,,,,,,,,,
urelu_f32,1.148,2026-09-11T18:05:41.257115,"3,1,1","1024,1,1",24,0,0,0,,,,,,,,,,,,,,,,,,,
im2col1d_f32,2.264,2026-09-11T18:05:41.257128,"2,1,1","1024,1,1",40,0,0,0,,,,,,,,,,,,,,,,,,,
ampere_sgemm_32x32_sliced1x4_tn,3.284,2026-09-11T18:05:41.257141,"1,6,24","128,1,1",86,32768,32768,0,,,,,,,,,,,,,,,,,,,
"void cublasLt::splitKreduce_kernel<(int)32, (int)16, int, float, float, float, float, (bool)0, float, float, float, (bool)1, (bool)0, (bool)0>(cublasLt::cublasSplitKParams<T6>, const T4 *, const T10 *, T9 *, T5 *, const T6 *, const T6 *, const T11 *, const T4 *, T11 *, void *, long, T6 *, int *, T6 *, T6 *, const T6 *, const T6 *, const T6 *, const T6 *, const T6 *)",1.626,2026-09-11T18:05:41.257155,"1,12,1","32,16,1",44,0,0,0,,,,,,,,,,,,,,,,,,,
ucopy_f32,2.168,2026-09-11T18:05:41.257168,"3,1,1","1024,1,1",24,0,0,0,,,,,,,,,,,,,,,,,,,
badd_f32,2.455,2026-09-11T18:05:41.257181,"3,1,1","1024,1,1",38,0,0,0,,,,,,,,,,,,,,,,,,,
urelu_f32,1.148,2026-09-11T18:05:41.257195,"3,1,1","1024,1,1",24,0,0,0,,,,,,,,,,,,,,,,,,,
im2col1d_f32,2.295,2026-09-11T18:05:41.257208,"2,1,1","1024,1,1",40,0,0,0,,,,,,,,,,,,,,,,,,,
ampere_sgemm_32x32_sliced1x4_tn,3.38,2026-09-11T18:05:41.257221,"1,3,48","128,1,1",86,32768,32768,0,,,,,,,,,,,,,,,,,,,
"void cublasLt::splitKreduce_kernel<(int)32, (int)16, int, float, float, float, float, (bool)0, float, float, float, (bool)1, (bool)0, (bool)0>(cublasLt::cublasSplitKParams<T6>, const T4 *, const T10 *, T9 *, T5 *, const T6 *, const T6 *, const T11 *, const T4 *, T11 *, void *, long, T6 *, int *, T6 *, T6 *, const T6 *, const T6 *, const T6 *, const T6 *, const T6 *)",2.519,2026-09-11T18:05:41.257234,"1,6,1","32,16,1",44,0,0,0,,,,,,,,,,,,,,,,,,,
ucopy_f32,2.328,2026-09-11T18:05:41.257247,"3,1,1","1024,1,1",24,0,0,0,,,,,,,,,,,,,,,,,,,
badd_f32,2.583,2026-09-11T18:05:41.257261,"3,1,1","1024,1,1",38,0,0,0,,,,,,,,,,,,,,,,,,,
urelu_f32,1.211,2026-09-11T18:05:41.257274,"3,1,1","1024,1,1",24,0,0,0,,,,,,,,,,,,,,,,,,,
"void dot_kernel<float, (int)128, (int)0, cublasDotParams<cublasGemvTensorStridedBatched<const float>, cublasGemvTensorStridedBatched<float>>>(T4)",2.742,2026-09-11T18:05:41.257287,"18,1,96","128,1,1",28,512,512,0,,,,,,,,,,,,,,,,,,,
"void reduce_1Block_kernel<float, (int)128, (int)7, cublasGemvTensorStridedBatched<float>, cublasGemvTensorStridedBatched<const float>, cublasGemvTensorStridedBatched<float>>(const T1 *, T1, T4, int, const T1 *, T1, T5, T6, cublasPointerMode_t, cublasLtEpilogue_t, cublasGemvTensorStridedBatched<const biasType<T6::value_type, T1>::type>)",1.307,2026-09-11T18:05:41.257300,"1,1,96","128,1,1",28,768,768,0,,,,,,,,,,,,,,,,,,,
badd_f32,1.116,2026-09-11T18:05:41.257313,"1,1,1","1024,1,1",38,0,0,0,,,,,,,,,,,,,,,,,,,
urelu_f32,1.052,2026-09-11T18:05:41.257326,"1,1,1","1024,1,1",24,0,0,0,,,,,,,,,,,,,,,,,,,
"std::enable_if<!T7, void>::type internal::gemvx::kernel<int, int, float, float, float, float, (bool)0, (bool)1, (bool)1, (bool)0, (int)6, (bool)0, cublasGemvParamsEx<int, cublasGemvTensorStridedBatched<const float>, cublasGemvTensorStridedBatched<const float>, cublasGemvTensorStridedBatched<float>, float>>(T13)",1.626,2026-09-11T18:05:41.257339,"2,1,1","4,16,1",166,320,0,320,,,,,,,,,,,,,,,,,,,
badd_f32,1.116,2026-09-11T18:05:41.257370,"1,1,1","1024,1,1",38,0,0,0,,,,,,,,,,,,,,,,,,,
urelu_f32,1.084,2026-09-11T18:05:41.257389,"1,1,1","1024,1,1",24,0,0,0,,,,,,,,,,,,,,,,,,,
copy2d_f32,1.116,2026-09-11T18:05:41.257403,"1,1,1","1024,1,1",16,0,0,0,,,,,,,,,,,,,,,,,,,
copy2d_f32,1.084,2026-09-11T18:05:41.257416,"1,1,1","1024,1,1",16,0,0,0,,,,,,,,,,,,,,,,,,,
copy2d_f32,1.052,2026-09-11T18:05:41.257429,"1,1,1","1024,1,1",16,0,0,0,,,,,,,,,,,,,,,,,,,
layernorm_f32,2.615,2026-09-11T18:05:41.257449,"1,1,1","32,1,1",28,256,256,0,,,,,,,,,,,,,,,,,,,
copy2d_f32,1.084,2026-09-11T18:05:41.257464,"1,1,1","1024,1,1",16,0,0,0,,,,,,,,,,,,,,,,,,,
copy2d_f32,1.084,2026-09-11T18:05:41.257477,"1,1,1","1024,1,1",16,0,0,0,,,,,,,,,,,,,,,,,,,
copy2d_f32,1.084,2026-09-11T18:05:41.257490,"1,1,1","1024,1,1",16,0,0,0,,,,,,,,,,,,,,,,,,,
"std::enable_if<!T7, void>::type internal::gemvx::kernel<int, int, float, float, float, float, (bool)0, (bool)1, (bool)1, (bool)0, (int)8, (bool)0, cublasGemvParamsEx<int, cublasGemvTensorStridedBatched<const float>, cublasGemvTensorStridedBatched<const float>, cublasGemvTensorStridedBatched<float>, float>>(T13)",2.105,2026-09-11T18:05:41.257506,"32,1,1","16,16,1",159,1088,0,1088,,,,,,,,,,,,,,,,,,,
badd_f32,1.148,2026-09-11T18:05:41.257519,"1,1,1","1024,1,1",38,0,0,0,,,,,,,,,,,,,,,,,,,
urelu_f32,1.116,2026-09-11T18:05:41.257532,"1,1,1","1024,1,1",24,0,0,0,,,,,,,,,,,,,,,,,,,
"void gemv2T_kernel_val<int, int, float, float, float, float, (int)128, (int)16, (int)2, (int)2, (bool)0, (bool)0, cublasGemvParamsEx<int, cublasGemvTensorStridedBatched<const float>, cublasGemvTensorStridedBatched<const float>, cublasGemvTensorStridedBatched<float>, float>>(T13, T6, T6)",2.423,2026-09-11T18:05:41.257545,"64,1,1","128,1,1",47,1536,1536,0,,,,,,,,,,,,,,,,,,,
badd_f32,1.148,2026-09-11T18:05:41.257560,"1,1,1","1024,1,1",38,0,0,0,,,,,,,,,,,,,,,,,,,
bmaximum_f32,1.977,2026-09-11T18:05:41.257572,"1,1,1","1024,1,1",38,0,0,0,,,,,,,,,,,,,,,,,,,
bminimum_f32,2.041,2026-09-11T18:05:41.257586,"1,1,1","1024,1,1",38,0,0,0,,,,,,,,,,,,,,,,,,,
"std::enable_if<!T7, void>::type internal::gemvx::kernel<int, int, float, float, float, float, (bool)0, (bool)1, (bool)1, (bool)0, (int)8, (bool)0, cublasGemvParamsEx<int, cublasGemvTensorStridedBatched<const float>, cublasGemvTensorStridedBatched<const float>, cublasGemvTensorStridedBatched<float>, float>>(T13)",2.869,2026-09-11T18:05:41.257599,"64,1,1","16,16,1",159,1088,0,1088,,,,,,,,,,,,,,,,,,,
badd_f32,1.212,2026-09-11T18:05:41.257613,"1,1,1","1024,1,1",38,0,0,0,,,,,,,,,,,,,,,,,,,
"std::enable_if<!T7, void>::type internal::gemvx::kernel<int, int, float, float, float, float, (bool)0, (bool)1, (bool)1, (bool)0, (int)8, (bool)0, cublasGemvParamsEx<int, cublasGemvTensorStridedBatched<const float>, cublasGemvTensorStridedBatched<const float>, cublasGemvTensorStridedBatched<float>, float>>(T13)",2.136,2026-09-11T18:05:41.257626,"32,1,1","16,16,1",159,1088,0,1088,,,,,,,,,,,,,,,,,,,
badd_f32,1.148,2026-09-11T18:05:41.257639,"1,1,1","1024,1,1",38,0,0,0,,,,,,,,,,,,,,,,,,,
urelu_f32,1.084,2026-09-11T18:05:41.257669,"1,1,1","1024,1,1",24,0,0,0,,,,,,,,,,,,,,,,,,,
"void gemv2T_kernel_val<int, int, float, float, float, float, (int)128, (int)16, (int)4, (int)4, (bool)0, (bool)0, cublasGemvParamsEx<int, cublasGemvTensorStridedBatched<const float>, cublasGemvTensorStridedBatched<const float>, cublasGemvTensorStridedBatched<float>, float>>(T13, T6, T6)",3.826,2026-09-11T18:05:41.257689,"512,1,1","128,1,1",59,2560,2560,0,,,,,,,,,,,,,,,,,,,
badd_f32,1.212,2026-09-11T18:05:41.257705,"4,1,1","1024,1,1",38,0,0,0,,,,,,,,,,,,,,,,,,,
copy2d_f32,1.084,2026-09-11T18:05:41.257718,"1,1,1","1024,1,1",16,0,0,0,,,,,,,,,,,,,,,,,,,
copy2d_f32,1.051,2026-09-11T18:05:41.257731,"1,1,1","1024,1,1",16,0,0,0,,,,,,,,,,,,,,,,,,,
copy2d_f32,1.084,2026-09-11T18:05:41.257744,"1,1,1","1024,1,1",16,0,0,0,,,,,,,,,,,,,,,,,,,
copy2d_f32,1.147,2026-09-11T18:05:41.257759,"1,1,1","1024,1,1",16,0,0,0,,,,,,,,,,,,,,,,,,,
copy2d_f32,1.148,2026-09-11T18:05:41.257773,"4,1,1","1024,1,1",16,0,0,0,,,,,,,,,,,,,,,,,,,
im2col_f32,2.295,2026-09-11T18:05:41.257786,"7,1,1","1024,1,1",36,0,0,0,,,,,,,,,,,,,,,,,,,
ampere_sgemm_32x32_sliced1x4_tn,3.475,2026-09-11T18:05:41.257799,"1,24,9","128,1,1",86,32768,32768,0,,,,,,,,,,,,,,,,,,,
"void cublasLt::splitKreduce_kernel<(int)32, (int)16, int, float, float, float, float, (bool)0, float, float, float, (bool)1, (bool)0, (bool)0>(cublasLt::cublasSplitKParams<T6>, const T4 *, const T10 *, T9 *, T5 *, const T6 *, const T6 *, const T11 *, const T4 *, T11 *, void *, long, T6 *, int *, T6 *, T6 *, const T6 *, const T6 *, const T6 *, const T6 *, const T6 *)",1.531,2026-09-11T18:05:41.257812,"1,48,1","32,16,1",44,0,0,0,,,,,,,,,,,,,,,,,,,
ucopy_f32,2.392,2026-09-11T18:05:41.257825,"6,1,1","1024,1,1",24,0,0,0,,,,,,,,,,,,,,,,,,,
badd_f32,2.743,2026-09-11T18:05:41.257838,"6,1,1","1024,1,1",38,0,0,0,,,,,,,,,,,,,,,,,,,
urelu_f32,1.212,2026-09-11T18:05:41.257851,"6,1,1","1024,1,1",24,0,0,0,,,,,,,,,,,,,,,,,,,
im2col_f32,2.327,2026-09-11T18:05:41.257864,"14,1,1","1024,1,1",36,0,0,0,,,,,,,,,,,,,,,,,,,
ampere_sgemm_32x32_sliced1x4_tn,3.347,2026-09-11T18:05:41.257877,"1,6,36","128,1,1",86,32768,32768,0,,,,,,,,,,,,,,,,,,,
"void cublasLt::splitKreduce_kernel<(int)32, (int)16, int, float, float, float, float, (bool)0, float, float, float, (bool)1, (bool)0, (bool)0>(cublasLt::cublasSplitKParams<T6>, const T4 *, const T10 *, T9 *, T5 *, const T6 *, const T6 *, const T11 *, const T4 *, T11 *, void *, long, T6 *, int *, T6 *, T6 *, const T6 *, const T6 *, const T6 *, const T6 *, const T6 *)",1.913,2026-09-11T18:05:41.257891,"1,12,1","32,16,1",44,0,0,0,,,,,,,,,,,,,,,,,,,
ucopy_f32,2.327,2026-09-11T18:05:41.257904,"3,1,1","1024,1,1",24,0,0,0,,,,,,,,,,,,,,,,,,,
badd_f32,2.678,2026-09-11T18:05:41.257917,"3,1,1","1024,1,1",38,0,0,0,,,,,,,,,,,,,,,,,,,
urelu_f32,1.148,2026-09-11T18:05:41.257961,"3,1,1","1024,1,1",24,0,0,0,,,,,,,,,,,,,,,,,,,
im2col_f32,2.327,2026-09-11T18:05:41.257983,"7,1,1","1024,1,1",36,0,0,0,,,,,,,,,,,,,,,,,,,
ampere_sgemm_32x32_sliced1x4_tn,3.252,2026-09-11T18:05:41.257997,"1,2,72","128,1,1",86,32768,32768,0,,,,,,,,,,,,,,,,,,,
"void cublasLt::splitKreduce_kernel<(int)32, (int)16, int, float, float, float, float, (bool)0, float, float, float, (bool)1, (bool)0, (bool)0>(cublasLt::cublasSplitKParams<T6>, const T4 *, const T10 *, T9 *, T5 *, const T6 *, const T6 *, const T11 *, const T4 *, T11 *, void *, long, T6 *, int *, T6 *, T6 *, const T6 *, const T6 *, const T6 *, const T6 *, const T6 *)",3.188,2026-09-11T18:05:41.258011,"1,3,1","32,16,1",44,0,0,0,,,,,,,,,,,,,,,,,,,
ucopy_f32,2.519,2026-09-11T18:05:41.258024,"2,1,1","1024,1,1",24,0,0,0,,,,,,,,,,,,,,,,,,,
badd_f32,2.647,2026-09-11T18:05:41.258038,"2,1,1","1024,1,1",38,0,0,0,,,,,,,,,,,,,,,,,,,
urelu_f32,1.147,2026-09-11T18:05:41.258051,"2,1,1","1024,1,1",24,0,0,0,,,,,,,,,,,,,,,,,,,
"std::enable_if<!T7, void>::type internal::gemvx::kernel<int, int, float, float, float, float, (bool)0, (bool)1, (bool)1, (bool)0, (int)7, (bool)0, cublasGemvParamsEx<int, cublasGemvTensorStridedBatched<const float>, cublasGemvTensorStridedBatched<const float>, cublasGemvTensorStridedBatched<float>, float>>(T13)",2.774,2026-09-11T18:05:41.258064,"32,1,1","32,4,1",159,528,0,528,,,,,,,,,,,,,,,,,,,
badd_f32,1.148,2026-09-11T18:05:41.258078,"1,1,1","1024,1,1",38,0,0,0,,,,,,,,,,,,,,,,,,,
urelu_f32,1.083,2026-09-11T18:05:41.258091,"1,1,1","1024,1,1",24,0,0,0,,,,,,,,,,,,,,,,,,,
im2col1d_f32,2.072,2026-09-11T18:05:41.258105,"1,1,1","1024,1,1",40,0,0,0,,,,,,,,,,,,,,,,,,,
ampere_sgemm_32x32_sliced1x4_tn,2.806,2026-09-11T18:05:41.258119,"1,12,6","128,1,1",86,32768,32768,0,,,,,,,,,,,,,,,,,,,
"void cublasLt::splitKreduce_kernel<(int)32, (int)16, int, float, float, float, float, (bool)0, float, float, float, (bool)1, (bool)0, (bool)0>(cublasLt::cublasSplitKParams<T6>, const T4 *, const T10 *, T9 *, T5 *, const T6 *, const T6 *, const T11 *, const T4 *, T11 *, void *, long, T6 *, int *, T6 *, T6 *, const T6 *, const T6 *, const T6 *, const T6 *, const T6 *)",1.531,2026-09-11T18:05:41.258132,"1,23,1","32,16,1",44,0,0,0,,,,,,,,,,,,,,,,,,,
ucopy_f32,2.072,2026-09-11T18:05:41.258147,"3,1,1","1024,1,1",24,0,0,0,,,,,,,,,,,,,,,,,,,
badd_f32,2.455,2026-09-11T18:05:41.258160,"3,1,1","1024,1,1",38,0,0,0,,,,,,,,,,,,,,,,,,,
urelu_f32,1.148,2026-09-11T18:05:41.258173,"3,1,1","1024,1,1",24,0,0,0,,,,,,,,,,,,,,,,,,,
im2col1d_f32,2.264,2026-09-11T18:05:41.258186,"2,1,1","1024,1,1",40,0,0,0,,,,,,,,,,,,,,,,,,,
ampere_sgemm_32x32_sliced1x4_tn,3.284,2026-09-11T18:05:41.258199,"1,6,24","128,1,1",86,32768,32768,0,,,,,,,,,,,,,,,,,,,
"void cublasLt::splitKreduce_kernel<(int)32, (int)16, int, float, float, float, float, (bool)0, float, float, float, (bool)1, (bool)0, (bool)0>(cublasLt::cublasSplitKParams<T6>, const T4 *, const T10 *, T9 *, T5 *, const T6 *, const T6 *, const T11 *, const T4 *, T11 *, void *, long, T6 *, int *, T6 *, T6 *, const T6 *, const T6 *, const T6 *, const T6 *, const T6 *)",1.625,2026-09-11T18:05:41.258212,"1,12,1","32,16,1",44,0,0,0,,,,,,,,,,,,,,,,,,,
ucopy_f32,2.168,2026-09-11T18:05:41.258225,"3,1,1","1024,1,1",24,0,0,0,,,,,,,,,,,,,,,,,,,
badd_f32,2.455,2026-09-11T18:05:41.258238,"3,1,1","1024,1,1",38,0,0,0,,,,,,,,,,,,,,,,,,,
urelu_f32,1.148,2026-09-11T18:05:41.258251,"3,1,1","1024,1,1",24,0,0,0,,,,,,,,,,,,,,,,,,,
im2col1d_f32,2.264,2026-09-11T18:05:41.258264,"2,1,1","1024,1,1",40,0,0,0,,,,,,,,,,,,,,,,,,,
ampere_sgemm_32x32_sliced1x4_tn,3.38,2026-09-11T18:05:41.258277,"1,3,48","128,1,1",86,32768,32768,0,,,,,,,,,,,,,,,,,,,
"void cublasLt::splitKreduce_kernel<(int)32, (int)16, int, float, float, float, float, (bool)0, float, float, float, (bool)1, (bool)0, (bool)0>(cublasLt::cublasSplitKParams<T6>, const T4 *, const T10 *, T9 *, T5 *, const T6 *, const T6 *, const T11 *, const T4 *, T11 *, void *, long, T6 *, int *, T6 *, T6 *, const T6 *, const T6 *, const T6 *, const T6 *, const T6 *)",2.487,2026-09-11T18:05:41.258290,"1,6,1","32,16,1",44,0,0,0,,,,,,,,,,,,,,,,,,,
ucopy_f32,2.328,2026-09-11T18:05:41.258305,"3,1,1","1024,1,1",24,0,0,0,,,,,,,,,,,,,,,,,,,
badd_f32,2.455,2026-09-11T18:05:41.258318,"3,1,1","1024,1,1",38,0,0,0,,,,,,,,,,,,,,,,,,,
urelu_f32,1.148,2026-09-11T18:05:41.258331,"3,1,1","1024,1,1",24,0,0,0,,,,,,,,,,,,,,,,,,,
"void dot_kernel<float, (int)128, (int)0, cublasDotParams<cublasGemvTensorStridedBatched<const float>, cublasGemvTensorStridedBatched<float>>>(T4)",2.519,2026-09-11T18:05:41.258344,"18,1,96","128,1,1",28,512,512,0,,,,,,,,,,,,,,,,,,,
"void reduce_1Block_kernel<float, (int)128, (int)7, cublasGemvTensorStridedBatched<float>, cublasGemvTensorStridedBatched<const float>, cublasGemvTensorStridedBatched<float>>(const T1 *, T1, T4, int, const T1 *, T1, T5, T6, cublasPointerMode_t, cublasLtEpilogue_t, cublasGemvTensorStridedBatched<const biasType<T6::value_type, T1>::type>)",1.275,2026-09-11T18:05:41.258357,"1,1,96","128,1,1",28,768,768,0,,,,,,,,,,,,,,,,,,,
badd_f32,1.115,2026-09-11T18:05:41.258372,"1,1,1","1024,1,1",38,0,0,0,,,,,,,,,,,,,,,,,,,
urelu_f32,1.116,2026-09-11T18:05:41.258385,"1,1,1","1024,1,1",24,0,0,0,,,,,,,,,,,,,,,,,,,
"std::enable_if<!T7, void>::type internal::gemvx::kernel<int, int, float, float, float, float, (bool)0, (bool)1, (bool)1, (bool)0, (int)6, (bool)0, cublasGemvParamsEx<int, cublasGemvTensorStridedBatched<const float>, cublasGemvTensorStridedBatched<const float>, cublasGemvTensorStridedBatched<float>, float>>(T13)",1.499,2026-09-11T18:05:41.258398,"2,1,1","4,16,1",166,320,0,320,,,,,,,,,,,,,,,,,,,
badd_f32,1.116,2026-09-11T18:05:41.258411,"1,1,1","1024,1,1",38,0,0,0,,,,,,,,,,,,,,,,,,,
urelu_f32,1.052,2026-09-11T18:05:41.258424,"1,1,1","1024,1,1",24,0,0,0,,,,,,,,,,,,,,,,,,,
copy2d_f32,1.052,2026-09-11T18:05:41.258438,"1,1,1","1024,1,1",16,0,0,0,,,,,,,,,,,,,,,,,,,
copy2d_f32,1.052,2026-09-11T18:05:41.258451,"1,1,1","1024,1,1",16,0,0,0,,,,,,,,,,,,,,,,,,,
copy2d_f32,1.052,2026-09-11T18:05:41.258464,"1,1,1","1024,1,1",16,0,0,0,,,,,,,,,,,,,,,,,,,
layernorm_f32,2.647,2026-09-11T18:05:41.258477,"1,1,1","32,1,1",28,256,256,0,,,,,,,,,,,,,,,,,,,
copy2d_f32,1.084,2026-09-11T18:05:41.258492,"1,1,1","1024,1,1",16,0,0,0,,,,,,,,,,,,,,,,,,,
copy2d_f32,1.052,2026-09-11T18:05:41.258505,"1,1,1","1024,1,1",16,0,0,0,,,,,,,,,,,,,,,,,,,
copy2d_f32,1.084,2026-09-11T18:05:41.258518,"1,1,1","1024,1,1",16,0,0,0,,,,,,,,,,,,,,,,,,,
"std::enable_if<!T7, void>::type internal::gemvx::kernel<int, int, float, float, float, float, (bool)0, (bool)1, (bool)1, (bool)0, (int)8, (bool)0, cublasGemvParamsEx<int, cublasGemvTensorStridedBatched<const float>, cublasGemvTensorStridedBatched<const float>, cublasGemvTensorStridedBatched<float>, float>>(T13)",1.977,2026-09-11T18:05:41.258533,"32,1,1","16,16,1",159,1088,0,1088,,,,,,,,,,,,,,,,,,,
badd_f32,1.148,2026-09-11T18:05:41.258546,"1,1,1","1024,1,1",38,0,0,0,,,,,,,,,,,,,,,,,,,
urelu_f32,1.116,2026-09-11T18:05:41.258559,"1,1,1","1024,1,1",24,0,0,0,,,,,,,,,,,,,,,,,,,
"void gemv2T_kernel_val<int, int, float, float, float, float, (int)128, (int)16, (int)2, (int)2, (bool)0, (bool)0, cublasGemvParamsEx<int, cublasGemvTensorStridedBatched<const float>, cublasGemvTensorStridedBatched<const float>, cublasGemvTensorStridedBatched<float>, float>>(T13, T6, T6)",2.392,2026-09-11T18:05:41.258573,"64,1,1","128,1,1",47,1536,1536,0,,,,,,,,,,,,,,,,,,,
badd_f32,1.147,2026-09-11T18:05:41.258586,"1,1,1","1024,1,1",38,0,0,0,,,,,,,,,,,,,,,,,,,
bmaximum_f32,1.977,2026-09-11T18:05:41.258599,"1,1,1","1024,1,1",38,0,0,0,,,,,,,,,,,,,,,,,,,
bminimum_f32,2.04,2026-09-11T18:05:41.258612,"1,1,1","1024,1,1",38,0,0,0,,,,,,,,,,,,,,,,,,,
"std::enable_if<!T7, void>::type internal::gemvx::kernel<int, int, float, float, float, float, (bool)0, (bool)1, (bool)1, (bool)0, (int)8, (bool)0, cublasGemvParamsEx<int, cublasGemvTensorStridedBatched<const float>, cublasGemvTensorStridedBatched<const float>, cublasGemvTensorStridedBatched<float>, float>>(T13)",2.041,2026-09-11T18:05:41.258625,"64,1,1","16,16,1",159,1088,0,1088,,,,,,,,,,,,,,,,,,,
badd_f32,1.212,2026-09-11T18:05:41.258638,"1,1,1","1024,1,1",38,0,0,0,,,,,,,,,,,,,,,,,,,
"std::enable_if<!T7, void>::type internal::gemvx::kernel<int, int, float, float, float, float, (bool)0, (bool)1, (bool)1, (bool)0, (int)8, (bool)0, cublasGemvParamsEx<int, cublasGemvTensorStridedBatched<const float>, cublasGemvTensorStridedBatched<const float>, cublasGemvTensorStridedBatched<float>, float>>(T13)",1.881,2026-09-11T18:05:41.258653,"32,1,1","16,16,1",159,1088,0,1088,,,,,,,,,,,,,,,,,,,
badd_f32,1.148,2026-09-11T18:05:41.258666,"1,1,1","1024,1,1",38,0,0,0,,,,,,,,,,,,,,,,,,,
urelu_f32,1.116,2026-09-11T18:05:41.258679,"1,1,1","1024,1,1",24,0,0,0,,,,,,,,,,,,,,,,,,,
"void gemv2T_kernel_val<int, int, float, float, float, float, (int)128, (int)16, (int)4, (int)4, (bool)0, (bool)0, cublasGemvParamsEx<int, cublasGemvTensorStridedBatched<const float>, cublasGemvTensorStridedBatched<const float>, cublasGemvTensorStridedBatched<float>, float>>(T13, T6, T6)",3.857,2026-09-11T18:05:41.258692,"512,1,1","128,1,1",59,2560,2560,0,,,,,,,,,,,,,,,,,,,
badd_f32,1.211,2026-09-11T18:05:41.258819,"4,1,1","1024,1,1",38,0,0,0,,,,,,,,,,,,,,,,,,,
copy2d_f32,1.115,2026-09-11T18:05:41.258852,"1,1,1","1024,1,1",16,0,0,0,,,,,,,,,,,,,,,,,,,
copy2d_f32,1.051,2026-09-11T18:05:41.258867,"1,1,1","1024,1,1",16,0,0,0,,,,,,,,,,,,,,,,,,,
copy2d_f32,1.052,2026-09-11T18:05:41.258881,"1,1,1","1024,1,1",16,0,0,0,,,,,,,,,,,,,,,,,,,
copy2d_f32,1.18,2026-09-11T18:05:41.258894,"1,1,1","1024,1,1",16,0,0,0,,,,,,,,,,,,,,,,,,,
copy2d_f32,1.179,2026-09-11T18:05:41.258908,"4,1,1","1024,1,1",16,0,0,0,,,,,,,,,,,,,,,,,,,
im2col_f32,2.296,2026-09-11T18:05:41.258921,"7,1,1","1024,1,1",36,0,0,0,,,,,,,,,,,,,,,,,,,
ampere_sgemm_32x32_sliced1x4_tn,3.443,2026-09-11T18:05:41.258935,"1,24,9","128,1,1",86,32768,32768,0,,,,,,,,,,,,,,,,,,,
"void cublasLt::splitKreduce_kernel<(int)32, (int)16, int, float, float, float, float, (bool)0, float, float, float, (bool)1, (bool)0, (bool)0>(cublasLt::cublasSplitKParams<T6>, const T4 *, const T10 *, T9 *, T5 *, const T6 *, const T6 *, const T11 *, const T4 *, T11 *, void *, long, T6 *, int *, T6 *, T6 *, const T6 *, const T6 *, const T6 *, const T6 *, const T6 *)",1.499,2026-09-11T18:05:41.258949,"1,48,1","32,16,1",44,0,0,0,,,,,,,,,,,,,,,,,,,
ucopy_f32,2.359,2026-09-11T18:05:41.258976,"6,1,1","1024,1,1",24,0,0,0,,,,,,,,,,,,,,,,,,,
badd_f32,2.678,2026-09-11T18:05:41.258993,"6,1,1","1024,1,1",38,0,0,0,,,,,,,,,,,,,,,,,,,
urelu_f32,1.212,2026-09-11T18:05:41.259006,"6,1,1","1024,1,1",24,0,0,0,,,,,,,,,,,,,,,,,,,
im2col_f32,2.328,2026-09-11T18:05:41.259019,"14,1,1","1024,1,1",36,0,0,0,,,,,,,,,,,,,,,,,,,
ampere_sgemm_32x32_sliced1x4_tn,3.316,2026-09-11T18:05:41.259032,"1,6,36","128,1,1",86,32768,32768,0,,,,,,,,,,,,,,,,,,,
"void cublasLt::splitKreduce_kernel<(int)32, (int)16, int, float, float, float, float, (bool)0, float, float, float, (bool)1, (bool)0, (bool)0>(cublasLt::cublasSplitKParams<T6>, const T4 *, const T10 *, T9 *, T5 *, const T6 *, const T6 *, const T11 *, const T4 *, T11 *, void *, long, T6 *, int *, T6 *, T6 *, const T6 *, const T6 *, const T6 *, const T6 *, const T6 *)",1.881,2026-09-11T18:05:41.259046,"1,12,1","32,16,1",44,0,0,0,,,,,,,,,,,,,,,,,,,
ucopy_f32,2.295,2026-09-11T18:05:41.259059,"3,1,1","1024,1,1",24,0,0,0,,,,,,,,,,,,,,,,,,,
badd_f32,2.678,2026-09-11T18:05:41.259071,"3,1,1","1024,1,1",38,0,0,0,,,,,,,,,,,,,,,,,,,
urelu_f32,1.148,2026-09-11T18:05:41.259084,"3,1,1","1024,1,1",24,0,0,0,,,,,,,,,,,,,,,,,,,
im2col_f32,2.264,2026-09-11T18:05:41.259099,"7,1,1","1024,1,1",36,0,0,0,,,,,,,,,,,,,,,,,,,
ampere_sgemm_32x32_sliced1x4_tn,3.252,2026-09-11T18:05:41.259112,"1,2,72","128,1,1",86,32768,32768,0,,,,,,,,,,,,,,,,,,,
"void cublasLt::splitKreduce_kernel<(int)32, (int)16, int, float, float, float, float, (bool)0, float, float, float, (bool)1, (bool)0, (bool)0>(cublasLt::cublasSplitKParams<T6>, const T4 *, const T10 *, T9 *, T5 *, const T6 *, const T6 *, const T11 *, const T4 *, T11 *, void *, long, T6 *, int *, T6 *, T6 *, const T6 *, const T6 *, const T6 *, const T6 *, const T6 *)",3.188,2026-09-11T18:05:41.259125,"1,3,1","32,16,1",44,0,0,0,,,,,,,,,,,,,,,,,,,
ucopy_f32,2.519,2026-09-11T18:05:41.259139,"2,1,1","1024,1,1",24,0,0,0,,,,,,,,,,,,,,,,,,,
badd_f32,2.646,2026-09-11T18:05:41.259158,"2,1,1","1024,1,1",38,0,0,0,,,,,,,,,,,,,,,,,,,
urelu_f32,1.148,2026-09-11T18:05:41.259175,"2,1,1","1024,1,1",24,0,0,0,,,,,,,,,,,,,,,,,,,
"std::enable_if<!T7, void>::type internal::gemvx::kernel<int, int, float, float, float, float, (bool)0, (bool)1, (bool)1, (bool)0, (int)7, (bool)0, cublasGemvParamsEx<int, cublasGemvTensorStridedBatched<const float>, cublasGemvTensorStridedBatched<const float>, cublasGemvTensorStridedBatched<float>, float>>(T13)",2.263,2026-09-11T18:05:41.259188,"32,1,1","32,4,1",159,528,0,528,,,,,,,,,,,,,,,,,,,
badd_f32,1.116,2026-09-11T18:05:41.259202,"1,1,1","1024,1,1",38,0,0,0,,,,,,,,,,,,,,,,,,,
urelu_f32,1.116,2026-09-11T18:05:41.259215,"1,1,1","1024,1,1",24,0,0,0,,,,,,,,,,,,,,,,,,,
im2col1d_f32,2.104,2026-09-11T18:05:41.259228,"1,1,1","1024,1,1",40,0,0,0,,,,,,,,,,,,,,,,,,,
ampere_sgemm_32x32_sliced1x4_tn,2.837,2026-09-11T18:05:41.259241,"1,12,6","128,1,1",86,32768,32768,0,,,,,,,,,,,,,,,,,,,
"void cublasLt::splitKreduce_kernel<(int)32, (int)16, int, float, float, float, float, (bool)0, float, float, float, (bool)1, (bool)0, (bool)0>(cublasLt::cublasSplitKParams<T6>, const T4 *, const T10 *, T9 *, T5 *, const T6 *, const T6 *, const T11 *, const T4 *, T11 *, void *, long, T6 *, int *, T6 *, T6 *, const T6 *, const T6 *, const T6 *, const T6 *, const T6 *)",1.53,2026-09-11T18:05:41.259254,"1,23,1","32,16,1",44,0,0,0,,,,,,,,,,,,,,,,,,,
ucopy_f32,2.104,2026-09-11T18:05:41.259267,"3,1,1","1024,1,1",24,0,0,0,,,,,,,,,,,,,,,,,,,
badd_f32,2.487,2026-09-11T18:05:41.259280,"3,1,1","1024,1,1",38,0,0,0,,,,,,,,,,,,,,,,,,,
urelu_f32,1.148,2026-09-11T18:05:41.259293,"3,1,1","1024,1,1",24,0,0,0,,,,,,,,,,,,,,,,,,,
im2col1d_f32,2.296,2026-09-11T18:05:41.259306,"2,1,1","1024,1,1",40,0,0,0,,,,,,,,,,,,,,,,,,,
ampere_sgemm_32x32_sliced1x4_tn,3.379,2026-09-11T18:05:41.259321,"1,6,24","128,1,1",86,32768,32768,0,,,,,,,,,,,,,,,,,,,
"void cublasLt::splitKreduce_kernel<(int)32, (int)16, int, float, float, float, float, (bool)0, float, float, float, (bool)1, (bool)0, (bool)0>(cublasLt::cublasSplitKParams<T6>, const T4 *, const T10 *, T9 *, T5 *, const T6 *, const T6 *, const T11 *, const T4 *, T11 *, void *, long, T6 *, int *, T6 *, T6 *, const T6 *, const T6 *, const T6 *, const T6 *, const T6 *)",1.625,2026-09-11T18:05:41.259336,"1,12,1","32,16,1",44,0,0,0,,,,,,,,,,,,,,,,,,,
ucopy_f32,2.136,2026-09-11T18:05:41.259362,"3,1,1","1024,1,1",24,0,0,0,,,,,,,,,,,,,,,,,,,
badd_f32,2.423,2026-09-11T18:05:41.259377,"3,1,1","1024,1,1",38,0,0,0,,,,,,,,,,,,,,,,,,,
urelu_f32,1.148,2026-09-11T18:05:41.259390,"3,1,1","1024,1,1",24,0,0,0,,,,,,,,,,,,,,,,,,,
im2col1d_f32,2.232,2026-09-11T18:05:41.259403,"2,1,1","1024,1,1",40,0,0,0,,,,,,,,,,,,,,,,,,,
ampere_sgemm_32x32_sliced1x4_tn,3.348,2026-09-11T18:05:41.259416,"1,3,48","128,1,1",86,32768,32768,0,,,,,,,,,,,,,,,,,,,
"void cublasLt::splitKreduce_kernel<(int)32, (int)16, int, float, float, float, float, (bool)0, float, float, float, (bool)1, (bool)0, (bool)0>(cublasLt::cublasSplitKParams<T6>, const T4 *, const T10 *, T9 *, T5 *, const T6 *, const T6 *, const T11 *, const T4 *, T11 *, void *, long, T6 *, int *, T6 *, T6 *, const T6 *, const T6 *, const T6 *, const T6 *, const T6 *)",2.519,2026-09-11T18:05:41.259430,"1,6,1","32,16,1",44,0,0,0,,,,,,,,,,,,,,,,,,,
ucopy_f32,2.296,2026-09-11T18:05:41.259443,"3,1,1","1024,1,1",24,0,0,0,,,,,,,,,,,,,,,,,,,
badd_f32,2.423,2026-09-11T18:05:41.259455,"3,1,1","1024,1,1",38,0,0,0,,,,,,,,,,,,,,,,,,,
urelu_f32,1.147,2026-09-11T18:05:41.259468,"3,1,1","1024,1,1",24,0,0,0,,,,,,,,,,,,,,,,,,,
"void dot_kernel<float, (int)128, (int)0, cublasDotParams<cublasGemvTensorStridedBatched<const float>, cublasGemvTensorStridedBatched<float>>>(T4)",2.614,2026-09-11T18:05:41.259481,"18,1,96","128,1,1",28,512,512,0,,,,,,,,,,,,,,,,,,,
"void reduce_1Block_kernel<float, (int)128, (int)7, cublasGemvTensorStridedBatched<float>, cublasGemvTensorStridedBatched<const float>, cublasGemvTensorStridedBatched<float>>(const T1 *, T1, T4, int, const T1 *, T1, T5, T6, cublasPointerMode_t, cublasLtEpilogue_t, cublasGemvTensorStridedBatched<const biasType<T6::value_type, T1>::type>)",1.275,2026-09-11T18:05:41.259495,"1,1,96","128,1,1",28,768,768,0,,,,,,,,,,,,,,,,,,,
badd_f32,1.116,2026-09-11T18:05:41.259520,"1,1,1","1024,1,1",38,0,0,0,,,,,,,,,,,,,,,,,,,
urelu_f32,1.084,2026-09-11T18:05:41.259533,"1,1,1","1024,1,1",24,0,0,0,,,,,,,,,,,,,,,,,,,
"std::enable_if<!T7, void>::type internal::gemvx::kernel<int, int, float, float, float, float, (bool)0, (bool)1, (bool)1, (bool)0, (int)6, (bool)0, cublasGemvParamsEx<int, cublasGemvTensorStridedBatched<const float>, cublasGemvTensorStridedBatched<const float>, cublasGemvTensorStridedBatched<float>, float>>(T13)",1.499,2026-09-11T18:05:41.259555,"2,1,1","4,16,1",166,320,0,320,,,,,,,,,,,,,,,,,,,
badd_f32,1.116,2026-09-11T18:05:41.259571,"1,1,1","1024,1,1",38,0,0,0,,,,,,,,,,,,,,,,,,,
urelu_f32,1.084,2026-09-11T18:05:41.259584,"1,1,1","1024,1,1",24,0,0,0,,,,,,,,,,,,,,,,,,,
copy2d_f32,1.084,2026-09-11T18:05:41.259597,"1,1,1","1024,1,1",16,0,0,0,,,,,,,,,,,,,,,,,,,
copy2d_f32,1.083,2026-09-11T18:05:41.259610,"1,1,1","1024,1,1",16,0,0,0,,,,,,,,,,,,,,,,,,,
copy2d_f32,1.084,2026-09-11T18:05:41.259623,"1,1,1","1024,1,1",16,0,0,0,,,,,,,,,,,,,,,,,,,
layernorm_f32,2.614,2026-09-11T18:05:41.259636,"1,1,1","32,1,1",28,256,256,0,,,,,,,,,,,,,,,,,,,
copy2d_f32,1.084,2026-09-11T18:05:41.259649,"1,1,1","1024,1,1",16,0,0,0,,,,,,,,,,,,,,,,,,,
copy2d_f32,1.052,2026-09-11T18:05:41.259662,"1,1,1","1024,1,1",16,0,0,0,,,,,,,,,,,,,,,,,,,
copy2d_f32,1.053,2026-09-11T18:05:41.259674,"1,1,1","1024,1,1",16,0,0,0,,,,,,,,,,,,,,,,,,,
"std::enable_if<!T7, void>::type internal::gemvx::kernel<int, int, float, float, float, float, (bool)0, (bool)1, (bool)1, (bool)0, (int)8, (bool)0, cublasGemvParamsEx<int, cublasGemvTensorStridedBatched<const float>, cublasGemvTensorStridedBatched<const float>, cublasGemvTensorStridedBatched<float>, float>>(T13)",2.009,2026-09-11T18:05:41.259688,"32,1,1","16,16,1",159,1088,0,1088,,,,,,,,,,,,,,,,,,,
badd_f32,1.148,2026-09-11T18:05:41.259702,"1,1,1","1024,1,1",38,0,0,0,,,,,,,,,,,,,,,,,,,
urelu_f32,1.116,2026-09-11T18:05:41.259716,"1,1,1","1024,1,1",24,0,0,0,,,,,,,,,,,,,,,,,,,
"void gemv2T_kernel_val<int, int, float, float, float, float, (int)128, (int)16, (int)2, (int)2, (bool)0, (bool)0, cublasGemvParamsEx<int, cublasGemvTensorStridedBatched<const float>, cublasGemvTensorStridedBatched<const float>, cublasGemvTensorStridedBatched<float>, float>>(T13, T6, T6)",2.487,2026-09-11T18:05:41.259729,"64,1,1","128,1,1",47,1536,1536,0,,,,,,,,,,,,,,,,,,,
badd_f32,1.148,2026-09-11T18:05:41.259742,"1,1,1","1024,1,1",38,0,0,0,,,,,,,,,,,,,,,,,,,
bmaximum_f32,1.977,2026-09-11T18:05:41.259755,"1,1,1","1024,1,1",38,0,0,0,,,,,,,,,,,,,,,,,,,
bminimum_f32,2.009,2026-09-11T18:05:41.259768,"1,1,1","1024,1,1",38,0,0,0,,,,,,,,,,,,,,,,,,,
"std::enable_if<!T7, void>::type internal::gemvx::kernel<int, int, float, float, float, float, (bool)0, (bool)1, (bool)1, (bool)0, (int)8, (bool)0, cublasGemvParamsEx<int, cublasGemvTensorStridedBatched<const float>, cublasGemvTensorStridedBatched<const float>, cublasGemvTensorStridedBatched<float>, float>>(T13)",1.945,2026-09-11T18:05:41.259781,"64,1,1","16,16,1",159,1088,0,1088,,,,,,,,,,,,,,,,,,,
badd_f32,1.212,2026-09-11T18:05:41.259795,"1,1,1","1024,1,1",38,0,0,0,,,,,,,,,,,,,,,,,,,
"std::enable_if<!T7, void>::type internal::gemvx::kernel<int, int, float, float, float, float, (bool)0, (bool)1, (bool)1, (bool)0, (int)8, (bool)0, cublasGemvParamsEx<int, cublasGemvTensorStridedBatched<const float>, cublasGemvTensorStridedBatched<const float>, cublasGemvTensorStridedBatched<float>, float>>(T13)",1.849,2026-09-11T18:05:41.259808,"32,1,1","16,16,1",159,1088,0,1088,,,,,,,,,,,,,,,,,,,
badd_f32,1.18,2026-09-11T18:05:41.259825,"1,1,1","1024,1,1",38,0,0,0,,,,,,,,,,,,,,,,,,,
urelu_f32,1.116,2026-09-11T18:05:41.259838,"1,1,1","1024,1,1",24,0,0,0,,,,,,,,,,,,,,,,,,,
"void gemv2T_kernel_val<int, int, float, float, float, float, (int)128, (int)16, (int)4, (int)4, (bool)0, (bool)0, cublasGemvParamsEx<int, cublasGemvTensorStridedBatched<const float>, cublasGemvTensorStridedBatched<const float>, cublasGemvTensorStridedBatched<float>, float>>(T13, T6, T6)",3.857,2026-09-11T18:05:41.259852,"512,1,1","128,1,1",59,2560,2560,0,,,,,,,,,,,,,,,,,,,
badd_f32,1.212,2026-09-11T18:05:41.259866,"4,1,1","1024,1,1",38,0,0,0,,,,,,,,,,,,,,,,,,,
copy2d_f32,1.115,2026-09-11T18:05:41.259880,"1,1,1","1024,1,1",16,0,0,0,,,,,,,,,,,,,,,,,,,
copy2d_f32,1.052,2026-09-11T18:05:41.259893,"1,1,1","1024,1,1",16,0,0,0,,,,,,,,,,,,,,,,,,,
copy2d_f32,1.084,2026-09-11T18:05:41.259906,"1,1,1","1024,1,1",16,0,0,0,,,,,,,,,,,,,,,,,,,
copy2d_f32,1.148,2026-09-11T18:05:41.259919,"1,1,1","1024,1,1",16,0,0,0,,,,,,,,,,,,,,,,,,,
copy2d_f32,1.18,2026-09-11T18:05:41.259932,"4,1,1","1024,1,1",16,0,0,0,,,,,,,,,,,,,,,,,,,
im2col_f32,2.296,2026-09-11T18:05:41.259945,"7,1,1","1024,1,1",36,0,0,0,,,,,,,,,,,,,,,,,,,
ampere_sgemm_32x32_sliced1x4_tn,3.539,2026-09-11T18:05:41.259958,"1,24,9","128,1,1",86,32768,32768,0,,,,,,,,,,,,,,,,,,,
"void cublasLt::splitKreduce_kernel<(int)32, (int)16, int, float, float, float, float, (bool)0, float, float, float, (bool)1, (bool)0, (bool)0>(cublasLt::cublasSplitKParams<T6>, const T4 *, const T10 *, T9 *, T5 *, const T6 *, const T6 *, const T11 *, const T4 *, T11 *, void *, long, T6 *, int *, T6 *, T6 *, const T6 *, const T6 *, const T6 *, const T6 *, const T6 *)",1.499,2026-09-11T18:05:41.259971,"1,48,1","32,16,1",44,0,0,0,,,,,,,,,,,,,,,,,,,
ucopy_f32,2.391,2026-09-11T18:05:41.259984,"6,1,1","1024,1,1",24,0,0,0,,,,,,,,,,,,,,,,,,,
badd_f32,2.741,2026-09-11T18:05:41.259998,"6,1,1","1024,1,1",38,0,0,0,,,,,,,,,,,,,,,,,,,
urelu_f32,1.212,2026-09-11T18:05:41.260011,"6,1,1","1024,1,1",24,0,0,0,,,,,,,,,,,,,,,,,,,
im2col_f32,2.296,2026-09-11T18:05:41.260024,"14,1,1","1024,1,1",36,0,0,0,,,,,,,,,,,,,,,,,,,
ampere_sgemm_32x32_sliced1x4_tn,3.348,2026-09-11T18:05:41.260039,"1,6,36","128,1,1",86,32768,32768,0,,,,,,,,,,,,,,,,,,,
"void cublasLt::splitKreduce_kernel<(int)32, (int)16, int, float, float, float, float, (bool)0, float, float, float, (bool)1, (bool)0, (bool)0>(cublasLt::cublasSplitKParams<T6>, const T4 *, const T10 *, T9 *, T5 *, const T6 *, const T6 *, const T11 *, const T4 *, T11 *, void *, long, T6 *, int *, T6 *, T6 *, const T6 *, const T6 *, const T6 *, const T6 *, const T6 *)",1.914,2026-09-11T18:05:41.260053,"1,12,1","32,16,1",44,0,0,0,,,,,,,,,,,,,,,,,,,
ucopy_f32,2.327,2026-09-11T18:05:41.260067,"3,1,1","1024,1,1",24,0,0,0,,,,,,,,,,,,,,,,,,,
badd_f32,2.679,2026-09-11T18:05:41.260080,"3,1,1","1024,1,1",38,0,0,0,,,,,,,,,,,,,,,,,,,
urelu_f32,1.148,2026-09-11T18:05:41.260093,"3,1,1","1024,1,1",24,0,0,0,,,,,,,,,,,,,,,,,,,
im2col_f32,2.295,2026-09-11T18:05:41.260107,"7,1,1","1024,1,1",36,0,0,0,,,,,,,,,,,,,,,,,,,
ampere_sgemm_32x32_sliced1x4_tn,3.252,2026-09-11T18:05:41.260120,"1,2,72","128,1,1",86,32768,32768,0,,,,,,,,,,,,,,,,,,,
"void cublasLt::splitKreduce_kernel<(int)32, (int)16, int, float, float, float, float, (bool)0, float, float, float, (bool)1, (bool)0, (bool)0>(cublasLt::cublasSplitKParams<T6>, const T4 *, const T10 *, T9 *, T5 *, const T6 *, const T6 *, const T11 *, const T4 *, T11 *, void *, long, T6 *, int *, T6 *, T6 *, const T6 *, const T6 *, const T6 *, const T6 *, const T6 *)",3.156,2026-09-11T18:05:41.260133,"1,3,1","32,16,1",44,0,0,0,,,,,,,,,,,,,,,,,,,
ucopy_f32,2.487,2026-09-11T18:05:41.260147,"2,1,1","1024,1,1",24,0,0,0,,,,,,,,,,,,,,,,,,,
badd_f32,2.646,2026-09-11T18:05:41.260160,"2,1,1","1024,1,1",38,0,0,0,,,,,,,,,,,,,,,,,,,
urelu_f32,1.148,2026-09-11T18:05:41.260175,"2,1,1","1024,1,1",24,0,0,0,,,,,,,,,,,,,,,,,,,
"std::enable_if<!T7, void>::type internal::gemvx::kernel<int, int, float, float, float, float, (bool)0, (bool)1, (bool)1, (bool)0, (int)7, (bool)0, cublasGemvParamsEx<int, cublasGemvTensorStridedBatched<const float>, cublasGemvTensorStridedBatched<const float>, cublasGemvTensorStridedBatched<float>, float>>(T13)",2.933,2026-09-11T18:05:41.260188,"32,1,1","32,4,1",159,528,0,528,,,,,,,,,,,,,,,,,,,
badd_f32,1.116,2026-09-11T18:05:41.260201,"1,1,1","1024,1,1",38,0,0,0,,,,,,,,,,,,,,,,,,,
urelu_f32,1.084,2026-09-11T18:05:41.260215,"1,1,1","1024,1,1",24,0,0,0,,,,,,,,,,,,,,,,,,,
im2col1d_f32,2.104,2026-09-11T18:05:41.260229,"1,1,1","1024,1,1",40,0,0,0,,,,,,,,,,,,,,,,,,,
ampere_sgemm_32x32_sliced1x4_tn,2.806,2026-09-11T18:05:41.260242,"1,12,6","128,1,1",86,32768,32768,0,,,,,,,,,,,,,,,,,,,
"void cublasLt::splitKreduce_kernel<(int)32, (int)16, int, float, float, float, float, (bool)0, float, float, float, (bool)1, (bool)0, (bool)0>(cublasLt::cublasSplitKParams<T6>, const T4 *, const T10 *, T9 *, T5 *, const T6 *, const T6 *, const T11 *, const T4 *, T11 *, void *, long, T6 *, int *, T6 *, T6 *, const T6 *, const T6 *, const T6 *, const T6 *, const T6 *)",1.499,2026-09-11T18:05:41.260256,"1,23,1","32,16,1",44,0,0,0,,,,,,,,,,,,,,,,,,,
ucopy_f32,2.073,2026-09-11T18:05:41.260271,"3,1,1","1024,1,1",24,0,0,0,,,,,,,,,,,,,,,,,,,
badd_f32,2.487,2026-09-11T18:05:41.260284,"3,1,1","1024,1,1",38,0,0,0,,,,,,,,,,,,,,,,,,,
urelu_f32,1.148,2026-09-11T18:05:41.260298,"3,1,1","1024,1,1",24,0,0,0,,,,,,,,,,,,,,,,,,,
im2col1d_f32,2.264,2026-09-11T18:05:41.260311,"2,1,1","1024,1,1",40,0,0,0,,,,,,,,,,,,,,,,,,,
ampere_sgemm_32x32_sliced1x4_tn,3.38,2026-09-11T18:05:41.260325,"1,6,24","128,1,1",86,32768,32768,0,,,,,,,,,,,,,,,,,,,
"void cublasLt::splitKreduce_kernel<(int)32, (int)16, int, float, float, float, float, (bool)0, float, float, float, (bool)1, (bool)0, (bool)0>(cublasLt::cublasSplitKParams<T6>, const T4 *, const T10 *, T9 *, T5 *, const T6 *, const T6 *, const T11 *, const T4 *, T11 *, void *, long, T6 *, int *, T6 *, T6 *, const T6 *, const T6 *, const T6 *, const T6 *, const T6 *)",1.626,2026-09-11T18:05:41.260339,"1,12,1","32,16,1",44,0,0,0,,,,,,,,,,,,,,,,,,,
ucopy_f32,2.136,2026-09-11T18:05:41.260353,"3,1,1","1024,1,1",24,0,0,0,,,,,,,,,,,,,,,,,,,
badd_f32,2.423,2026-09-11T18:05:41.260367,"3,1,1","1024,1,1",38,0,0,0,,,,,,,,,,,,,,,,,,,
urelu_f32,1.148,2026-09-11T18:05:41.260380,"3,1,1","1024,1,1",24,0,0,0,,,,,,,,,,,,,,,,,,,
im2col1d_f32,2.263,2026-09-11T18:05:41.260395,"2,1,1","1024,1,1",40,0,0,0,,,,,,,,,,,,,,,,,,,
ampere_sgemm_32x32_sliced1x4_tn,3.38,2026-09-11T18:05:41.260408,"1,3,48","128,1,1",86,32768,32768,0,,,,,,,,,,,,,,,,,,,
"void cublasLt::splitKreduce_kernel<(int)32, (int)16, int, float, float, float, float, (bool)0, float, float, float, (bool)1, (bool)0, (bool)0>(cublasLt::cublasSplitKParams<T6>, const T4 *, const T10 *, T9 *, T5 *, const T6 *, const T6 *, const T11 *, const T4 *, T11 *, void *, long, T6 *, int *, T6 *, T6 *, const T6 *, const T6 *, const T6 *, const T6 *, const T6 *)",2.519,2026-09-11T18:05:41.260422,"1,6,1","32,16,1",44,0,0,0,,,,,,,,,,,,,,,,,,,
ucopy_f32,2.327,2026-09-11T18:05:41.260437,"3,1,1","1024,1,1",24,0,0,0,,,,,,,,,,,,,,,,,,,
badd_f32,2.424,2026-09-11T18:05:41.260451,"3,1,1","1024,1,1",38,0,0,0,,,,,,,,,,,,,,,,,,,
urelu_f32,1.147,2026-09-11T18:05:41.260465,"3,1,1","1024,1,1",24,0,0,0,,,,,,,,,,,,,,,,,,,
"void dot_kernel<float, (int)128, (int)0, cublasDotParams<cublasGemvTensorStridedBatched<const float>, cublasGemvTensorStridedBatched<float>>>(T4)",2.583,2026-09-11T18:05:41.260478,"18,1,96","128,1,1",28,512,512,0,,,,,,,,,,,,,,,,,,,
"void reduce_1Block_kernel<float, (int)128, (int)7, cublasGemvTensorStridedBatched<float>, cublasGemvTensorStridedBatched<const float>, cublasGemvTensorStridedBatched<float>>(const T1 *, T1, T4, int, const T1 *, T1, T5, T6, cublasPointerMode_t, cublasLtEpilogue_t, cublasGemvTensorStridedBatched<const biasType<T6::value_type, T1>::type>)",1.307,2026-09-11T18:05:41.260491,"1,1,96","128,1,1",28,768,768,0,,,,,,,,,,,,,,,,,,,
badd_f32,1.116,2026-09-11T18:05:41.260530,"1,1,1","1024,1,1",38,0,0,0,,,,,,,,,,,,,,,,,,,
urelu_f32,1.085,2026-09-11T18:05:41.260556,"1,1,1","1024,1,1",24,0,0,0,,,,,,,,,,,,,,,,,,,
"std::enable_if<!T7, void>::type internal::gemvx::kernel<int, int, float, float, float, float, (bool)0, (bool)1, (bool)1, (bool)0, (int)6, (bool)0, cublasGemvParamsEx<int, cublasGemvTensorStridedBatched<const float>, cublasGemvTensorStridedBatched<const float>, cublasGemvTensorStridedBatched<float>, float>>(T13)",1.53,2026-09-11T18:05:41.260576,"2,1,1","4,16,1",166,320,0,320,,,,,,,,,,,,,,,,,,,
badd_f32,1.116,2026-09-11T18:05:41.260590,"1,1,1","1024,1,1",38,0,0,0,,,,,,,,,,,,,,,,,,,
urelu_f32,1.084,2026-09-11T18:05:41.260607,"1,1,1","1024,1,1",24,0,0,0,,,,,,,,,,,,,,,,,,,
copy2d_f32,1.116,2026-09-11T18:05:41.260620,"1,1,1","1024,1,1",16,0,0,0,,,,,,,,,,,,,,,,,,,
copy2d_f32,1.052,2026-09-11T18:05:41.260633,"1,1,1","1024,1,1",16,0,0,0,,,,,,,,,,,,,,,,,,,
copy2d_f32,1.052,2026-09-11T18:05:41.260647,"1,1,1","1024,1,1",16,0,0,0,,,,,,,,,,,,,,,,,,,
layernorm_f32,2.614,2026-09-11T18:05:41.260661,"1,1,1","32,1,1",28,256,256,0,,,,,,,,,,,,,,,,,,,
copy2d_f32,1.084,2026-09-11T18:05:41.260675,"1,1,1","1024,1,1",16,0,0,0,,,,,,,,,,,,,,,,,,,
copy2d_f32,1.052,2026-09-11T18:05:41.260689,"1,1,1","1024,1,1",16,0,0,0,,,,,,,,,,,,,,,,,,,
copy2d_f32,1.052,2026-09-11T18:05:41.260702,"1,1,1","1024,1,1",16,0,0,0,,,,,,,,,,,,,,,,,,,
"std::enable_if<!T7, void>::type internal::gemvx::kernel<int, int, float, float, float, float, (bool)0, (bool)1, (bool)1, (bool)0, (int)8, (bool)0, cublasGemvParamsEx<int, cublasGemvTensorStridedBatched<const float>, cublasGemvTensorStridedBatched<const float>, cublasGemvTensorStridedBatched<float>, float>>(T13)",2.104,2026-09-11T18:05:41.260716,"32,1,1","16,16,1",159,1088,0,1088,,,,,,,,,,,,,,,,,,,
badd_f32,1.148,2026-09-11T18:05:41.260729,"1,1,1","1024,1,1",38,0,0,0,,,,,,,,,,,,,,,,,,,
urelu_f32,1.116,2026-09-11T18:05:41.260743,"1,1,1","1024,1,1",24,0,0,0,,,,,,,,,,,,,,,,,,,
"void gemv2T_kernel_val<int, int, float, float, float, float, (int)128, (int)16, (int)2, (int)2, (bool)0, (bool)0, cublasGemvParamsEx<int, cublasGemvTensorStridedBatched<const float>, cublasGemvTensorStridedBatched<const float>, cublasGemvTensorStridedBatched<float>, float>>(T13, T6, T6)",2.518,2026-09-11T18:05:41.260756,"64,1,1","128,1,1",47,1536,1536,0,,,,,,,,,,,,,,,,,,,
badd_f32,1.148,2026-09-11T18:05:41.260770,"1,1,1","1024,1,1",38,0,0,0,,,,,,,,,,,,,,,,,,,
bmaximum_f32,1.977,2026-09-11T18:05:41.260785,"1,1,1","1024,1,1",38,0,0,0,,,,,,,,,,,,,,,,,,,
bminimum_f32,1.977,2026-09-11T18:05:41.260800,"1,1,1","1024,1,1",38,0,0,0,,,,,,,,,,,,,,,,,,,
"std::enable_if<!T7, void>::type internal::gemvx::kernel<int, int, float, float, float, float, (bool)0, (bool)1, (bool)1, (bool)0, (int)8, (bool)0, cublasGemvParamsEx<int, cublasGemvTensorStridedBatched<const float>, cublasGemvTensorStridedBatched<const float>, cublasGemvTensorStridedBatched<float>, float>>(T13)",2.678,2026-09-11T18:05:41.260814,"64,1,1","16,16,1",159,1088,0,1088,,,,,,,,,,,,,,,,,,,
badd_f32,1.211,2026-09-11T18:05:41.260828,"1,1,1","1024,1,1",38,0,0,0,,,,,,,,,,,,,,,,,,,
"std::enable_if<!T7, void>::type internal::gemvx::kernel<int, int, float, float, float, float, (bool)0, (bool)1, (bool)1, (bool)0, (int)8, (bool)0, cublasGemvParamsEx<int, cublasGemvTensorStridedBatched<const float>, cublasGemvTensorStridedBatched<const float>, cublasGemvTensorStridedBatched<float>, float>>(T13)",2.168,2026-09-11T18:05:41.260842,"32,1,1","16,16,1",159,1088,0,1088,,,,,,,,,,,,,,,,,,,
badd_f32,1.147,2026-09-11T18:05:41.260855,"1,1,1","1024,1,1",38,0,0,0,,,,,,,,,,,,,,,,,,,
urelu_f32,1.116,2026-09-11T18:05:41.260869,"1,1,1","1024,1,1",24,0,0,0,,,,,,,,,,,,,,,,,,,
"void gemv2T_kernel_val<int, int, float, float, float, float, (int)128, (int)16, (int)4, (int)4, (bool)0, (bool)0, cublasGemvParamsEx<int, cublasGemvTensorStridedBatched<const float>, cublasGemvTensorStridedBatched<const float>, cublasGemvTensorStridedBatched<float>, float>>(T13, T6, T6)",3.826,2026-09-11T18:05:41.260882,"512,1,1","128,1,1",59,2560,2560,0,,,,,,,,,,,,,,,,,,,
badd_f32,1.212,2026-09-11T18:05:41.260896,"4,1,1","1024,1,1",38,0,0,0,,,,,,,,,,,,,,,,,,,
copy2d_f32,1.116,2026-09-11T18:05:41.260910,"1,1,1","1024,1,1",16,0,0,0,,,,,,,,,,,,,,,,,,,
copy2d_f32,1.052,2026-09-11T18:05:41.260925,"1,1,1","1024,1,1",16,0,0,0,,,,,,,,,,,,,,,,,,,
copy2d_f32,1.085,2026-09-11T18:05:41.260940,"1,1,1","1024,1,1",16,0,0,0,,,,,,,,,,,,,,,,,,,
copy2d_f32,1.18,2026-09-11T18:05:41.260953,"1,1,1","1024,1,1",16,0,0,0,,,,,,,,,,,,,,,,,,,
copy2d_f32,1.179,2026-09-11T18:05:41.260967,"4,1,1","1024,1,1",16,0,0,0,,,,,,,,,,,,,,,,,,,
im2col_f32,2.296,2026-09-11T18:05:41.260981,"7,1,1","1024,1,1",36,0,0,0,,,,,,,,,,,,,,,,,,,
ampere_sgemm_32x32_sliced1x4_tn,3.476,2026-09-11T18:05:41.260995,"1,24,9","128,1,1",86,32768,32768,0,,,,,,,,,,,,,,,,,,,
"void cublasLt::splitKreduce_kernel<(int)32, (int)16, int, float, float, float, float, (bool)0, float, float, float, (bool)1, (bool)0, (bool)0>(cublasLt::cublasSplitKParams<T6>, const T4 *, const T10 *, T9 *, T5 *, const T6 *, const T6 *, const T11 *, const T4 *, T11 *, void *, long, T6 *, int *, T6 *, T6 *, const T6 *, const T6 *, const T6 *, const T6 *, const T6 *)",1.467,2026-09-11T18:05:41.261008,"1,48,1","32,16,1",44,0,0,0,,,,,,,,,,,,,,,,,,,
ucopy_f32,2.423,2026-09-11T18:05:41.261023,"6,1,1","1024,1,1",24,0,0,0,,,,,,,,,,,,,,,,,,,
badd_f32,2.678,2026-09-11T18:05:41.261038,"6,1,1","1024,1,1",38,0,0,0,,,,,,,,,,,,,,,,,,,
urelu_f32,1.211,2026-09-11T18:05:41.261054,"6,1,1","1024,1,1",24,0,0,0,,,,,,,,,,,,,,,,,,,
im2col_f32,2.296,2026-09-11T18:05:41.261069,"14,1,1","1024,1,1",36,0,0,0,,,,,,,,,,,,,,,,,,,
ampere_sgemm_32x32_sliced1x4_tn,3.316,2026-09-11T18:05:41.261094,"1,6,36","128,1,1",86,32768,32768,0,,,,,,,,,,,,,,,,,,,
"void cublasLt::splitKreduce_kernel<(int)32, (int)16, int, float, float, float, float, (bool)0, float, float, float, (bool)1, (bool)0, (bool)0>(cublasLt::cublasSplitKParams<T6>, const T4 *, const T10 *, T9 *, T5 *, const T6 *, const T6 *, const T11 *, const T4 *, T11 *, void *, long, T6 *, int *, T6 *, T6 *, const T6 *, const T6 *, const T6 *, const T6 *, const T6 *)",1.912,2026-09-11T18:05:41.261113,"1,12,1","32,16,1",44,0,0,0,,,,,,,,,,,,,,,,,,,
ucopy_f32,2.296,2026-09-11T18:05:41.261127,"3,1,1","1024,1,1",24,0,0,0,,,,,,,,,,,,,,,,,,,
badd_f32,2.679,2026-09-11T18:05:41.261141,"3,1,1","1024,1,1",38,0,0,0,,,,,,,,,,,,,,,,,,,
urelu_f32,1.116,2026-09-11T18:05:41.261154,"3,1,1","1024,1,1",24,0,0,0,,,,,,,,,,,,,,,,,,,
im2col_f32,2.296,2026-09-11T18:05:41.261172,"7,1,1","1024,1,1",36,0,0,0,,,,,,,,,,,,,,,,,,,
ampere_sgemm_32x32_sliced1x4_tn,3.221,2026-09-11T18:05:41.261186,"1,2,72","128,1,1",86,32768,32768,0,,,,,,,,,,,,,,,,,,,
"void cublasLt::splitKreduce_kernel<(int)32, (int)16, int, float, float, float, float, (bool)0, float, float, float, (bool)1, (bool)0, (bool)0>(cublasLt::cublasSplitKParams<T6>, const T4 *, const T10 *, T9 *, T5 *, const T6 *, const T6 *, const T11 *, const T4 *, T11 *, void *, long, T6 *, int *, T6 *, T6 *, const T6 *, const T6 *, const T6 *, const T6 *, const T6 *)",3.157,2026-09-11T18:05:41.261200,"1,3,1","32,16,1",44,0,0,0,,,,,,,,,,,,,,,,,,,
ucopy_f32,2.487,2026-09-11T18:05:41.261214,"2,1,1","1024,1,1",24,0,0,0,,,,,,,,,,,,,,,,,,,
badd_f32,2.647,2026-09-11T18:05:41.261227,"2,1,1","1024,1,1",38,0,0,0,,,,,,,,,,,,,,,,,,,
urelu_f32,1.148,2026-09-11T18:05:41.261241,"2,1,1","1024,1,1",24,0,0,0,,,,,,,,,,,,,,,,,,,
"std::enable_if<!T7, void>::type internal::gemvx::kernel<int, int, float, float, float, float, (bool)0, (bool)1, (bool)1, (bool)0, (int)7, (bool)0, cublasGemvParamsEx<int, cublasGemvTensorStridedBatched<const float>, cublasGemvTensorStridedBatched<const float>, cublasGemvTensorStridedBatched<float>, float>>(T13)",2.518,2026-09-11T18:05:41.261255,"32,1,1","32,4,1",159,528,0,528,,,,,,,,,,,,,,,,,,,
badd_f32,1.116,2026-09-11T18:05:41.261268,"1,1,1","1024,1,1",38,0,0,0,,,,,,,,,,,,,,,,,,,
urelu_f32,1.084,2026-09-11T18:05:41.261281,"1,1,1","1024,1,1",24,0,0,0,,,,,,,,,,,,,,,,,,,
im2col1d_f32,2.072,2026-09-11T18:05:41.261294,"1,1,1","1024,1,1",40,0,0,0,,,,,,,,,,,,,,,,,,,
ampere_sgemm_32x32_sliced1x4_tn,2.806,2026-09-11T18:05:41.261307,"1,12,6","128,1,1",86,32768,32768,0,,,,,,,,,,,,,,,,,,,
"void cublasLt::splitKreduce_kernel<(int)32, (int)16, int, float, float, float, float, (bool)0, float, float, float, (bool)1, (bool)0, (bool)0>(cublasLt::cublasSplitKParams<T6>, const T4 *, const T10 *, T9 *, T5 *, const T6 *, const T6 *, const T11 *, const T4 *, T11 *, void *, long, T6 *, int *, T6 *, T6 *, const T6 *, const T6 *, const T6 *, const T6 *, const T6 *)",1.498,2026-09-11T18:05:41.261320,"1,23,1","32,16,1",44,0,0,0,,,,,,,,,,,,,,,,,,,
ucopy_f32,2.104,2026-09-11T18:05:41.261336,"3,1,1","1024,1,1",24,0,0,0,,,,,,,,,,,,,,,,,,,
badd_f32,2.487,2026-09-11T18:05:41.261350,"3,1,1","1024,1,1",38,0,0,0,,,,,,,,,,,,,,,,,,,
urelu_f32,1.148,2026-09-11T18:05:41.261363,"3,1,1","1024,1,1",24,0,0,0,,,,,,,,,,,,,,,,,,,
im2col1d_f32,2.264,2026-09-11T18:05:41.261376,"2,1,1","1024,1,1",40,0,0,0,,,,,,,,,,,,,,,,,,,
ampere_sgemm_32x32_sliced1x4_tn,3.348,2026-09-11T18:05:41.261390,"1,6,24","128,1,1",86,32768,32768,0,,,,,,,,,,,,,,,,,,,
"void cublasLt::splitKreduce_kernel<(int)32, (int)16, int, float, float, float, float, (bool)0, float, float, float, (bool)1, (bool)0, (bool)0>(cublasLt::cublasSplitKParams<T6>, const T4 *, const T10 *, T9 *, T5 *, const T6 *, const T6 *, const T11 *, const T4 *, T11 *, void *, long, T6 *, int *, T6 *, T6 *, const T6 *, const T6 *, const T6 *, const T6 *, const T6 *)",1.657,2026-09-11T18:05:41.261403,"1,12,1","32,16,1",44,0,0,0,,,,,,,,,,,,,,,,,,,
ucopy_f32,2.136,2026-09-11T18:05:41.261417,"3,1,1","1024,1,1",24,0,0,0,,,,,,,,,,,,,,,,,,,
badd_f32,2.391,2026-09-11T18:05:41.261430,"3,1,1","1024,1,1",38,0,0,0,,,,,,,,,,,,,,,,,,,
urelu_f32,1.147,2026-09-11T18:05:41.261443,"3,1,1","1024,1,1",24,0,0,0,,,,,,,,,,,,,,,,,,,
im2col1d_f32,2.264,2026-09-11T18:05:41.261467,"2,1,1","1024,1,1",40,0,0,0,,,,,,,,,,,,,,,,,,,
ampere_sgemm_32x32_sliced1x4_tn,3.379,2026-09-11T18:05:41.261482,"1,3,48","128,1,1",86,32768,32768,0,,,,,,,,,,,,,,,,,,,
"void cublasLt::splitKreduce_kernel<(int)32, (int)16, int, float, float, float, float, (bool)0, float, float, float, (bool)1, (bool)0, (bool)0>(cublasLt::cublasSplitKParams<T6>, const T4 *, const T10 *, T9 *, T5 *, const T6 *, const T6 *, const T11 *, const T4 *, T11 *, void *, long, T6 *, int *, T6 *, T6 *, const T6 *, const T6 *, const T6 *, const T6 *, const T6 *)",2.519,2026-09-11T18:05:41.261496,"1,6,1","32,16,1",44,0,0,0,,,,,,,,,,,,,,,,,,,
ucopy_f32,2.327,2026-09-11T18:05:41.261509,"3,1,1","1024,1,1",24,0,0,0,,,,,,,,,,,,,,,,,,,
badd_f32,2.424,2026-09-11T18:05:41.261525,"3,1,1","1024,1,1",38,0,0,0,,,,,,,,,,,,,,,,,,,
urelu_f32,1.148,2026-09-11T18:05:41.261538,"3,1,1","1024,1,1",24,0,0,0,,,,,,,,,,,,,,,,,,,
"void dot_kernel<float, (int)128, (int)0, cublasDotParams<cublasGemvTensorStridedBatched<const float>, cublasGemvTensorStridedBatched<float>>>(T4)",2.614,2026-09-11T18:05:41.261552,"18,1,96","128,1,1",28,512,512,0,,,,,,,,,,,,,,,,,,,
"void reduce_1Block_kernel<float, (int)128, (int)7, cublasGemvTensorStridedBatched<float>, cublasGemvTensorStridedBatched<const float>, cublasGemvTensorStridedBatched<float>>(const T1 *, T1, T4, int, const T1 *, T1, T5, T6, cublasPointerMode_t, cublasLtEpilogue_t, cublasGemvTensorStridedBatched<const biasType<T6::value_type, T1>::type>)",1.307,2026-09-11T18:05:41.261565,"1,1,96","128,1,1",28,768,768,0,,,,,,,,,,,,,,,,,,,
badd_f32,1.116,2026-09-11T18:05:41.261579,"1,1,1","1024,1,1",38,0,0,0,,,,,,,,,,,,,,,,,,,
urelu_f32,1.084,2026-09-11T18:05:41.261592,"1,1,1","1024,1,1",24,0,0,0,,,,,,,,,,,,,,,,,,,
"std::enable_if<!T7, void>::type internal::gemvx::kernel<int, int, float, float, float, float, (bool)0, (bool)1, (bool)1, (bool)0, (int)6, (bool)0, cublasGemvParamsEx<int, cublasGemvTensorStridedBatched<const float>, cublasGemvTensorStridedBatched<const float>, cublasGemvTensorStridedBatched<float>, float>>(T13)",1.53,2026-09-11T18:05:41.261605,"2,1,1","4,16,1",166,320,0,320,,,,,,,,,,,,,,,,,,,
badd_f32,1.116,2026-09-11T18:05:41.261619,"1,1,1","1024,1,1",38,0,0,0,,,,,,,,,,,,,,,,,,,
urelu_f32,1.052,2026-09-11T18:05:41.261632,"1,1,1","1024,1,1",24,0,0,0,,,,,,,,,,,,,,,,,,,
copy2d_f32,1.052,2026-09-11T18:05:41.261645,"1,1,1","1024,1,1",16,0,0,0,,,,,,,,,,,,,,,,,,,
copy2d_f32,1.084,2026-09-11T18:05:41.261657,"1,1,1","1024,1,1",16,0,0,0,,,,,,,,,,,,,,,,,,,
copy2d_f32,1.053,2026-09-11T18:05:41.261670,"1,1,1","1024,1,1",16,0,0,0,,,,,,,,,,,,,,,,,,,
layernorm_f32,2.614,2026-09-11T18:05:41.261683,"1,1,1","32,1,1",28,256,256,0,,,,,,,,,,,,,,,,,,,
copy2d_f32,1.084,2026-09-11T18:05:41.261698,"1,1,1","1024,1,1",16,0,0,0,,,,,,,,,,,,,,,,,,,
copy2d_f32,1.052,2026-09-11T18:05:41.261711,"1,1,1","1024,1,1",16,0,0,0,,,,,,,,,,,,,,,,,,,
copy2d_f32,1.052,2026-09-11T18:05:41.261724,"1,1,1","1024,1,1",16,0,0,0,,,,,,,,,,,,,,,,,,,
"std::enable_if<!T7, void>::type internal::gemvx::kernel<int, int, float, float, float, float, (bool)0, (bool)1, (bool)1, (bool)0, (int)8, (bool)0, cublasGemvParamsEx<int, cublasGemvTensorStridedBatched<const float>, cublasGemvTensorStridedBatched<const float>, cublasGemvTensorStridedBatched<float>, float>>(T13)",2.008,2026-09-11T18:05:41.261738,"32,1,1","16,16,1",159,1088,0,1088,,,,,,,,,,,,,,,,,,,
badd_f32,1.147,2026-09-11T18:05:41.261751,"1,1,1","1024,1,1",38,0,0,0,,,,,,,,,,,,,,,,,,,
urelu_f32,1.084,2026-09-11T18:05:41.261764,"1,1,1","1024,1,1",24,0,0,0,,,,,,,,,,,,,,,,,,,
"void gemv2T_kernel_val<int, int, float, float, float, float, (int)128, (int)16, (int)2, (int)2, (bool)0, (bool)0, cublasGemvParamsEx<int, cublasGemvTensorStridedBatched<const float>, cublasGemvTensorStridedBatched<const float>, cublasGemvTensorStridedBatched<float>, float>>(T13, T6, T6)",2.519,2026-09-11T18:05:41.261777,"64,1,1","128,1,1",47,1536,1536,0,,,,,,,,,,,,,,,,,,,
badd_f32,1.148,2026-09-11T18:05:41.261791,"1,1,1","1024,1,1",38,0,0,0,,,,,,,,,,,,,,,,,,,
bmaximum_f32,1.977,2026-09-11T18:05:41.261804,"1,1,1","1024,1,1",38,0,0,0,,,,,,,,,,,,,,,,,,,
bminimum_f32,2.009,2026-09-11T18:05:41.261817,"1,1,1","1024,1,1",38,0,0,0,,,,,,,,,,,,,,,,,,,
"std::enable_if<!T7, void>::type internal::gemvx::kernel<int, int, float, float, float, float, (bool)0, (bool)1, (bool)1, (bool)0, (int)8, (bool)0, cublasGemvParamsEx<int, cublasGemvTensorStridedBatched<const float>, cublasGemvTensorStridedBatched<const float>, cublasGemvTensorStridedBatched<float>, float>>(T13)",1.849,2026-09-11T18:05:41.261832,"64,1,1","16,16,1",159,1088,0,1088,,,,,,,,,,,,,,,,,,,
badd_f32,1.212,2026-09-11T18:05:41.261847,"1,1,1","1024,1,1",38,0,0,0,,,,,,,,,,,,,,,,,,,
"std::enable_if<!T7, void>::type internal::gemvx::kernel<int, int, float, float, float, float, (bool)0, (bool)1, (bool)1, (bool)0, (int)8, (bool)0, cublasGemvParamsEx<int, cublasGemvTensorStridedBatched<const float>, cublasGemvTensorStridedBatched<const float>, cublasGemvTensorStridedBatched<float>, float>>(T13)",2.072,2026-09-11T18:05:41.261860,"32,1,1","16,16,1",159,1088,0,1088,,,,,,,,,,,,,,,,,,,
badd_f32,1.148,2026-09-11T18:05:41.261875,"1,1,1","1024,1,1",38,0,0,0,,,,,,,,,,,,,,,,,,,
urelu_f32,1.116,2026-09-11T18:05:41.261890,"1,1,1","1024,1,1",24,0,0,0,,,,,,,,,,,,,,,,,,,
"void gemv2T_kernel_val<int, int, float, float, float, float, (int)128, (int)16, (int)4, (int)4, (bool)0, (bool)0, cublasGemvParamsEx<int, cublasGemvTensorStridedBatched<const float>, cublasGemvTensorStridedBatched<const float>, cublasGemvTensorStridedBatched<float>, float>>(T13, T6, T6)",3.826,2026-09-11T18:05:41.261903,"512,1,1","128,1,1",59,2560,2560,0,,,,,,,,,,,,,,,,,,,
badd_f32,1.211,2026-09-11T18:05:41.261916,"4,1,1","1024,1,1",38,0,0,0,,,,,,,,,,,,,,,,,,,
copy2d_f32,1.116,2026-09-11T18:05:41.261929,"1,1,1","1024,1,1",16,0,0,0,,,,,,,,,,,,,,,,,,,
copy2d_f32,1.052,2026-09-11T18:05:41.261942,"1,1,1","1024,1,1",16,0,0,0,,,,,,,,,,,,,,,,,,,
copy2d_f32,1.084,2026-09-11T18:05:41.261955,"1,1,1","1024,1,1",16,0,0,0,,,,,,,,,,,,,,,,,,,
copy2d_f32,1.148,2026-09-11T18:05:41.261969,"1,1,1","1024,1,1",16,0,0,0,,,,,,,,,,,,,,,,,,,
copy2d_f32,1.148,2026-09-11T18:05:41.261982,"4,1,1","1024,1,1",16,0,0,0,,,,,,,,,,,,,,,,,,,
im2col_f32,2.296,2026-09-11T18:05:41.261995,"7,1,1","1024,1,1",36,0,0,0,,,,,,,,,,,,,,,,,,,
ampere_sgemm_32x32_sliced1x4_tn,3.411,2026-09-11T18:05:41.262008,"1,24,9","128,1,1",86,32768,32768,0,,,,,,,,,,,,,,,,,,,
"void cublasLt::splitKreduce_kernel<(int)32, (int)16, int, float, float, float, float, (bool)0, float, float, float, (bool)1, (bool)0, (bool)0>(cublasLt::cublasSplitKParams<T6>, const T4 *, const T10 *, T9 *, T5 *, const T6 *, const T6 *, const T11 *, const T4 *, T11 *, void *, long, T6 *, int *, T6 *, T6 *, const T6 *, const T6 *, const T6 *, const T6 *, const T6 *)",1.499,2026-09-11T18:05:41.262021,"1,48,1","32,16,1",44,0,0,0,,,,,,,,,,,,,,,,,,,
ucopy_f32,2.392,2026-09-11T18:05:41.262035,"6,1,1","1024,1,1",24,0,0,0,,,,,,,,,,,,,,,,,,,
badd_f32,2.679,2026-09-11T18:05:41.262049,"6,1,1","1024,1,1",38,0,0,0,,,,,,,,,,,,,,,,,,,
urelu_f32,1.212,2026-09-11T18:05:41.262062,"6,1,1","1024,1,1",24,0,0,0,,,,,,,,,,,,,,,,,,,
im2col_f32,2.328,2026-09-11T18:05:41.262075,"14,1,1","1024,1,1",36,0,0,0,,,,,,,,,,,,,,,,,,,
ampere_sgemm_32x32_sliced1x4_tn,3.315,2026-09-11T18:05:41.262088,"1,6,36","128,1,1",86,32768,32768,0,,,,,,,,,,,,,,,,,,,
"void cublasLt::splitKreduce_kernel<(int)32, (int)16, int, float, float, float, float, (bool)0, float, float, float, (bool)1, (bool)0, (bool)0>(cublasLt::cublasSplitKParams<T6>, const T4 *, const T10 *, T9 *, T5 *, const T6 *, const T6 *, const T11 *, const T4 *, T11 *, void *, long, T6 *, int *, T6 *, T6 *, const T6 *, const T6 *, const T6 *, const T6 *, const T6 *)",1.913,2026-09-11T18:05:41.262101,"1,12,1","32,16,1",44,0,0,0,,,,,,,,,,,,,,,,,,,
ucopy_f32,2.295,2026-09-11T18:05:41.262115,"3,1,1","1024,1,1",24,0,0,0,,,,,,,,,,,,,,,,,,,
badd_f32,2.71,2026-09-11T18:05:41.262128,"3,1,1","1024,1,1",38,0,0,0,,,,,,,,,,,,,,,,,,,
urelu_f32,1.179,2026-09-11T18:05:41.262141,"3,1,1","1024,1,1",24,0,0,0,,,,,,,,,,,,,,,,,,,
im2col_f32,2.327,2026-09-11T18:05:41.262154,"7,1,1","1024,1,1",36,0,0,0,,,,,,,,,,,,,,,,,,,
ampere_sgemm_32x32_sliced1x4_tn,3.252,2026-09-11T18:05:41.262167,"1,2,72","128,1,1",86,32768,32768,0,,,,,,,,,,,,,,,,,,,
"void cublasLt::splitKreduce_kernel<(int)32, (int)16, int, float, float, float, float, (bool)0, float, float, float, (bool)1, (bool)0, (bool)0>(cublasLt::cublasSplitKParams<T6>, const T4 *, const T10 *, T9 *, T5 *, const T6 *, const T6 *, const T11 *, const T4 *, T11 *, void *, long, T6 *, int *, T6 *, T6 *, const T6 *, const T6 *, const T6 *, const T6 *, const T6 *)",3.157,2026-09-11T18:05:41.262181,"1,3,1","32,16,1",44,0,0,0,,,,,,,,,,,,,,,,,,,
ucopy_f32,2.487,2026-09-11T18:05:41.262193,"2,1,1","1024,1,1",24,0,0,0,,,,,,,,,,,,,,,,,,,
badd_f32,2.646,2026-09-11T18:05:41.262208,"2,1,1","1024,1,1",38,0,0,0,,,,,,,,,,,,,,,,,,,
urelu_f32,1.148,2026-09-11T18:05:41.262223,"2,1,1","1024,1,1",24,0,0,0,,,,,,,,,,,,,,,,,,,
"std::enable_if<!T7, void>::type internal::gemvx::kernel<int, int, float, float, float, float, (bool)0, (bool)1, (bool)1, (bool)0, (int)7, (bool)0, cublasGemvParamsEx<int, cublasGemvTensorStridedBatched<const float>, cublasGemvTensorStridedBatched<const float>, cublasGemvTensorStridedBatched<float>, float>>(T13)",2.359,2026-09-11T18:05:41.262237,"32,1,1","32,4,1",159,528,0,528,,,,,,,,,,,,,,,,,,,
badd_f32,1.116,2026-09-11T18:05:41.262250,"1,1,1","1024,1,1",38,0,0,0,,,,,,,,,,,,,,,,,,,
urelu_f32,1.116,2026-09-11T18:05:41.262266,"1,1,1","1024,1,1",24,0,0,0,,,,,,,,,,,,,,,,,,,
im2col1d_f32,2.105,2026-09-11T18:05:41.262292,"1,1,1","1024,1,1",40,0,0,0,,,,,,,,,,,,,,,,,,,
ampere_sgemm_32x32_sliced1x4_tn,2.806,2026-09-11T18:05:41.262307,"1,12,6","128,1,1",86,32768,32768,0,,,,,,,,,,,,,,,,,,,
"void cublasLt::splitKreduce_kernel<(int)32, (int)16, int, float, float, float, float, (bool)0, float, float, float, (bool)1, (bool)0, (bool)0>(cublasLt::cublasSplitKParams<T6>, const T4 *, const T10 *, T9 *, T5 *, const T6 *, const T6 *, const T11 *, const T4 *, T11 *, void *, long, T6 *, int *, T6 *, T6 *, const T6 *, const T6 *, const T6 *, const T6 *, const T6 *)",1.53,2026-09-11T18:05:41.262320,"1,23,1","32,16,1",44,0,0,0,,,,,,,,,,,,,,,,,,,
ucopy_f32,2.072,2026-09-11T18:05:41.262334,"3,1,1","1024,1,1",24,0,0,0,,,,,,,,,,,,,,,,,,,
badd_f32,2.455,2026-09-11T18:05:41.262347,"3,1,1","1024,1,1",38,0,0,0,,,,,,,,,,,,,,,,,,,
urelu_f32,1.147,2026-09-11T18:05:41.262360,"3,1,1","1024,1,1",24,0,0,0,,,,,,,,,,,,,,,,,,,
im2col1d_f32,2.327,2026-09-11T18:05:41.262373,"2,1,1","1024,1,1",40,0,0,0,,,,,,,,,,,,,,,,,,,
ampere_sgemm_32x32_sliced1x4_tn,3.379,2026-09-11T18:05:41.262386,"1,6,24","128,1,1",86,32768,32768,0,,,,,,,,,,,,,,,,,,,
"void cublasLt::splitKreduce_kernel<(int)32, (int)16, int, float, float, float, float, (bool)0, float, float, float, (bool)1, (bool)0, (bool)0>(cublasLt::cublasSplitKParams<T6>, const T4 *, const T10 *, T9 *, T5 *, const T6 *, const T6 *, const T11 *, const T4 *, T11 *, void *, long, T6 *, int *, T6 *, T6 *, const T6 *, const T6 *, const T6 *, const T6 *, const T6 *)",1.594,2026-09-11T18:05:41.262402,"1,12,1","32,16,1",44,0,0,0,,,,,,,,,,,,,,,,,,,
ucopy_f32,2.168,2026-09-11T18:05:41.262415,"3,1,1","1024,1,1",24,0,0,0,,,,,,,,,,,,,,,,,,,
badd_f32,2.455,2026-09-11T18:05:41.262428,"3,1,1","1024,1,1",38,0,0,0,,,,,,,,,,,,,,,,,,,
urelu_f32,1.179,2026-09-11T18:05:41.262442,"3,1,1","1024,1,1",24,0,0,0,,,,,,,,,,,,,,,,,,,
im2col1d_f32,2.264,2026-09-11T18:05:41.262455,"2,1,1","1024,1,1",40,0,0,0,,,,,,,,,,,,,,,,,,,
ampere_sgemm_32x32_sliced1x4_tn,3.348,2026-09-11T18:05:41.262468,"1,3,48","128,1,1",86,32768,32768,0,,,,,,,,,,,,,,,,,,,
"void cublasLt::splitKreduce_kernel<(int)32, (int)16, int, float, float, float, float, (bool)0, float, float, float, (bool)1, (bool)0, (bool)0>(cublasLt::cublasSplitKParams<T6>, const T4 *, const T10 *, T9 *, T5 *, const T6 *, const T6 *, const T11 *, const T4 *, T11 *, void *, long, T6 *, int *, T6 *, T6 *, const T6 *, const T6 *, const T6 *, const T6 *, const T6 *)",2.519,2026-09-11T18:05:41.262482,"1,6,1","32,16,1",44,0,0,0,,,,,,,,,,,,,,,,,,,
ucopy_f32,2.327,2026-09-11T18:05:41.262494,"3,1,1","1024,1,1",24,0,0,0,,,,,,,,,,,,,,,,,,,
badd_f32,2.614,2026-09-11T18:05:41.262527,"3,1,1","1024,1,1",38,0,0,0,,,,,,,,,,,,,,,,,,,
urelu_f32,1.212,2026-09-11T18:05:41.262543,"3,1,1","1024,1,1",24,0,0,0,,,,,,,,,,,,,,,,,,,
"void dot_kernel<float, (int)128, (int)0, cublasDotParams<cublasGemvTensorStridedBatched<const float>, cublasGemvTensorStridedBatched<float>>>(T4)",2.805,2026-09-11T18:05:41.262557,"18,1,96","128,1,1",28,512,512,0,,,,,,,,,,,,,,,,,,,
"void reduce_1Block_kernel<float, (int)128, (int)7, cublasGemvTensorStridedBatched<float>, cublasGemvTensorStridedBatched<const float>, cublasGemvTensorStridedBatched<float>>(const T1 *, T1, T4, int, const T1 *, T1, T5, T6, cublasPointerMode_t, cublasLtEpilogue_t, cublasGemvTensorStridedBatched<const biasType<T6::value_type, T1>::type>)",1.307,2026-09-11T18:05:41.262572,"1,1,96","128,1,1",28,768,768,0,,,,,,,,,,,,,,,,,,,
badd_f32,1.116,2026-09-11T18:05:41.262585,"1,1,1","1024,1,1",38,0,0,0,,,,,,,,,,,,,,,,,,,
urelu_f32,1.084,2026-09-11T18:05:41.262600,"1,1,1","1024,1,1",24,0,0,0,,,,,,,,,,,,,,,,,,,
"std::enable_if<!T7, void>::type internal::gemvx::kernel<int, int, float, float, float, float, (bool)0, (bool)1, (bool)1, (bool)0, (int)6, (bool)0, cublasGemvParamsEx<int, cublasGemvTensorStridedBatched<const float>, cublasGemvTensorStridedBatched<const float>, cublasGemvTensorStridedBatched<float>, float>>(T13)",1.69,2026-09-11T18:05:41.262613,"2,1,1","4,16,1",166,320,0,320,,,,,,,,,,,,,,,,,,,
badd_f32,1.211,2026-09-11T18:05:41.262627,"1,1,1","1024,1,1",38,0,0,0,,,,,,,,,,,,,,,,,,,
urelu_f32,1.148,2026-09-11T18:05:41.262640,"1,1,1","1024,1,1",24,0,0,0,,,,,,,,,,,,,,,,,,,
copy2d_f32,1.084,2026-09-11T18:05:41.262654,"1,1,1","1024,1,1",16,0,0,0,,,,,,,,,,,,,,,,,,,
copy2d_f32,1.084,2026-09-11T18:05:41.262668,"1,1,1","1024,1,1",16,0,0,0,,,,,,,,,,,,,,,,,,,
copy2d_f32,1.053,2026-09-11T18:05:41.262681,"1,1,1","1024,1,1",16,0,0,0,,,,,,,,,,,,,,,,,,,
layernorm_f32,2.614,2026-09-11T18:05:41.262695,"1,1,1","32,1,1",28,256,256,0,,,,,,,,,,,,,,,,,,,
copy2d_f32,1.116,2026-09-11T18:05:41.262709,"1,1,1","1024,1,1",16,0,0,0,,,,,,,,,,,,,,,,,,,
copy2d_f32,1.084,2026-09-11T18:05:41.262723,"1,1,1","1024,1,1",16,0,0,0,,,,,,,,,,,,,,,,,,,
copy2d_f32,1.084,2026-09-11T18:05:41.262737,"1,1,1","1024,1,1",16,0,0,0,,,,,,,,,,,,,,,,,,,
"std::enable_if<!T7, void>::type internal::gemvx::kernel<int, int, float, float, float, float, (bool)0, (bool)1, (bool)1, (bool)0, (int)8, (bool)0, cublasGemvParamsEx<int, cublasGemvTensorStridedBatched<const float>, cublasGemvTensorStridedBatched<const float>, cublasGemvTensorStridedBatched<float>, float>>(T13)",2.263,2026-09-11T18:05:41.262796,"32,1,1","16,16,1",159,1088,0,1088,,,,,,,,,,,,,,,,,,,
badd_f32,1.148,2026-09-11T18:05:41.262816,"1,1,1","1024,1,1",38,0,0,0,,,,,,,,,,,,,,,,,,,
urelu_f32,1.116,2026-09-11T18:05:41.262832,"1,1,1","1024,1,1",24,0,0,0,,,,,,,,,,,,,,,,,,,
"void gemv2T_kernel_val<int, int, float, float, float, float, (int)128, (int)16, (int)2, (int)2, (bool)0, (bool)0, cublasGemvParamsEx<int, cublasGemvTensorStridedBatched<const float>, cublasGemvTensorStridedBatched<const float>, cublasGemvTensorStridedBatched<float>, float>>(T13, T6, T6)",2.391,2026-09-11T18:05:41.262854,"64,1,1","128,1,1",47,1536,1536,0,,,,,,,,,,,,,,,,,,,
badd_f32,1.148,2026-09-11T18:05:41.262873,"1,1,1","1024,1,1",38,0,0,0,,,,,,,,,,,,,,,,,,,
bmaximum_f32,1.976,2026-09-11T18:05:41.262887,"1,1,1","1024,1,1",38,0,0,0,,,,,,,,,,,,,,,,,,,
bminimum_f32,2.009,2026-09-11T18:05:41.262901,"1,1,1","1024,1,1",38,0,0,0,,,,,,,,,,,,,,,,,,,
"std::enable_if<!T7, void>::type internal::gemvx::kernel<int, int, float, float, float, float, (bool)0, (bool)1, (bool)1, (bool)0, (int)8, (bool)0, cublasGemvParamsEx<int, cublasGemvTensorStridedBatched<const float>, cublasGemvTensorStridedBatched<const float>, cublasGemvTensorStridedBatched<float>, float>>(T13)",2.741,2026-09-11T18:05:41.262915,"64,1,1","16,16,1",159,1088,0,1088,,,,,,,,,,,,,,,,,,,
badd_f32,1.212,2026-09-11T18:05:41.262928,"1,1,1","1024,1,1",38,0,0,0,,,,,,,,,,,,,,,,,,,
"std::enable_if<!T7, void>::type internal::gemvx::kernel<int, int, float, float, float, float, (bool)0, (bool)1, (bool)1, (bool)0, (int)8, (bool)0, cublasGemvParamsEx<int, cublasGemvTensorStridedBatched<const float>, cublasGemvTensorStridedBatched<const float>, cublasGemvTensorStridedBatched<float>, float>>(T13)",2.137,2026-09-11T18:05:41.262942,"32,1,1","16,16,1",159,1088,0,1088,,,,,,,,,,,,,,,,,,,
badd_f32,1.148,2026-09-11T18:05:41.262956,"1,1,1","1024,1,1",38,0,0,0,,,,,,,,,,,,,,,,,,,
urelu_f32,1.116,2026-09-11T18:05:41.262969,"1,1,1","1024,1,1",24,0,0,0,,,,,,,,,,,,,,,,,,,
"void gemv2T_kernel_val<int, int, float, float, float, float, (int)128, (int)16, (int)4, (int)4, (bool)0, (bool)0, cublasGemvParamsEx<int, cublasGemvTensorStridedBatched<const float>, cublasGemvTensorStridedBatched<const float>, cublasGemvTensorStridedBatched<float>, float>>(T13, T6, T6)",3.858,2026-09-11T18:05:41.262983,"512,1,1","128,1,1",59,2560,2560,0,,,,,,,,,,,,,,,,,,,
badd_f32,1.275,2026-09-11T18:05:41.262998,"4,1,1","1024,1,1",38,0,0,0,,,,,,,,,,,,,,,,,,,
copy2d_f32,1.116,2026-09-11T18:05:41.263013,"1,1,1","1024,1,1",16,0,0,0,,,,,,,,,,,,,,,,,,,
copy2d_f32,1.052,2026-09-11T18:05:41.263027,"1,1,1","1024,1,1",16,0,0,0,,,,,,,,,,,,,,,,,,,
copy2d_f32,1.083,2026-09-11T18:05:41.263041,"1,1,1","1024,1,1",16,0,0,0,,,,,,,,,,,,,,,,,,,
copy2d_f32,1.18,2026-09-11T18:05:41.263055,"1,1,1","1024,1,1",16,0,0,0,,,,,,,,,,,,,,,,,,,
copy2d_f32,1.147,2026-09-11T18:05:41.263068,"4,1,1","1024,1,1",16,0,0,0,,,,,,,,,,,,,,,,,,,
im2col_f32,2.296,2026-09-11T18:05:41.263081,"7,1,1","1024,1,1",36,0,0,0,,,,,,,,,,,,,,,,,,,
ampere_sgemm_32x32_sliced1x4_tn,3.443,2026-09-11T18:05:41.263094,"1,24,9","128,1,1",86,32768,32768,0,,,,,,,,,,,,,,,,,,,
"void cublasLt::splitKreduce_kernel<(int)32, (int)16, int, float, float, float, float, (bool)0, float, float, float, (bool)1, (bool)0, (bool)0>(cublasLt::cublasSplitKParams<T6>, const T4 *, const T10 *, T9 *, T5 *, const T6 *, const T6 *, const T11 *, const T4 *, T11 *, void *, long, T6 *, int *, T6 *, T6 *, const T6 *, const T6 *, const T6 *, const T6 *, const T6 *)",1.499,2026-09-11T18:05:41.263107,"1,48,1","32,16,1",44,0,0,0,,,,,,,,,,,,,,,,,,,
ucopy_f32,2.423,2026-09-11T18:05:41.263120,"6,1,1","1024,1,1",24,0,0,0,,,,,,,,,,,,,,,,,,,
badd_f32,2.742,2026-09-11T18:05:41.263134,"6,1,1","1024,1,1",38,0,0,0,,,,,,,,,,,,,,,,,,,
urelu_f32,1.211,2026-09-11T18:05:41.263146,"6,1,1","1024,1,1",24,0,0,0,,,,,,,,,,,,,,,,,,,
im2col_f32,2.328,2026-09-11T18:05:41.263160,"14,1,1","1024,1,1",36,0,0,0,,,,,,,,,,,,,,,,,,,
ampere_sgemm_32x32_sliced1x4_tn,3.347,2026-09-11T18:05:41.263173,"1,6,36","128,1,1",86,32768,32768,0,,,,,,,,,,,,,,,,,,,
"void cublasLt::splitKreduce_kernel<(int)32, (int)16, int, float, float, float, float, (bool)0, float, float, float, (bool)1, (bool)0, (bool)0>(cublasLt::cublasSplitKParams<T6>, const T4 *, const T10 *, T9 *, T5 *, const T6 *, const T6 *, const T11 *, const T4 *, T11 *, void *, long, T6 *, int *, T6 *, T6 *, const T6 *, const T6 *, const T6 *, const T6 *, const T6 *)",1.881,2026-09-11T18:05:41.263188,"1,12,1","32,16,1",44,0,0,0,,,,,,,,,,,,,,,,,,,
ucopy_f32,2.296,2026-09-11T18:05:41.263201,"3,1,1","1024,1,1",24,0,0,0,,,,,,,,,,,,,,,,,,,
badd_f32,2.679,2026-09-11T18:05:41.263214,"3,1,1","1024,1,1",38,0,0,0,,,,,,,,,,,,,,,,,,,
urelu_f32,1.147,2026-09-11T18:05:41.263229,"3,1,1","1024,1,1",24,0,0,0,,,,,,,,,,,,,,,,,,,
im2col_f32,2.296,2026-09-11T18:05:41.263242,"7,1,1","1024,1,1",36,0,0,0,,,,,,,,,,,,,,,,,,,
ampere_sgemm_32x32_sliced1x4_tn,3.252,2026-09-11T18:05:41.263255,"1,2,72","128,1,1",86,32768,32768,0,,,,,,,,,,,,,,,,,,,
"void cublasLt::splitKreduce_kernel<(int)32, (int)16, int, float, float, float, float, (bool)0, float, float, float, (bool)1, (bool)0, (bool)0>(cublasLt::cublasSplitKParams<T6>, const T4 *, const T10 *, T9 *, T5 *, const T6 *, const T6 *, const T11 *, const T4 *, T11 *, void *, long, T6 *, int *, T6 *, T6 *, const T6 *, const T6 *, const T6 *, const T6 *, const T6 *)",3.124,2026-09-11T18:05:41.263269,"1,3,1","32,16,1",44,0,0,0,,,,,,,,,,,,,,,,,,,
ucopy_f32,2.487,2026-09-11T18:05:41.263282,"2,1,1","1024,1,1",24,0,0,0,,,,,,,,,,,,,,,,,,,
badd_f32,2.646,2026-09-11T18:05:41.263295,"2,1,1","1024,1,1",38,0,0,0,,,,,,,,,,,,,,,,,,,
urelu_f32,1.179,2026-09-11T18:05:41.263309,"2,1,1","1024,1,1",24,0,0,0,,,,,,,,,,,,,,,,,,,
"std::enable_if<!T7, void>::type internal::gemvx::kernel<int, int, float, float, float, float, (bool)0, (bool)1, (bool)1, (bool)0, (int)7, (bool)0, cublasGemvParamsEx<int, cublasGemvTensorStridedBatched<const float>, cublasGemvTensorStridedBatched<const float>, cublasGemvTensorStridedBatched<float>, float>>(T13)",2.551,2026-09-11T18:05:41.263322,"32,1,1","32,4,1",159,528,0,528,,,,,,,,,,,,,,,,,,,
badd_f32,1.116,2026-09-11T18:05:41.263336,"1,1,1","1024,1,1",38,0,0,0,,,,,,,,,,,,,,,,,,,
urelu_f32,1.084,2026-09-11T18:05:41.263349,"1,1,1","1024,1,1",24,0,0,0,,,,,,,,,,,,,,,,,,,
im2col1d_f32,2.104,2026-09-11T18:05:41.263364,"1,1,1","1024,1,1",40,0,0,0,,,,,,,,,,,,,,,,,,,
ampere_sgemm_32x32_sliced1x4_tn,2.806,2026-09-11T18:05:41.263377,"1,12,6","128,1,1",86,32768,32768,0,,,,,,,,,,,,,,,,,,,
"void cublasLt::splitKreduce_kernel<(int)32, (int)16, int, float, float, float, float, (bool)0, float, float, float, (bool)1, (bool)0, (bool)0>(cublasLt::cublasSplitKParams<T6>, const T4 *, const T10 *, T9 *, T5 *, const T6 *, const T6 *, const T11 *, const T4 *, T11 *, void *, long, T6 *, int *, T6 *, T6 *, const T6 *, const T6 *, const T6 *, const T6 *, const T6 *)",1.531,2026-09-11T18:05:41.263391,"1,23,1","32,16,1",44,0,0,0,,,,,,,,,,,,,,,,,,,
ucopy_f32,2.104,2026-09-11T18:05:41.263404,"3,1,1","1024,1,1",24,0,0,0,,,,,,,,,,,,,,,,,,,
badd_f32,2.455,2026-09-11T18:05:41.263417,"3,1,1","1024,1,1",38,0,0,0,,,,,,,,,,,,,,,,,,,
urelu_f32,1.148,2026-09-11T18:05:41.263430,"3,1,1","1024,1,1",24,0,0,0,,,,,,,,,,,,,,,,,,,
im2col1d_f32,2.232,2026-09-11T18:05:41.263443,"2,1,1","1024,1,1",40,0,0,0,,,,,,,,,,,,,,,,,,,
ampere_sgemm_32x32_sliced1x4_tn,3.38,2026-09-11T18:05:41.263456,"1,6,24","128,1,1",86,32768,32768,0,,,,,,,,,,,,,,,,,,,
"void cublasLt::splitKreduce_kernel<(int)32, (int)16, int, float, float, float, float, (bool)0, float, float, float, (bool)1, (bool)0, (bool)0>(cublasLt::cublasSplitKParams<T6>, const T4 *, const T10 *, T9 *, T5 *, const T6 *, const T6 *, const T11 *, const T4 *, T11 *, void *, long, T6 *, int *, T6 *, T6 *, const T6 *, const T6 *, const T6 *, const T6 *, const T6 *)",1.627,2026-09-11T18:05:41.263470,"1,12,1","32,16,1",44,0,0,0,,,,,,,,,,,,,,,,,,,
ucopy_f32,2.136,2026-09-11T18:05:41.263484,"3,1,1","1024,1,1",24,0,0,0,,,,,,,,,,,,,,,,,,,
badd_f32,2.455,2026-09-11T18:05:41.263498,"3,1,1","1024,1,1",38,0,0,0,,,,,,,,,,,,,,,,,,,
urelu_f32,1.148,2026-09-11T18:05:41.263511,"3,1,1","1024,1,1",24,0,0,0,,,,,,,,,,,,,,,,,,,
im2col1d_f32,2.295,2026-09-11T18:05:41.263525,"2,1,1","1024,1,1",40,0,0,0,,,,,,,,,,,,,,,,,,,
ampere_sgemm_32x32_sliced1x4_tn,3.347,2026-09-11T18:05:41.263538,"1,3,48","128,1,1",86,32768,32768,0,,,,,,,,,,,,,,,,,,,
"void cublasLt::splitKreduce_kernel<(int)32, (int)16, int, float, float, float, float, (bool)0, float, float, float, (bool)1, (bool)0, (bool)0>(cublasLt::cublasSplitKParams<T6>, const T4 *, const T10 *, T9 *, T5 *, const T6 *, const T6 *, const T11 *, const T4 *, T11 *, void *, long, T6 *, int *, T6 *, T6 *, const T6 *, const T6 *, const T6 *, const T6 *, const T6 *)",2.519,2026-09-11T18:05:41.263552,"1,6,1","32,16,1",44,0,0,0,,,,,,,,,,,,,,,,,,,
ucopy_f32,2.296,2026-09-11T18:05:41.263565,"3,1,1","1024,1,1",24,0,0,0,,,,,,,,,,,,,,,,,,,
badd_f32,2.423,2026-09-11T18:05:41.263578,"3,1,1","1024,1,1",38,0,0,0,,,,,,,,,,,,,,,,,,,
urelu_f32,1.116,2026-09-11T18:05:41.263591,"3,1,1","1024,1,1",24,0,0,0,,,,,,,,,,,,,,,,,,,
"void dot_kernel<float, (int)128, (int)0, cublasDotParams<cublasGemvTensorStridedBatched<const float>, cublasGemvTensorStridedBatched<float>>>(T4)",2.614,2026-09-11T18:05:41.263616,"18,1,96","128,1,1",28,512,512,0,,,,,,,,,,,,,,,,,,,
"void reduce_1Block_kernel<float, (int)128, (int)7, cublasGemvTensorStridedBatched<float>, cublasGemvTensorStridedBatched<const float>, cublasGemvTensorStridedBatched<float>>(const T1 *, T1, T4, int, const T1 *, T1, T5, T6, cublasPointerMode_t, cublasLtEpilogue_t, cublasGemvTensorStridedBatched<const biasType<T6::value_type, T1>::type>)",1.307,2026-09-11T18:05:41.263631,"1,1,96","128,1,1",28,768,768,0,,,,,,,,,,,,,,,,,,,
badd_f32,1.116,2026-09-11T18:05:41.263647,"1,1,1","1024,1,1",38,0,0,0,,,,,,,,,,,,,,,,,,,
urelu_f32,1.116,2026-09-11T18:05:41.263660,"1,1,1","1024,1,1",24,0,0,0,,,,,,,,,,,,,,,,,,,
"std::enable_if<!T7, void>::type internal::gemvx::kernel<int, int, float, float, float, float, (bool)0, (bool)1, (bool)1, (bool)0, (int)6, (bool)0, cublasGemvParamsEx<int, cublasGemvTensorStridedBatched<const float>, cublasGemvTensorStridedBatched<const float>, cublasGemvTensorStridedBatched<float>, float>>(T13)",1.499,2026-09-11T18:05:41.263675,"2,1,1","4,16,1",166,320,0,320,,,,,,,,,,,,,,,,,,,
badd_f32,1.084,2026-09-11T18:05:41.263689,"1,1,1","1024,1,1",38,0,0,0,,,,,,,,,,,,,,,,,,,
urelu_f32,1.052,2026-09-11T18:05:41.263702,"1,1,1","1024,1,1",24,0,0,0,,,,,,,,,,,,,,,,,,,
copy2d_f32,1.084,2026-09-11T18:05:41.263716,"1,1,1","1024,1,1",16,0,0,0,,,,,,,,,,,,,,,,,,,
copy2d_f32,1.084,2026-09-11T18:05:41.263729,"1,1,1","1024,1,1",16,0,0,0,,,,,,,,,,,,,,,,,,,
copy2d_f32,1.084,2026-09-11T18:05:41.263742,"1,1,1","1024,1,1",16,0,0,0,,,,,,,,,,,,,,,,,,,
layernorm_f32,2.615,2026-09-11T18:05:41.263755,"1,1,1","32,1,1",28,256,256,0,,,,,,,,,,,,,,,,,,,
copy2d_f32,1.084,2026-09-11T18:05:41.263768,"1,1,1","1024,1,1",16,0,0,0,,,,,,,,,,,,,,,,,,,
copy2d_f32,1.052,2026-09-11T18:05:41.263781,"1,1,1","1024,1,1",16,0,0,0,,,,,,,,,,,,,,,,,,,
copy2d_f32,1.052,2026-09-11T18:05:41.263794,"1,1,1","1024,1,1",16,0,0,0,,,,,,,,,,,,,,,,,,,
"std::enable_if<!T7, void>::type internal::gemvx::kernel<int, int, float, float, float, float, (bool)0, (bool)1, (bool)1, (bool)0, (int)8, (bool)0, cublasGemvParamsEx<int, cublasGemvTensorStridedBatched<const float>, cublasGemvTensorStridedBatched<const float>, cublasGemvTensorStridedBatched<float>, float>>(T13)",2.008,2026-09-11T18:05:41.263825,"32,1,1","16,16,1",159,1088,0,1088,,,,,,,,,,,,,,,,,,,
badd_f32,1.147,2026-09-11T18:05:41.263840,"1,1,1","1024,1,1",38,0,0,0,,,,,,,,,,,,,,,,,,,
urelu_f32,1.116,2026-09-11T18:05:41.263854,"1,1,1","1024,1,1",24,0,0,0,,,,,,,,,,,,,,,,,,,
"void gemv2T_kernel_val<int, int, float, float, float, float, (int)128, (int)16, (int)2, (int)2, (bool)0, (bool)0, cublasGemvParamsEx<int, cublasGemvTensorStridedBatched<const float>, cublasGemvTensorStridedBatched<const float>, cublasGemvTensorStridedBatched<float>, float>>(T13, T6, T6)",2.487,2026-09-11T18:05:41.263868,"64,1,1","128,1,1",47,1536,1536,0,,,,,,,,,,,,,,,,,,,
badd_f32,1.148,2026-09-11T18:05:41.263882,"1,1,1","1024,1,1",38,0,0,0,,,,,,,,,,,,,,,,,,,
bmaximum_f32,2.009,2026-09-11T18:05:41.263895,"1,1,1","1024,1,1",38,0,0,0,,,,,,,,,,,,,,,,,,,
bminimum_f32,2.008,2026-09-11T18:05:41.263910,"1,1,1","1024,1,1",38,0,0,0,,,,,,,,,,,,,,,,,,,
"std::enable_if<!T7, void>::type internal::gemvx::kernel<int, int, float, float, float, float, (bool)0, (bool)1, (bool)1, (bool)0, (int)8, (bool)0, cublasGemvParamsEx<int, cublasGemvTensorStridedBatched<const float>, cublasGemvTensorStridedBatched<const float>, cublasGemvTensorStridedBatched<float>, float>>(T13)",1.85,2026-09-11T18:05:41.263923,"64,1,1","16,16,1",159,1088,0,1088,,,,,,,,,,,,,,,,,,,
badd_f32,1.211,2026-09-11T18:05:41.263937,"1,1,1","1024,1,1",38,0,0,0,,,,,,,,,,,,,,,,,,,
"std::enable_if<!T7, void>::type internal::gemvx::kernel<int, int, float, float, float, float, (bool)0, (bool)1, (bool)1, (bool)0, (int)8, (bool)0, cublasGemvParamsEx<int, cublasGemvTensorStridedBatched<const float>, cublasGemvTensorStridedBatched<const float>, cublasGemvTensorStridedBatched<float>, float>>(T13)",2.04,2026-09-11T18:05:41.263950,"32,1,1","16,16,1",159,1088,0,1088,,,,,,,,,,,,,,,,,,,
badd_f32,1.148,2026-09-11T18:05:41.263972,"1,1,1","1024,1,1",38,0,0,0,,,,,,,,,,,,,,,,,,,
urelu_f32,1.116,2026-09-11T18:05:41.263988,"1,1,1","1024,1,1",24,0,0,0,,,,,,,,,,,,,,,,,,,
"void gemv2T_kernel_val<int, int, float, float, float, float, (int)128, (int)16, (int)4, (int)4, (bool)0, (bool)0, cublasGemvParamsEx<int, cublasGemvTensorStridedBatched<const float>, cublasGemvTensorStridedBatched<const float>, cublasGemvTensorStridedBatched<float>, float>>(T13, T6, T6)",3.794,2026-09-11T18:05:41.264001,"512,1,1","128,1,1",59,2560,2560,0,,,,,,,,,,,,,,,,,,,
badd_f32,1.212,2026-09-11T18:05:41.264014,"4,1,1","1024,1,1",38,0,0,0,,,,,,,,,,,,,,,,,,,
copy2d_f32,1.115,2026-09-11T18:05:41.264028,"1,1,1","1024,1,1",16,0,0,0,,,,,,,,,,,,,,,,,,,
copy2d_f32,1.052,2026-09-11T18:05:41.264047,"1,1,1","1024,1,1",16,0,0,0,,,,,,,,,,,,,,,,,,,
copy2d_f32,1.084,2026-09-11T18:05:41.264064,"1,1,1","1024,1,1",16,0,0,0,,,,,,,,,,,,,,,,,,,
copy2d_f32,1.148,2026-09-11T18:05:41.264076,"1,1,1","1024,1,1",16,0,0,0,,,,,,,,,,,,,,,,,,,
copy2d_f32,1.179,2026-09-11T18:05:41.264090,"4,1,1","1024,1,1",16,0,0,0,,,,,,,,,,,,,,,,,,,
im2col_f32,2.296,2026-09-11T18:05:41.264105,"7,1,1","1024,1,1",36,0,0,0,,,,,,,,,,,,,,,,,,,
ampere_sgemm_32x32_sliced1x4_tn,3.444,2026-09-11T18:05:41.264119,"1,24,9","128,1,1",86,32768,32768,0,,,,,,,,,,,,,,,,,,,
"void cublasLt::splitKreduce_kernel<(int)32, (int)16, int, float, float, float, float, (bool)0, float, float, float, (bool)1, (bool)0, (bool)0>(cublasLt::cublasSplitKParams<T6>, const T4 *, const T10 *, T9 *, T5 *, const T6 *, const T6 *, const T11 *, const T4 *, T11 *, void *, long, T6 *, int *, T6 *, T6 *, const T6 *, const T6 *, const T6 *, const T6 *, const T6 *)",1.499,2026-09-11T18:05:41.264132,"1,48,1","32,16,1",44,0,0,0,,,,,,,,,,,,,,,,,,,
ucopy_f32,2.359,2026-09-11T18:05:41.264147,"6,1,1","1024,1,1",24,0,0,0,,,,,,,,,,,,,,,,,,,
badd_f32,2.71,2026-09-11T18:05:41.264160,"6,1,1","1024,1,1",38,0,0,0,,,,,,,,,,,,,,,,,,,
urelu_f32,1.212,2026-09-11T18:05:41.264173,"6,1,1","1024,1,1",24,0,0,0,,,,,,,,,,,,,,,,,,,
im2col_f32,2.327,2026-09-11T18:05:41.264186,"14,1,1","1024,1,1",36,0,0,0,,,,,,,,,,,,,,,,,,,
ampere_sgemm_32x32_sliced1x4_tn,3.315,2026-09-11T18:05:41.264199,"1,6,36","128,1,1",86,32768,32768,0,,,,,,,,,,,,,,,,,,,
"void cublasLt::splitKreduce_kernel<(int)32, (int)16, int, float, float, float, float, (bool)0, float, float, float, (bool)1, (bool)0, (bool)0>(cublasLt::cublasSplitKParams<T6>, const T4 *, const T10 *, T9 *, T5 *, const T6 *, const T6 *, const T11 *, const T4 *, T11 *, void *, long, T6 *, int *, T6 *, T6 *, const T6 *, const T6 *, const T6 *, const T6 *, const T6 *)",1.881,2026-09-11T18:05:41.264213,"1,12,1","32,16,1",44,0,0,0,,,,,,,,,,,,,,,,,,,
ucopy_f32,2.328,2026-09-11T18:05:41.264226,"3,1,1","1024,1,1",24,0,0,0,,,,,,,,,,,,,,,,,,,
badd_f32,2.647,2026-09-11T18:05:41.264239,"3,1,1","1024,1,1",38,0,0,0,,,,,,,,,,,,,,,,,,,
urelu_f32,1.148,2026-09-11T18:05:41.264252,"3,1,1","1024,1,1",24,0,0,0,,,,,,,,,,,,,,,,,,,
im2col_f32,2.296,2026-09-11T18:05:41.264266,"7,1,1","1024,1,1",36,0,0,0,,,,,,,,,,,,,,,,,,,
ampere_sgemm_32x32_sliced1x4_tn,3.252,2026-09-11T18:05:41.264280,"1,2,72","128,1,1",86,32768,32768,0,,,,,,,,,,,,,,,,,,,
"void cublasLt::splitKreduce_kernel<(int)32, (int)16, int, float, float, float, float, (bool)0, float, float, float, (bool)1, (bool)0, (bool)0>(cublasLt::cublasSplitKParams<T6>, const T4 *, const T10 *, T9 *, T5 *, const T6 *, const T6 *, const T11 *, const T4 *, T11 *, void *, long, T6 *, int *, T6 *, T6 *, const T6 *, const T6 *, const T6 *, const T6 *, const T6 *)",3.22,2026-09-11T18:05:41.264293,"1,3,1","32,16,1",44,0,0,0,,,,,,,,,,,,,,,,,,,
ucopy_f32,2.455,2026-09-11T18:05:41.264306,"2,1,1","1024,1,1",24,0,0,0,,,,,,,,,,,,,,,,,,,
badd_f32,2.646,2026-09-11T18:05:41.264319,"2,1,1","1024,1,1",38,0,0,0,,,,,,,,,,,,,,,,,,,
urelu_f32,1.148,2026-09-11T18:05:41.264332,"2,1,1","1024,1,1",24,0,0,0,,,,,,,,,,,,,,,,,,,
"std::enable_if<!T7, void>::type internal::gemvx::kernel<int, int, float, float, float, float, (bool)0, (bool)1, (bool)1, (bool)0, (int)7, (bool)0, cublasGemvParamsEx<int, cublasGemvTensorStridedBatched<const float>, cublasGemvTensorStridedBatched<const float>, cublasGemvTensorStridedBatched<float>, float>>(T13)",2.36,2026-09-11T18:05:41.264345,"32,1,1","32,4,1",159,528,0,528,,,,,,,,,,,,,,,,,,,
badd_f32,1.116,2026-09-11T18:05:41.264359,"1,1,1","1024,1,1",38,0,0,0,,,,,,,,,,,,,,,,,,,
urelu_f32,1.116,2026-09-11T18:05:41.264373,"1,1,1","1024,1,1",24,0,0,0,,,,,,,,,,,,,,,,,,,
im2col1d_f32,2.072,2026-09-11T18:05:41.264386,"1,1,1","1024,1,1",40,0,0,0,,,,,,,,,,,,,,,,,,,
ampere_sgemm_32x32_sliced1x4_tn,2.806,2026-09-11T18:05:41.264399,"1,12,6","128,1,1",86,32768,32768,0,,,,,,,,,,,,,,,,,,,
"void cublasLt::splitKreduce_kernel<(int)32, (int)16, int, float, float, float, float, (bool)0, float, float, float, (bool)1, (bool)0, (bool)0>(cublasLt::cublasSplitKParams<T6>, const T4 *, const T10 *, T9 *, T5 *, const T6 *, const T6 *, const T11 *, const T4 *, T11 *, void *, long, T6 *, int *, T6 *, T6 *, const T6 *, const T6 *, const T6 *, const T6 *, const T6 *)",1.531,2026-09-11T18:05:41.264412,"1,23,1","32,16,1",44,0,0,0,,,,,,,,,,,,,,,,,,,
ucopy_f32,2.105,2026-09-11T18:05:41.264425,"3,1,1","1024,1,1",24,0,0,0,,,,,,,,,,,,,,,,,,,
badd_f32,2.455,2026-09-11T18:05:41.264439,"3,1,1","1024,1,1",38,0,0,0,,,,,,,,,,,,,,,,,,,
urelu_f32,1.147,2026-09-11T18:05:41.264452,"3,1,1","1024,1,1",24,0,0,0,,,,,,,,,,,,,,,,,,,
im2col1d_f32,2.232,2026-09-11T18:05:41.264466,"2,1,1","1024,1,1",40,0,0,0,,,,,,,,,,,,,,,,,,,
ampere_sgemm_32x32_sliced1x4_tn,3.316,2026-09-11T18:05:41.264481,"1,6,24","128,1,1",86,32768,32768,0,,,,,,,,,,,,,,,,,,,
"void cublasLt::splitKreduce_kernel<(int)32, (int)16, int, float, float, float, float, (bool)0, float, float, float, (bool)1, (bool)0, (bool)0>(cublasLt::cublasSplitKParams<T6>, const T4 *, const T10 *, T9 *, T5 *, const T6 *, const T6 *, const T11 *, const T4 *, T11 *, void *, long, T6 *, int *, T6 *, T6 *, const T6 *, const T6 *, const T6 *, const T6 *, const T6 *)",1.626,2026-09-11T18:05:41.264494,"1,12,1","32,16,1",44,0,0,0,,,,,,,,,,,,,,,,,,,
ucopy_f32,2.168,2026-09-11T18:05:41.264526,"3,1,1","1024,1,1",24,0,0,0,,,,,,,,,,,,,,,,,,,
badd_f32,2.487,2026-09-11T18:05:41.264551,"3,1,1","1024,1,1",38,0,0,0,,,,,,,,,,,,,,,,,,,
urelu_f32,1.147,2026-09-11T18:05:41.264568,"3,1,1","1024,1,1",24,0,0,0,,,,,,,,,,,,,,,,,,,
im2col1d_f32,2.328,2026-09-11T18:05:41.264718,"2,1,1","1024,1,1",40,0,0,0,,,,,,,,,,,,,,,,,,,
ampere_sgemm_32x32_sliced1x4_tn,3.379,2026-09-11T18:05:41.264733,"1,3,48","128,1,1",86,32768,32768,0,,,,,,,,,,,,,,,,,,,
"void cublasLt::splitKreduce_kernel<(int)32, (int)16, int, float, float, float, float, (bool)0, float, float, float, (bool)1, (bool)0, (bool)0>(cublasLt::cublasSplitKParams<T6>, const T4 *, const T10 *, T9 *, T5 *, const T6 *, const T6 *, const T11 *, const T4 *, T11 *, void *, long, T6 *, int *, T6 *, T6 *, const T6 *, const T6 *, const T6 *, const T6 *, const T6 *)",2.518,2026-09-11T18:05:41.264751,"1,6,1","32,16,1",44,0,0,0,,,,,,,,,,,,,,,,,,,
ucopy_f32,2.327,2026-09-11T18:05:41.264764,"3,1,1","1024,1,1",24,0,0,0,,,,,,,,,,,,,,,,,,,
badd_f32,2.455,2026-09-11T18:05:41.264776,"3,1,1","1024,1,1",38,0,0,0,,,,,,,,,,,,,,,,,,,
urelu_f32,1.116,2026-09-11T18:05:41.264791,"3,1,1","1024,1,1",24,0,0,0,,,,,,,,,,,,,,,,,,,
"void dot_kernel<float, (int)128, (int)0, cublasDotParams<cublasGemvTensorStridedBatched<const float>, cublasGemvTensorStridedBatched<float>>>(T4)",2.583,2026-09-11T18:05:41.264812,"18,1,96","128,1,1",28,512,512,0,,,,,,,,,,,,,,,,,,,
"void reduce_1Block_kernel<float, (int)128, (int)7, cublasGemvTensorStridedBatched<float>, cublasGemvTensorStridedBatched<const float>, cublasGemvTensorStridedBatched<float>>(const T1 *, T1, T4, int, const T1 *, T1, T5, T6, cublasPointerMode_t, cublasLtEpilogue_t, cublasGemvTensorStridedBatched<const biasType<T6::value_type, T1>::type>)",1.307,2026-09-11T18:05:41.264829,"1,1,96","128,1,1",28,768,768,0,,,,,,,,,,,,,,,,,,,
badd_f32,1.116,2026-09-11T18:05:41.264842,"1,1,1","1024,1,1",38,0,0,0,,,,,,,,,,,,,,,,,,,
urelu_f32,1.116,2026-09-11T18:05:41.264855,"1,1,1","1024,1,1",24,0,0,0,,,,,,,,,,,,,,,,,,,
"std::enable_if<!T7, void>::type internal::gemvx::kernel<int, int, float, float, float, float, (bool)0, (bool)1, (bool)1, (bool)0, (int)6, (bool)0, cublasGemvParamsEx<int, cublasGemvTensorStridedBatched<const float>, cublasGemvTensorStridedBatched<const float>, cublasGemvTensorStridedBatched<float>, float>>(T13)",1.498,2026-09-11T18:05:41.264870,"2,1,1","4,16,1",166,320,0,320,,,,,,,,,,,,,,,,,,,
badd_f32,1.116,2026-09-11T18:05:41.264884,"1,1,1","1024,1,1",38,0,0,0,,,,,,,,,,,,,,,,,,,
urelu_f32,1.084,2026-09-11T18:05:41.264897,"1,1,1","1024,1,1",24,0,0,0,,,,,,,,,,,,,,,,,,,
copy2d_f32,1.085,2026-09-11T18:05:41.264910,"1,1,1","1024,1,1",16,0,0,0,,,,,,,,,,,,,,,,,,,
copy2d_f32,1.084,2026-09-11T18:05:41.264924,"1,1,1","1024,1,1",16,0,0,0,,,,,,,,,,,,,,,,,,,
copy2d_f32,1.084,2026-09-11T18:05:41.264944,"1,1,1","1024,1,1",16,0,0,0,,,,,,,,,,,,,,,,,,,
layernorm_f32,2.615,2026-09-11T18:05:41.264959,"1,1,1","32,1,1",28,256,256,0,,,,,,,,,,,,,,,,,,,
copy2d_f32,1.084,2026-09-11T18:05:41.264973,"1,1,1","1024,1,1",16,0,0,0,,,,,,,,,,,,,,,,,,,
copy2d_f32,1.052,2026-09-11T18:05:41.264988,"1,1,1","1024,1,1",16,0,0,0,,,,,,,,,,,,,,,,,,,
copy2d_f32,1.084,2026-09-11T18:05:41.265001,"1,1,1","1024,1,1",16,0,0,0,,,,,,,,,,,,,,,,,,,
"std::enable_if<!T7, void>::type internal::gemvx::kernel<int, int, float, float, float, float, (bool)0, (bool)1, (bool)1, (bool)0, (int)8, (bool)0, cublasGemvParamsEx<int, cublasGemvTensorStridedBatched<const float>, cublasGemvTensorStridedBatched<const float>, cublasGemvTensorStridedBatched<float>, float>>(T13)",1.977,2026-09-11T18:05:41.265014,"32,1,1","16,16,1",159,1088,0,1088,,,,,,,,,,,,,,,,,,,
badd_f32,1.18,2026-09-11T18:05:41.265028,"1,1,1","1024,1,1",38,0,0,0,,,,,,,,,,,,,,,,,,,
urelu_f32,1.115,2026-09-11T18:05:41.265041,"1,1,1","1024,1,1",24,0,0,0,,,,,,,,,,,,,,,,,,,
"void gemv2T_kernel_val<int, int, float, float, float, float, (int)128, (int)16, (int)2, (int)2, (bool)0, (bool)0, cublasGemvParamsEx<int, cublasGemvTensorStridedBatched<const float>, cublasGemvTensorStridedBatched<const float>, cublasGemvTensorStridedBatched<float>, float>>(T13, T6, T6)",2.391,2026-09-11T18:05:41.265061,"64,1,1","128,1,1",47,1536,1536,0,,,,,,,,,,,,,,,,,,,
badd_f32,1.148,2026-09-11T18:05:41.265077,"1,1,1","1024,1,1",38,0,0,0,,,,,,,,,,,,,,,,,,,
bmaximum_f32,1.977,2026-09-11T18:05:41.265090,"1,1,1","1024,1,1",38,0,0,0,,,,,,,,,,,,,,,,,,,
bminimum_f32,2.008,2026-09-11T18:05:41.265103,"1,1,1","1024,1,1",38,0,0,0,,,,,,,,,,,,,,,,,,,
"std::enable_if<!T7, void>::type internal::gemvx::kernel<int, int, float, float, float, float, (bool)0, (bool)1, (bool)1, (bool)0, (int)8, (bool)0, cublasGemvParamsEx<int, cublasGemvTensorStridedBatched<const float>, cublasGemvTensorStridedBatched<const float>, cublasGemvTensorStridedBatched<float>, float>>(T13)",1.945,2026-09-11T18:05:41.265116,"64,1,1","16,16,1",159,1088,0,1088,,,,,,,,,,,,,,,,,,,
badd_f32,1.18,2026-09-11T18:05:41.265130,"1,1,1","1024,1,1",38,0,0,0,,,,,,,,,,,,,,,,,,,
"std::enable_if<!T7, void>::type internal::gemvx::kernel<int, int, float, float, float, float, (bool)0, (bool)1, (bool)1, (bool)0, (int)8, (bool)0, cublasGemvParamsEx<int, cublasGemvTensorStridedBatched<const float>, cublasGemvTensorStridedBatched<const float>, cublasGemvTensorStridedBatched<float>, float>>(T13)",2.104,2026-09-11T18:05:41.265143,"32,1,1","16,16,1",159,1088,0,1088,,,,,,,,,,,,,,,,,,,
badd_f32,1.148,2026-09-11T18:05:41.265158,"1,1,1","1024,1,1",38,0,0,0,,,,,,,,,,,,,,,,,,,
urelu_f32,1.084,2026-09-11T18:05:41.265172,"1,1,1","1024,1,1",24,0,0,0,,,,,,,,,,,,,,,,,,,
"void gemv2T_kernel_val<int, int, float, float, float, float, (int)128, (int)16, (int)4, (int)4, (bool)0, (bool)0, cublasGemvParamsEx<int, cublasGemvTensorStridedBatched<const float>, cublasGemvTensorStridedBatched<const float>, cublasGemvTensorStridedBatched<float>, float>>(T13, T6, T6)",3.858,2026-09-11T18:05:41.265185,"512,1,1","128,1,1",59,2560,2560,0,,,,,,,,,,,,,,,,,,,
badd_f32,1.211,2026-09-11T18:05:41.265198,"4,1,1","1024,1,1",38,0,0,0,,,,,,,,,,,,,,,,,,,
copy2d_f32,1.084,2026-09-11T18:05:41.265213,"1,1,1","1024,1,1",16,0,0,0,,,,,,,,,,,,,,,,,,,
copy2d_f32,1.052,2026-09-11T18:05:41.265226,"1,1,1","1024,1,1",16,0,0,0,,,,,,,,,,,,,,,,,,,
copy2d_f32,1.084,2026-09-11T18:05:41.265239,"1,1,1","1024,1,1",16,0,0,0,,,,,,,,,,,,,,,,,,,
copy2d_f32,1.147,2026-09-11T18:05:41.265252,"1,1,1","1024,1,1",16,0,0,0,,,,,,,,,,,,,,,,,,,
copy2d_f32,1.179,2026-09-11T18:05:41.265265,"4,1,1","1024,1,1",16,0,0,0,,,,,,,,,,,,,,,,,,,
im2col_f32,2.295,2026-09-11T18:05:41.265278,"7,1,1","1024,1,1",36,0,0,0,,,,,,,,,,,,,,,,,,,
ampere_sgemm_32x32_sliced1x4_tn,3.539,2026-09-11T18:05:41.265291,"1,24,9","128,1,1",86,32768,32768,0,,,,,,,,,,,,,,,,,,,
"void cublasLt::splitKreduce_kernel<(int)32, (int)16, int, float, float, float, float, (bool)0, float, float, float, (bool)1, (bool)0, (bool)0>(cublasLt::cublasSplitKParams<T6>, const T4 *, const T10 *, T9 *, T5 *, const T6 *, const T6 *, const T11 *, const T4 *, T11 *, void *, long, T6 *, int *, T6 *, T6 *, const T6 *, const T6 *, const T6 *, const T6 *, const T6 *)",1.498,2026-09-11T18:05:41.265304,"1,48,1","32,16,1",44,0,0,0,,,,,,,,,,,,,,,,,,,
ucopy_f32,2.423,2026-09-11T18:05:41.265317,"6,1,1","1024,1,1",24,0,0,0,,,,,,,,,,,,,,,,,,,
badd_f32,2.741,2026-09-11T18:05:41.265332,"6,1,1","1024,1,1",38,0,0,0,,,,,,,,,,,,,,,,,,,
urelu_f32,1.211,2026-09-11T18:05:41.265345,"6,1,1","1024,1,1",24,0,0,0,,,,,,,,,,,,,,,,,,,
im2col_f32,2.327,2026-09-11T18:05:41.265358,"14,1,1","1024,1,1",36,0,0,0,,,,,,,,,,,,,,,,,,,
ampere_sgemm_32x32_sliced1x4_tn,3.316,2026-09-11T18:05:41.265371,"1,6,36","128,1,1",86,32768,32768,0,,,,,,,,,,,,,,,,,,,
"void cublasLt::splitKreduce_kernel<(int)32, (int)16, int, float, float, float, float, (bool)0, float, float, float, (bool)1, (bool)0, (bool)0>(cublasLt::cublasSplitKParams<T6>, const T4 *, const T10 *, T9 *, T5 *, const T6 *, const T6 *, const T11 *, const T4 *, T11 *, void *, long, T6 *, int *, T6 *, T6 *, const T6 *, const T6 *, const T6 *, const T6 *, const T6 *)",1.881,2026-09-11T18:05:41.265385,"1,12,1","32,16,1",44,0,0,0,,,,,,,,,,,,,,,,,,,
ucopy_f32,2.296,2026-09-11T18:05:41.265397,"3,1,1","1024,1,1",24,0,0,0,,,,,,,,,,,,,,,,,,,
badd_f32,2.678,2026-09-11T18:05:41.265411,"3,1,1","1024,1,1",38,0,0,0,,,,,,,,,,,,,,,,,,,
urelu_f32,1.148,2026-09-11T18:05:41.265424,"3,1,1","1024,1,1",24,0,0,0,,,,,,,,,,,,,,,,,,,
im2col_f32,2.296,2026-09-11T18:05:41.265437,"7,1,1","1024,1,1",36,0,0,0,,,,,,,,,,,,,,,,,,,
ampere_sgemm_32x32_sliced1x4_tn,3.252,2026-09-11T18:05:41.265450,"1,2,72","128,1,1",86,32768,32768,0,,,,,,,,,,,,,,,,,,,
"void cublasLt::splitKreduce_kernel<(int)32, (int)16, int, float, float, float, float, (bool)0, float, float, float, (bool)1, (bool)0, (bool)0>(cublasLt::cublasSplitKParams<T6>, const T4 *, const T10 *, T9 *, T5 *, const T6 *, const T6 *, const T11 *, const T4 *, T11 *, void *, long, T6 *, int *, T6 *, T6 *, const T6 *, const T6 *, const T6 *, const T6 *, const T6 *)",3.124,2026-09-11T18:05:41.265463,"1,3,1","32,16,1",44,0,0,0,,,,,,,,,,,,,,,,,,,
ucopy_f32,2.455,2026-09-11T18:05:41.265476,"2,1,1","1024,1,1",24,0,0,0,,,,,,,,,,,,,,,,,,,
badd_f32,2.646,2026-09-11T18:05:41.265490,"2,1,1","1024,1,1",38,0,0,0,,,,,,,,,,,,,,,,,,,
urelu_f32,1.148,2026-09-11T18:05:41.265505,"2,1,1","1024,1,1",24,0,0,0,,,,,,,,,,,,,,,,,,,
"std::enable_if<!T7, void>::type internal::gemvx::kernel<int, int, float, float, float, float, (bool)0, (bool)1, (bool)1, (bool)0, (int)7, (bool)0, cublasGemvParamsEx<int, cublasGemvTensorStridedBatched<const float>, cublasGemvTensorStridedBatched<const float>, cublasGemvTensorStridedBatched<float>, float>>(T13)",2.933,2026-09-11T18:05:41.265518,"32,1,1","32,4,1",159,528,0,528,,,,,,,,,,,,,,,,,,,
badd_f32,1.116,2026-09-11T18:05:41.265531,"1,1,1","1024,1,1",38,0,0,0,,,,,,,,,,,,,,,,,,,
urelu_f32,1.052,2026-09-11T18:05:41.265544,"1,1,1","1024,1,1",24,0,0,0,,,,,,,,,,,,,,,,,,,
im2col1d_f32,2.04,2026-09-11T18:05:41.265557,"1,1,1","1024,1,1",40,0,0,0,,,,,,,,,,,,,,,,,,,
ampere_sgemm_32x32_sliced1x4_tn,2.774,2026-09-11T18:05:41.265570,"1,12,6","128,1,1",86,32768,32768,0,,,,,,,,,,,,,,,,,,,
"void cublasLt::splitKreduce_kernel<(int)32, (int)16, int, float, float, float, float, (bool)0, float, float, float, (bool)1, (bool)0, (bool)0>(cublasLt::cublasSplitKParams<T6>, const T4 *, const T10 *, T9 *, T5 *, const T6 *, const T6 *, const T11 *, const T4 *, T11 *, void *, long, T6 *, int *, T6 *, T6 *, const T6 *, const T6 *, const T6 *, const T6 *, const T6 *)",1.53,2026-09-11T18:05:41.265583,"1,23,1","32,16,1",44,0,0,0,,,,,,,,,,,,,,,,,,,
ucopy_f32,2.104,2026-09-11T18:05:41.265596,"3,1,1","1024,1,1",24,0,0,0,,,,,,,,,,,,,,,,,,,
badd_f32,2.455,2026-09-11T18:05:41.265609,"3,1,1","1024,1,1",38,0,0,0,,,,,,,,,,,,,,,,,,,
urelu_f32,1.116,2026-09-11T18:05:41.265621,"3,1,1","1024,1,1",24,0,0,0,,,,,,,,,,,,,,,,,,,
im2col1d_f32,2.264,2026-09-11T18:05:41.265636,"2,1,1","1024,1,1",40,0,0,0,,,,,,,,,,,,,,,,,,,
ampere_sgemm_32x32_sliced1x4_tn,3.443,2026-09-11T18:05:41.265650,"1,6,24","128,1,1",86,32768,32768,0,,,,,,,,,,,,,,,,,,,
"void cublasLt::splitKreduce_kernel<(int)32, (int)16, int, float, float, float, float, (bool)0, float, float, float, (bool)1, (bool)0, (bool)0>(cublasLt::cublasSplitKParams<T6>, const T4 *, const T10 *, T9 *, T5 *, const T6 *, const T6 *, const T11 *, const T4 *, T11 *, void *, long, T6 *, int *, T6 *, T6 *, const T6 *, const T6 *, const T6 *, const T6 *, const T6 *)",1.626,2026-09-11T18:05:41.265662,"1,12,1","32,16,1",44,0,0,0,,,,,,,,,,,,,,,,,,,
ucopy_f32,2.137,2026-09-11T18:05:41.265677,"3,1,1","1024,1,1",24,0,0,0,,,,,,,,,,,,,,,,,,,
badd_f32,2.423,2026-09-11T18:05:41.265690,"3,1,1","1024,1,1",38,0,0,0,,,,,,,,,,,,,,,,,,,
urelu_f32,1.148,2026-09-11T18:05:41.265703,"3,1,1","1024,1,1",24,0,0,0,,,,,,,,,,,,,,,,,,,
im2col1d_f32,2.327,2026-09-11T18:05:41.265716,"2,1,1","1024,1,1",40,0,0,0,,,,,,,,,,,,,,,,,,,
ampere_sgemm_32x32_sliced1x4_tn,3.315,2026-09-11T18:05:41.265729,"1,3,48","128,1,1",86,32768,32768,0,,,,,,,,,,,,,,,,,,,
"void cublasLt::splitKreduce_kernel<(int)32, (int)16, int, float, float, float, float, (bool)0, float, float, float, (bool)1, (bool)0, (bool)0>(cublasLt::cublasSplitKParams<T6>, const T4 *, const T10 *, T9 *, T5 *, const T6 *, const T6 *, const T11 *, const T4 *, T11 *, void *, long, T6 *, int *, T6 *, T6 *, const T6 *, const T6 *, const T6 *, const T6 *, const T6 *)",2.519,2026-09-11T18:05:41.265742,"1,6,1","32,16,1",44,0,0,0,,,,,,,,,,,,,,,,,,,
ucopy_f32,2.328,2026-09-11T18:05:41.265755,"3,1,1","1024,1,1",24,0,0,0,,,,,,,,,,,,,,,,,,,
badd_f32,2.423,2026-09-11T18:05:41.265768,"3,1,1","1024,1,1",38,0,0,0,,,,,,,,,,,,,,,,,,,
urelu_f32,1.18,2026-09-11T18:05:41.265782,"3,1,1","1024,1,1",24,0,0,0,,,,,,,,,,,,,,,,,,,
"void dot_kernel<float, (int)128, (int)0, cublasDotParams<cublasGemvTensorStridedBatched<const float>, cublasGemvTensorStridedBatched<float>>>(T4)",2.646,2026-09-11T18:05:41.265795,"18,1,96","128,1,1",28,512,512,0,,,,,,,,,,,,,,,,,,,
"void reduce_1Block_kernel<float, (int)128, (int)7, cublasGemvTensorStridedBatched<float>, cublasGemvTensorStridedBatched<const float>, cublasGemvTensorStridedBatched<float>>(const T1 *, T1, T4, int, const T1 *, T1, T5, T6, cublasPointerMode_t, cublasLtEpilogue_t, cublasGemvTensorStridedBatched<const biasType<T6::value_type, T1>::type>)",1.308,2026-09-11T18:05:41.265808,"1,1,96","128,1,1",28,768,768,0,,,,,,,,,,,,,,,,,,,
badd_f32,1.084,2026-09-11T18:05:41.265821,"1,1,1","1024,1,1",38,0,0,0,,,,,,,,,,,,,,,,,,,
urelu_f32,1.084,2026-09-11T18:05:41.265836,"1,1,1","1024,1,1",24,0,0,0,,,,,,,,,,,,,,,,,,,
"std::enable_if<!T7, void>::type internal::gemvx::kernel<int, int, float, float, float, float, (bool)0, (bool)1, (bool)1, (bool)0, (int)6, (bool)0, cublasGemvParamsEx<int, cublasGemvTensorStridedBatched<const float>, cublasGemvTensorStridedBatched<const float>, cublasGemvTensorStridedBatched<float>, float>>(T13)",1.658,2026-09-11T18:05:41.265849,"2,1,1","4,16,1",166,320,0,320,,,,,,,,,,,,,,,,,,,
badd_f32,1.084,2026-09-11T18:05:41.265863,"1,1,1","1024,1,1",38,0,0,0,,,,,,,,,,,,,,,,,,,
urelu_f32,1.052,2026-09-11T18:05:41.265875,"1,1,1","1024,1,1",24,0,0,0,,,,,,,,,,,,,,,,,,,
copy2d_f32,1.084,2026-09-11T18:05:41.265888,"1,1,1","1024,1,1",16,0,0,0,,,,,,,,,,,,,,,,,,,
copy2d_f32,1.052,2026-09-11T18:05:41.265901,"1,1,1","1024,1,1",16,0,0,0,,,,,,,,,,,,,,,,,,,
copy2d_f32,1.052,2026-09-11T18:05:41.265914,"1,1,1","1024,1,1",16,0,0,0,,,,,,,,,,,,,,,,,,,
layernorm_f32,2.614,2026-09-11T18:05:41.265926,"1,1,1","32,1,1",28,256,256,0,,,,,,,,,,,,,,,,,,,
copy2d_f32,1.084,2026-09-11T18:05:41.265939,"1,1,1","1024,1,1",16,0,0,0,,,,,,,,,,,,,,,,,,,
copy2d_f32,1.084,2026-09-11T18:05:41.265952,"1,1,1","1024,1,1",16,0,0,0,,,,,,,,,,,,,,,,,,,
copy2d_f32,1.084,2026-09-11T18:05:41.265965,"1,1,1","1024,1,1",16,0,0,0,,,,,,,,,,,,,,,,,,,
"std::enable_if<!T7, void>::type internal::gemvx::kernel<int, int, float, float, float, float, (bool)0, (bool)1, (bool)1, (bool)0, (int)8, (bool)0, cublasGemvParamsEx<int, cublasGemvTensorStridedBatched<const float>, cublasGemvTensorStridedBatched<const float>, cublasGemvTensorStridedBatched<float>, float>>(T13)",2.71,2026-09-11T18:05:41.265978,"32,1,1","16,16,1",159,1088,0,1088,,,,,,,,,,,,,,,,,,,
badd_f32,1.275,2026-09-11T18:05:41.265991,"1,1,1","1024,1,1",38,0,0,0,,,,,,,,,,,,,,,,,,,
urelu_f32,1.148,2026-09-11T18:05:41.266006,"1,1,1","1024,1,1",24,0,0,0,,,,,,,,,,,,,,,,,,,
"void gemv2T_kernel_val<int, int, float, float, float, float, (int)128, (int)16, (int)2, (int)2, (bool)0, (bool)0, cublasGemvParamsEx<int, cublasGemvTensorStridedBatched<const float>, cublasGemvTensorStridedBatched<const float>, cublasGemvTensorStridedBatched<float>, float>>(T13, T6, T6)",2.55,2026-09-11T18:05:41.266019,"64,1,1","128,1,1",47,1536,1536,0,,,,,,,,,,,,,,,,,,,
badd_f32,1.275,2026-09-11T18:05:41.266034,"1,1,1","1024,1,1",38,0,0,0,,,,,,,,,,,,,,,,,,,
bmaximum_f32,2.009,2026-09-11T18:05:41.266048,"1,1,1","1024,1,1",38,0,0,0,,,,,,,,,,,,,,,,,,,
bminimum_f32,1.977,2026-09-11T18:05:41.266077,"1,1,1","1024,1,1",38,0,0,0,,,,,,,,,,,,,,,,,,,
"std::enable_if<!T7, void>::type internal::gemvx::kernel<int, int, float, float, float, float, (bool)0, (bool)1, (bool)1, (bool)0, (int)8, (bool)0, cublasGemvParamsEx<int, cublasGemvTensorStridedBatched<const float>, cublasGemvTensorStridedBatched<const float>, cublasGemvTensorStridedBatched<float>, float>>(T13)",3.029,2026-09-11T18:05:41.266090,"64,1,1","16,16,1",159,1088,0,1088,,,,,,,,,,,,,,,,,,,
badd_f32,1.18,2026-09-11T18:05:41.266103,"1,1,1","1024,1,1",38,0,0,0,,,,,,,,,,,,,,,,,,,
"std::enable_if<!T7, void>::type internal::gemvx::kernel<int, int, float, float, float, float, (bool)0, (bool)1, (bool)1, (bool)0, (int)8, (bool)0, cublasGemvParamsEx<int, cublasGemvTensorStridedBatched<const float>, cublasGemvTensorStridedBatched<const float>, cublasGemvTensorStridedBatched<float>, float>>(T13)",2.328,2026-09-11T18:05:41.266116,"32,1,1","16,16,1",159,1088,0,1088,,,,,,,,,,,,,,,,,,,
badd_f32,1.18,2026-09-11T18:05:41.266129,"1,1,1","1024,1,1",38,0,0,0,,,,,,,,,,,,,,,,,,,
urelu_f32,1.179,2026-09-11T18:05:41.266142,"1,1,1","1024,1,1",24,0,0,0,,,,,,,,,,,,,,,,,,,
"void gemv2T_kernel_val<int, int, float, float, float, float, (int)128, (int)16, (int)4, (int)4, (bool)0, (bool)0, cublasGemvParamsEx<int, cublasGemvTensorStridedBatched<const float>, cublasGemvTensorStridedBatched<const float>, cublasGemvTensorStridedBatched<float>, float>>(T13, T6, T6)",3.858,2026-09-11T18:05:41.266155,"512,1,1","128,1,1",59,2560,2560,0,,,,,,,,,,,,,,,,,,,
badd_f32,1.276,2026-09-11T18:05:41.266168,"4,1,1","1024,1,1",38,0,0,0,,,,,,,,,,,,,,,,,,,
copy2d_f32,1.084,2026-09-11T18:05:41.266181,"1,1,1","1024,1,1",16,0,0,0,,,,,,,,,,,,,,,,,,,
copy2d_f32,1.052,2026-09-11T18:05:41.266195,"1,1,1","1024,1,1",16,0,0,0,,,,,,,,,,,,,,,,,,,
copy2d_f32,1.084,2026-09-11T18:05:41.266208,"1,1,1","1024,1,1",16,0,0,0,,,,,,,,,,,,,,,,,,,
copy2d_f32,1.179,2026-09-11T18:05:41.266221,"1,1,1","1024,1,1",16,0,0,0,,,,,,,,,,,,,,,,,,,
copy2d_f32,1.148,2026-09-11T18:05:41.266234,"4,1,1","1024,1,1",16,0,0,0,,,,,,,,,,,,,,,,,,,
im2col_f32,2.295,2026-09-11T18:05:41.266247,"7,1,1","1024,1,1",36,0,0,0,,,,,,,,,,,,,,,,,,,
ampere_sgemm_32x32_sliced1x4_tn,3.443,2026-09-11T18:05:41.266260,"1,24,9","128,1,1",86,32768,32768,0,,,,,,,,,,,,,,,,,,,
"void cublasLt::splitKreduce_kernel<(int)32, (int)16, int, float, float, float, float, (bool)0, float, float, float, (bool)1, (bool)0, (bool)0>(cublasLt::cublasSplitKParams<T6>, const T4 *, const T10 *, T9 *, T5 *, const T6 *, const T6 *, const T11 *, const T4 *, T11 *, void *, long, T6 *, int *, T6 *, T6 *, const T6 *, const T6 *, const T6 *, const T6 *, const T6 *)",1.53,2026-09-11T18:05:41.266273,"1,48,1","32,16,1",44,0,0,0,,,,,,,,,,,,,,,,,,,
ucopy_f32,2.423,2026-09-11T18:05:41.266286,"6,1,1","1024,1,1",24,0,0,0,,,,,,,,,,,,,,,,,,,
badd_f32,2.741,2026-09-11T18:05:41.266300,"6,1,1","1024,1,1",38,0,0,0,,,,,,,,,,,,,,,,,,,
urelu_f32,1.212,2026-09-11T18:05:41.266314,"6,1,1","1024,1,1",24,0,0,0,,,,,,,,,,,,,,,,,,,
im2col_f32,2.328,2026-09-11T18:05:41.266327,"14,1,1","1024,1,1",36,0,0,0,,,,,,,,,,,,,,,,,,,
ampere_sgemm_32x32_sliced1x4_tn,3.315,2026-09-11T18:05:41.266340,"1,6,36","128,1,1",86,32768,32768,0,,,,,,,,,,,,,,,,,,,
"void cublasLt::splitKreduce_kernel<(int)32, (int)16, int, float, float, float, float, (bool)0, float, float, float, (bool)1, (bool)0, (bool)0>(cublasLt::cublasSplitKParams<T6>, const T4 *, const T10 *, T9 *, T5 *, const T6 *, const T6 *, const T11 *, const T4 *, T11 *, void *, long, T6 *, int *, T6 *, T6 *, const T6 *, const T6 *, const T6 *, const T6 *, const T6 *)",1.881,2026-09-11T18:05:41.266353,"1,12,1","32,16,1",44,0,0,0,,,,,,,,,,,,,,,,,,,
ucopy_f32,2.295,2026-09-11T18:05:41.266367,"3,1,1","1024,1,1",24,0,0,0,,,,,,,,,,,,,,,,,,,
badd_f32,2.678,2026-09-11T18:05:41.266381,"3,1,1","1024,1,1",38,0,0,0,,,,,,,,,,,,,,,,,,,
urelu_f32,1.148,2026-09-11T18:05:41.266394,"3,1,1","1024,1,1",24,0,0,0,,,,,,,,,,,,,,,,,,,
im2col_f32,2.296,2026-09-11T18:05:41.266407,"7,1,1","1024,1,1",36,0,0,0,,,,,,,,,,,,,,,,,,,
ampere_sgemm_32x32_sliced1x4_tn,3.22,2026-09-11T18:05:41.266419,"1,2,72","128,1,1",86,32768,32768,0,,,,,,,,,,,,,,,,,,,
"void cublasLt::splitKreduce_kernel<(int)32, (int)16, int, float, float, float, float, (bool)0, float, float, float, (bool)1, (bool)0, (bool)0>(cublasLt::cublasSplitKParams<T6>, const T4 *, const T10 *, T9 *, T5 *, const T6 *, const T6 *, const T11 *, const T4 *, T11 *, void *, long, T6 *, int *, T6 *, T6 *, const T6 *, const T6 *, const T6 *, const T6 *, const T6 *)",3.157,2026-09-11T18:05:41.266432,"1,3,1","32,16,1",44,0,0,0,,,,,,,,,,,,,,,,,,,
ucopy_f32,2.487,2026-09-11T18:05:41.266445,"2,1,1","1024,1,1",24,0,0,0,,,,,,,,,,,,,,,,,,,
badd_f32,2.71,2026-09-11T18:05:41.266458,"2,1,1","1024,1,1",38,0,0,0,,,,,,,,,,,,,,,,,,,
urelu_f32,1.148,2026-09-11T18:05:41.266471,"2,1,1","1024,1,1",24,0,0,0,,,,,,,,,,,,,,,,,,,
"std::enable_if<!T7, void>::type internal::gemvx::kernel<int, int, float, float, float, float, (bool)0, (bool)1, (bool)1, (bool)0, (int)7, (bool)0, cublasGemvParamsEx<int, cublasGemvTensorStridedBatched<const float>, cublasGemvTensorStridedBatched<const float>, cublasGemvTensorStridedBatched<float>, float>>(T13)",2.933,2026-09-11T18:05:41.266485,"32,1,1","32,4,1",159,528,0,528,,,,,,,,,,,,,,,,,,,
badd_f32,1.116,2026-09-11T18:05:41.266512,"1,1,1","1024,1,1",38,0,0,0,,,,,,,,,,,,,,,,,,,
urelu_f32,1.084,2026-09-11T18:05:41.266533,"1,1,1","1024,1,1",24,0,0,0,,,,,,,,,,,,,,,,,,,
im2col1d_f32,2.04,2026-09-11T18:05:41.266548,"1,1,1","1024,1,1",40,0,0,0,,,,,,,,,,,,,,,,,,,
ampere_sgemm_32x32_sliced1x4_tn,2.774,2026-09-11T18:05:41.266562,"1,12,6","128,1,1",86,32768,32768,0,,,,,,,,,,,,,,,,,,,
"void cublasLt::splitKreduce_kernel<(int)32, (int)16, int, float, float, float, float, (bool)0, float, float, float, (bool)1, (bool)0, (bool)0>(cublasLt::cublasSplitKParams<T6>, const T4 *, const T10 *, T9 *, T5 *, const T6 *, const T6 *, const T11 *, const T4 *, T11 *, void *, long, T6 *, int *, T6 *, T6 *, const T6 *, const T6 *, const T6 *, const T6 *, const T6 *)",1.498,2026-09-11T18:05:41.266627,"1,23,1","32,16,1",44,0,0,0,,,,,,,,,,,,,,,,,,,
ucopy_f32,2.072,2026-09-11T18:05:41.266647,"3,1,1","1024,1,1",24,0,0,0,,,,,,,,,,,,,,,,,,,
badd_f32,2.391,2026-09-11T18:05:41.266661,"3,1,1","1024,1,1",38,0,0,0,,,,,,,,,,,,,,,,,,,
urelu_f32,1.147,2026-09-11T18:05:41.266674,"3,1,1","1024,1,1",24,0,0,0,,,,,,,,,,,,,,,,,,,
im2col1d_f32,2.232,2026-09-11T18:05:41.266687,"2,1,1","1024,1,1",40,0,0,0,,,,,,,,,,,,,,,,,,,
ampere_sgemm_32x32_sliced1x4_tn,3.38,2026-09-11T18:05:41.266701,"1,6,24","128,1,1",86,32768,32768,0,,,,,,,,,,,,,,,,,,,
"void cublasLt::splitKreduce_kernel<(int)32, (int)16, int, float, float, float, float, (bool)0, float, float, float, (bool)1, (bool)0, (bool)0>(cublasLt::cublasSplitKParams<T6>, const T4 *, const T10 *, T9 *, T5 *, const T6 *, const T6 *, const T11 *, const T4 *, T11 *, void *, long, T6 *, int *, T6 *, T6 *, const T6 *, const T6 *, const T6 *, const T6 *, const T6 *)",1.626,2026-09-11T18:05:41.266718,"1,12,1","32,16,1",44,0,0,0,,,,,,,,,,,,,,,,,,,
ucopy_f32,2.104,2026-09-11T18:05:41.266731,"3,1,1","1024,1,1",24,0,0,0,,,,,,,,,,,,,,,,,,,
badd_f32,2.423,2026-09-11T18:05:41.266744,"3,1,1","1024,1,1",38,0,0,0,,,,,,,,,,,,,,,,,,,
urelu_f32,1.148,2026-09-11T18:05:41.266757,"3,1,1","1024,1,1",24,0,0,0,,,,,,,,,,,,,,,,,,,
im2col1d_f32,2.295,2026-09-11T18:05:41.266770,"2,1,1","1024,1,1",40,0,0,0,,,,,,,,,,,,,,,,,,,
ampere_sgemm_32x32_sliced1x4_tn,3.347,2026-09-11T18:05:41.266784,"1,3,48","128,1,1",86,32768,32768,0,,,,,,,,,,,,,,,,,,,
"void cublasLt::splitKreduce_kernel<(int)32, (int)16, int, float, float, float, float, (bool)0, float, float, float, (bool)1, (bool)0, (bool)0>(cublasLt::cublasSplitKParams<T6>, const T4 *, const T10 *, T9 *, T5 *, const T6 *, const T6 *, const T11 *, const T4 *, T11 *, void *, long, T6 *, int *, T6 *, T6 *, const T6 *, const T6 *, const T6 *, const T6 *, const T6 *)",2.486,2026-09-11T18:05:41.266798,"1,6,1","32,16,1",44,0,0,0,,,,,,,,,,,,,,,,,,,
ucopy_f32,2.296,2026-09-11T18:05:41.266811,"3,1,1","1024,1,1",24,0,0,0,,,,,,,,,,,,,,,,,,,
badd_f32,2.423,2026-09-11T18:05:41.266824,"3,1,1","1024,1,1",38,0,0,0,,,,,,,,,,,,,,,,,,,
urelu_f32,1.148,2026-09-11T18:05:41.266837,"3,1,1","1024,1,1",24,0,0,0,,,,,,,,,,,,,,,,,,,
"void dot_kernel<float, (int)128, (int)0, cublasDotParams<cublasGemvTensorStridedBatched<const float>, cublasGemvTensorStridedBatched<float>>>(T4)",2.71,2026-09-11T18:05:41.266850,"18,1,96","128,1,1",28,512,512,0,,,,,,,,,,,,,,,,,,,
"void reduce_1Block_kernel<float, (int)128, (int)7, cublasGemvTensorStridedBatched<float>, cublasGemvTensorStridedBatched<const float>, cublasGemvTensorStridedBatched<float>>(const T1 *, T1, T4, int, const T1 *, T1, T5, T6, cublasPointerMode_t, cublasLtEpilogue_t, cublasGemvTensorStridedBatched<const biasType<T6::value_type, T1>::type>)",1.307,2026-09-11T18:05:41.266863,"1,1,96","128,1,1",28,768,768,0,,,,,,,,,,,,,,,,,,,
badd_f32,1.116,2026-09-11T18:05:41.266876,"1,1,1","1024,1,1",38,0,0,0,,,,,,,,,,,,,,,,,,,
urelu_f32,1.084,2026-09-11T18:05:41.266889,"1,1,1","1024,1,1",24,0,0,0,,,,,,,,,,,,,,,,,,,
"std::enable_if<!T7, void>::type internal::gemvx::kernel<int, int, float, float, float, float, (bool)0, (bool)1, (bool)1, (bool)0, (int)6, (bool)0, cublasGemvParamsEx<int, cublasGemvTensorStridedBatched<const float>, cublasGemvTensorStridedBatched<const float>, cublasGemvTensorStridedBatched<float>, float>>(T13)",1.658,2026-09-11T18:05:41.266902,"2,1,1","4,16,1",166,320,0,320,,,,,,,,,,,,,,,,,,,
badd_f32,1.116,2026-09-11T18:05:41.266916,"1,1,1","1024,1,1",38,0,0,0,,,,,,,,,,,,,,,,,,,
urelu_f32,1.052,2026-09-11T18:05:41.266929,"1,1,1","1024,1,1",24,0,0,0,,,,,,,,,,,,,,,,,,,
copy2d_f32,1.052,2026-09-11T18:05:41.266942,"1,1,1","1024,1,1",16,0,0,0,,,,,,,,,,,,,,,,,,,
copy2d_f32,1.084,2026-09-11T18:05:41.266956,"1,1,1","1024,1,1",16,0,0,0,,,,,,,,,,,,,,,,,,,
copy2d_f32,1.052,2026-09-11T18:05:41.266970,"1,1,1","1024,1,1",16,0,0,0,,,,,,,,,,,,,,,,,,,
layernorm_f32,2.582,2026-09-11T18:05:41.266984,"1,1,1","32,1,1",28,256,256,0,,,,,,,,,,,,,,,,,,,
copy2d_f32,1.084,2026-09-11T18:05:41.266999,"1,1,1","1024,1,1",16,0,0,0,,,,,,,,,,,,,,,,,,,
copy2d_f32,1.084,2026-09-11T18:05:41.267012,"1,1,1","1024,1,1",16,0,0,0,,,,,,,,,,,,,,,,,,,
copy2d_f32,1.052,2026-09-11T18:05:41.267025,"1,1,1","1024,1,1",16,0,0,0,,,,,,,,,,,,,,,,,,,
"std::enable_if<!T7, void>::type internal::gemvx::kernel<int, int, float, float, float, float, (bool)0, (bool)1, (bool)1, (bool)0, (int)8, (bool)0, cublasGemvParamsEx<int, cublasGemvTensorStridedBatched<const float>, cublasGemvTensorStridedBatched<const float>, cublasGemvTensorStridedBatched<float>, float>>(T13)",2.009,2026-09-11T18:05:41.267037,"32,1,1","16,16,1",159,1088,0,1088,,,,,,,,,,,,,,,,,,,
badd_f32,1.179,2026-09-11T18:05:41.267050,"1,1,1","1024,1,1",38,0,0,0,,,,,,,,,,,,,,,,,,,
urelu_f32,1.116,2026-09-11T18:05:41.267063,"1,1,1","1024,1,1",24,0,0,0,,,,,,,,,,,,,,,,,,,
"void gemv2T_kernel_val<int, int, float, float, float, float, (int)128, (int)16, (int)2, (int)2, (bool)0, (bool)0, cublasGemvParamsEx<int, cublasGemvTensorStridedBatched<const float>, cublasGemvTensorStridedBatched<const float>, cublasGemvTensorStridedBatched<float>, float>>(T13, T6, T6)",2.518,2026-09-11T18:05:41.267077,"64,1,1","128,1,1",47,1536,1536,0,,,,,,,,,,,,,,,,,,,
badd_f32,1.18,2026-09-11T18:05:41.267090,"1,1,1","1024,1,1",38,0,0,0,,,,,,,,,,,,,,,,,,,
bmaximum_f32,1.977,2026-09-11T18:05:41.267103,"1,1,1","1024,1,1",38,0,0,0,,,,,,,,,,,,,,,,,,,
bminimum_f32,1.977,2026-09-11T18:05:41.267116,"1,1,1","1024,1,1",38,0,0,0,,,,,,,,,,,,,,,,,,,
"std::enable_if<!T7, void>::type internal::gemvx::kernel<int, int, float, float, float, float, (bool)0, (bool)1, (bool)1, (bool)0, (int)8, (bool)0, cublasGemvParamsEx<int, cublasGemvTensorStridedBatched<const float>, cublasGemvTensorStridedBatched<const float>, cublasGemvTensorStridedBatched<float>, float>>(T13)",1.85,2026-09-11T18:05:41.267130,"64,1,1","16,16,1",159,1088,0,1088,,,,,,,,,,,,,,,,,,,
badd_f32,1.211,2026-09-11T18:05:41.267144,"1,1,1","1024,1,1",38,0,0,0,,,,,,,,,,,,,,,,,,,
"std::enable_if<!T7, void>::type internal::gemvx::kernel<int, int, float, float, float, float, (bool)0, (bool)1, (bool)1, (bool)0, (int)8, (bool)0, cublasGemvParamsEx<int, cublasGemvTensorStridedBatched<const float>, cublasGemvTensorStridedBatched<const float>, cublasGemvTensorStridedBatched<float>, float>>(T13)",2.04,2026-09-11T18:05:41.267157,"32,1,1","16,16,1",159,1088,0,1088,,,,,,,,,,,,,,,,,,,
badd_f32,1.148,2026-09-11T18:05:41.267170,"1,1,1","1024,1,1",38,0,0,0,,,,,,,,,,,,,,,,,,,
urelu_f32,1.116,2026-09-11T18:05:41.267185,"1,1,1","1024,1,1",24,0,0,0,,,,,,,,,,,,,,,,,,,
"void gemv2T_kernel_val<int, int, float, float, float, float, (int)128, (int)16, (int)4, (int)4, (bool)0, (bool)0, cublasGemvParamsEx<int, cublasGemvTensorStridedBatched<const float>, cublasGemvTensorStridedBatched<const float>, cublasGemvTensorStridedBatched<float>, float>>(T13, T6, T6)",3.826,2026-09-11T18:05:41.267198,"512,1,1","128,1,1",59,2560,2560,0,,,,,,,,,,,,,,,,,,,
badd_f32,1.212,2026-09-11T18:05:41.267211,"4,1,1","1024,1,1",38,0,0,0,,,,,,,,,,,,,,,,,,,
copy2d_f32,1.083,2026-09-11T18:05:41.267224,"1,1,1","1024,1,1",16,0,0,0,,,,,,,,,,,,,,,,,,,
copy2d_f32,1.084,2026-09-11T18:05:41.267237,"1,1,1","1024,1,1",16,0,0,0,,,,,,,,,,,,,,,,,,,
copy2d_f32,1.084,2026-09-11T18:05:41.267251,"1,1,1","1024,1,1",16,0,0,0,,,,,,,,,,,,,,,,,,,
copy2d_f32,1.18,2026-09-11T18:05:41.267264,"1,1,1","1024,1,1",16,0,0,0,,,,,,,,,,,,,,,,,,,
copy2d_f32,1.18,2026-09-11T18:05:41.267277,"4,1,1","1024,1,1",16,0,0,0,,,,,,,,,,,,,,,,,,,
im2col_f32,2.295,2026-09-11T18:05:41.267291,"7,1,1","1024,1,1",36,0,0,0,,,,,,,,,,,,,,,,,,,
ampere_sgemm_32x32_sliced1x4_tn,3.443,2026-09-11T18:05:41.267305,"1,24,9","128,1,1",86,32768,32768,0,,,,,,,,,,,,,,,,,,,
"void cublasLt::splitKreduce_kernel<(int)32, (int)16, int, float, float, float, float, (bool)0, float, float, float, (bool)1, (bool)0, (bool)0>(cublasLt::cublasSplitKParams<T6>, const T4 *, const T10 *, T9 *, T5 *, const T6 *, const T6 *, const T11 *, const T4 *, T11 *, void *, long, T6 *, int *, T6 *, T6 *, const T6 *, const T6 *, const T6 *, const T6 *, const T6 *)",1.467,2026-09-11T18:05:41.267318,"1,48,1","32,16,1",44,0,0,0,,,,,,,,,,,,,,,,,,,
ucopy_f32,2.359,2026-09-11T18:05:41.267331,"6,1,1","1024,1,1",24,0,0,0,,,,,,,,,,,,,,,,,,,
badd_f32,2.71,2026-09-11T18:05:41.267352,"6,1,1","1024,1,1",38,0,0,0,,,,,,,,,,,,,,,,,,,
urelu_f32,1.244,2026-09-11T18:05:41.267366,"6,1,1","1024,1,1",24,0,0,0,,,,,,,,,,,,,,,,,,,
im2col_f32,2.327,2026-09-11T18:05:41.267379,"14,1,1","1024,1,1",36,0,0,0,,,,,,,,,,,,,,,,,,,
ampere_sgemm_32x32_sliced1x4_tn,3.284,2026-09-11T18:05:41.267392,"1,6,36","128,1,1",86,32768,32768,0,,,,,,,,,,,,,,,,,,,
"void cublasLt::splitKreduce_kernel<(int)32, (int)16, int, float, float, float, float, (bool)0, float, float, float, (bool)1, (bool)0, (bool)0>(cublasLt::cublasSplitKParams<T6>, const T4 *, const T10 *, T9 *, T5 *, const T6 *, const T6 *, const T11 *, const T4 *, T11 *, void *, long, T6 *, int *, T6 *, T6 *, const T6 *, const T6 *, const T6 *, const T6 *, const T6 *)",1.881,2026-09-11T18:05:41.267405,"1,12,1","32,16,1",44,0,0,0,,,,,,,,,,,,,,,,,,,
ucopy_f32,2.296,2026-09-11T18:05:41.267418,"3,1,1","1024,1,1",24,0,0,0,,,,,,,,,,,,,,,,,,,
badd_f32,2.679,2026-09-11T18:05:41.267433,"3,1,1","1024,1,1",38,0,0,0,,,,,,,,,,,,,,,,,,,
urelu_f32,1.148,2026-09-11T18:05:41.267446,"3,1,1","1024,1,1",24,0,0,0,,,,,,,,,,,,,,,,,,,
im2col_f32,2.296,2026-09-11T18:05:41.267459,"7,1,1","1024,1,1",36,0,0,0,,,,,,,,,,,,,,,,,,,
ampere_sgemm_32x32_sliced1x4_tn,3.252,2026-09-11T18:05:41.267474,"1,2,72","128,1,1",86,32768,32768,0,,,,,,,,,,,,,,,,,,,
"void cublasLt::splitKreduce_kernel<(int)32, (int)16, int, float, float, float, float, (bool)0, float, float, float, (bool)1, (bool)0, (bool)0>(cublasLt::cublasSplitKParams<T6>, const T4 *, const T10 *, T9 *, T5 *, const T6 *, const T6 *, const T11 *, const T4 *, T11 *, void *, long, T6 *, int *, T6 *, T6 *, const T6 *, const T6 *, const T6 *, const T6 *, const T6 *)",3.125,2026-09-11T18:05:41.267487,"1,3,1","32,16,1",44,0,0,0,,,,,,,,,,,,,,,,,,,
ucopy_f32,2.519,2026-09-11T18:05:41.267500,"2,1,1","1024,1,1",24,0,0,0,,,,,,,,,,,,,,,,,,,
badd_f32,2.647,2026-09-11T18:05:41.267513,"2,1,1","1024,1,1",38,0,0,0,,,,,,,,,,,,,,,,,,,
urelu_f32,1.148,2026-09-11T18:05:41.267526,"2,1,1","1024,1,1",24,0,0,0,,,,,,,,,,,,,,,,,,,
"std::enable_if<!T7, void>::type internal::gemvx::kernel<int, int, float, float, float, float, (bool)0, (bool)1, (bool)1, (bool)0, (int)7, (bool)0, cublasGemvParamsEx<int, cublasGemvTensorStridedBatched<const float>, cublasGemvTensorStridedBatched<const float>, cublasGemvTensorStridedBatched<float>, float>>(T13)",2.391,2026-09-11T18:05:41.267540,"32,1,1","32,4,1",159,528,0,528,,,,,,,,,,,,,,,,,,,
badd_f32,1.116,2026-09-11T18:05:41.267553,"1,1,1","1024,1,1",38,0,0,0,,,,,,,,,,,,,,,,,,,
urelu_f32,1.084,2026-09-11T18:05:41.267566,"1,1,1","1024,1,1",24,0,0,0,,,,,,,,,,,,,,,,,,,
im2col1d_f32,2.04,2026-09-11T18:05:41.267603,"1,1,1","1024,1,1",40,0,0,0,,,,,,,,,,,,,,,,,,,
ampere_sgemm_32x32_sliced1x4_tn,2.774,2026-09-11T18:05:41.267619,"1,12,6","128,1,1",86,32768,32768,0,,,,,,,,,,,,,,,,,,,
"void cublasLt::splitKreduce_kernel<(int)32, (int)16, int, float, float, float, float, (bool)0, float, float, float, (bool)1, (bool)0, (bool)0>(cublasLt::cublasSplitKParams<T6>, const T4 *, const T10 *, T9 *, T5 *, const T6 *, const T6 *, const T11 *, const T4 *, T11 *, void *, long, T6 *, int *, T6 *, T6 *, const T6 *, const T6 *, const T6 *, const T6 *, const T6 *)",1.499,2026-09-11T18:05:41.267633,"1,23,1","32,16,1",44,0,0,0,,,,,,,,,,,,,,,,,,,
ucopy_f32,2.104,2026-09-11T18:05:41.267646,"3,1,1","1024,1,1",24,0,0,0,,,,,,,,,,,,,,,,,,,
badd_f32,2.455,2026-09-11T18:05:41.267659,"3,1,1","1024,1,1",38,0,0,0,,,,,,,,,,,,,,,,,,,
urelu_f32,1.148,2026-09-11T18:05:41.267673,"3,1,1","1024,1,1",24,0,0,0,,,,,,,,,,,,,,,,,,,
im2col1d_f32,2.295,2026-09-11T18:05:41.267687,"2,1,1","1024,1,1",40,0,0,0,,,,,,,,,,,,,,,,,,,
ampere_sgemm_32x32_sliced1x4_tn,3.443,2026-09-11T18:05:41.267700,"1,6,24","128,1,1",86,32768,32768,0,,,,,,,,,,,,,,,,,,,
"void cublasLt::splitKreduce_kernel<(int)32, (int)16, int, float, float, float, float, (bool)0, float, float, float, (bool)1, (bool)0, (bool)0>(cublasLt::cublasSplitKParams<T6>, const T4 *, const T10 *, T9 *, T5 *, const T6 *, const T6 *, const T11 *, const T4 *, T11 *, void *, long, T6 *, int *, T6 *, T6 *, const T6 *, const T6 *, const T6 *, const T6 *, const T6 *)",1.627,2026-09-11T18:05:41.267713,"1,12,1","32,16,1",44,0,0,0,,,,,,,,,,,,,,,,,,,
ucopy_f32,2.136,2026-09-11T18:05:41.267726,"3,1,1","1024,1,1",24,0,0,0,,,,,,,,,,,,,,,,,,,
badd_f32,2.454,2026-09-11T18:05:41.267738,"3,1,1","1024,1,1",38,0,0,0,,,,,,,,,,,,,,,,,,,
urelu_f32,1.148,2026-09-11T18:05:41.267751,"3,1,1","1024,1,1",24,0,0,0,,,,,,,,,,,,,,,,,,,
im2col1d_f32,2.264,2026-09-11T18:05:41.267764,"2,1,1","1024,1,1",40,0,0,0,,,,,,,,,,,,,,,,,,,
ampere_sgemm_32x32_sliced1x4_tn,3.379,2026-09-11T18:05:41.267777,"1,3,48","128,1,1",86,32768,32768,0,,,,,,,,,,,,,,,,,,,
"void cublasLt::splitKreduce_kernel<(int)32, (int)16, int, float, float, float, float, (bool)0, float, float, float, (bool)1, (bool)0, (bool)0>(cublasLt::cublasSplitKParams<T6>, const T4 *, const T10 *, T9 *, T5 *, const T6 *, const T6 *, const T11 *, const T4 *, T11 *, void *, long, T6 *, int *, T6 *, T6 *, const T6 *, const T6 *, const T6 *, const T6 *, const T6 *)",2.551,2026-09-11T18:05:41.267790,"1,6,1","32,16,1",44,0,0,0,,,,,,,,,,,,,,,,,,,
ucopy_f32,2.36,2026-09-11T18:05:41.267803,"3,1,1","1024,1,1",24,0,0,0,,,,,,,,,,,,,,,,,,,
badd_f32,2.583,2026-09-11T18:05:41.267815,"3,1,1","1024,1,1",38,0,0,0,,,,,,,,,,,,,,,,,,,
urelu_f32,1.211,2026-09-11T18:05:41.267828,"3,1,1","1024,1,1",24,0,0,0,,,,,,,,,,,,,,,,,,,
"void dot_kernel<float, (int)128, (int)0, cublasDotParams<cublasGemvTensorStridedBatched<const float>, cublasGemvTensorStridedBatched<float>>>(T4)",2.614,2026-09-11T18:05:41.267842,"18,1,96","128,1,1",28,512,512,0,,,,,,,,,,,,,,,,,,,
"void reduce_1Block_kernel<float, (int)128, (int)7, cublasGemvTensorStridedBatched<float>, cublasGemvTensorStridedBatched<const float>, cublasGemvTensorStridedBatched<float>>(const T1 *, T1, T4, int, const T1 *, T1, T5, T6, cublasPointerMode_t, cublasLtEpilogue_t, cublasGemvTensorStridedBatched<const biasType<T6::value_type, T1>::type>)",1.307,2026-09-11T18:05:41.267856,"1,1,96","128,1,1",28,768,768,0,,,,,,,,,,,,,,,,,,,
badd_f32,1.084,2026-09-11T18:05:41.267869,"1,1,1","1024,1,1",38,0,0,0,,,,,,,,,,,,,,,,,,,
urelu_f32,1.115,2026-09-11T18:05:41.267883,"1,1,1","1024,1,1",24,0,0,0,,,,,,,,,,,,,,,,,,,
"std::enable_if<!T7, void>::type internal::gemvx::kernel<int, int, float, float, float, float, (bool)0, (bool)1, (bool)1, (bool)0, (int)6, (bool)0, cublasGemvParamsEx<int, cublasGemvTensorStridedBatched<const float>, cublasGemvTensorStridedBatched<const float>, cublasGemvTensorStridedBatched<float>, float>>(T13)",1.658,2026-09-11T18:05:41.267897,"2,1,1","4,16,1",166,320,0,320,,,,,,,,,,,,,,,,,,,
badd_f32,1.116,2026-09-11T18:05:41.267910,"1,1,1","1024,1,1",38,0,0,0,,,,,,,,,,,,,,,,,,,
urelu_f32,1.084,2026-09-11T18:05:41.267923,"1,1,1","1024,1,1",24,0,0,0,,,,,,,,,,,,,,,,,,,
copy2d_f32,1.116,2026-09-11T18:05:41.267936,"1,1,1","1024,1,1",16,0,0,0,,,,,,,,,,,,,,,,,,,
copy2d_f32,1.052,2026-09-11T18:05:41.267949,"1,1,1","1024,1,1",16,0,0,0,,,,,,,,,,,,,,,,,,,
copy2d_f32,1.084,2026-09-11T18:05:41.267962,"1,1,1","1024,1,1",16,0,0,0,,,,,,,,,,,,,,,,,,,
layernorm_f32,2.614,2026-09-11T18:05:41.267975,"1,1,1","32,1,1",28,256,256,0,,,,,,,,,,,,,,,,,,,
copy2d_f32,1.084,2026-09-11T18:05:41.267988,"1,1,1","1024,1,1",16,0,0,0,,,,,,,,,,,,,,,,,,,
copy2d_f32,1.052,2026-09-11T18:05:41.268002,"1,1,1","1024,1,1",16,0,0,0,,,,,,,,,,,,,,,,,,,
copy2d_f32,1.052,2026-09-11T18:05:41.268015,"1,1,1","1024,1,1",16,0,0,0,,,,,,,,,,,,,,,,,,,
"std::enable_if<!T7, void>::type internal::gemvx::kernel<int, int, float, float, float, float, (bool)0, (bool)1, (bool)1, (bool)0, (int)8, (bool)0, cublasGemvParamsEx<int, cublasGemvTensorStridedBatched<const float>, cublasGemvTensorStridedBatched<const float>, cublasGemvTensorStridedBatched<float>, float>>(T13)",2.137,2026-09-11T18:05:41.268029,"32,1,1","16,16,1",159,1088,0,1088,,,,,,,,,,,,,,,,,,,
badd_f32,1.148,2026-09-11T18:05:41.268042,"1,1,1","1024,1,1",38,0,0,0,,,,,,,,,,,,,,,,,,,
urelu_f32,1.116,2026-09-11T18:05:41.268055,"1,1,1","1024,1,1",24,0,0,0,,,,,,,,,,,,,,,,,,,
"void gemv2T_kernel_val<int, int, float, float, float, float, (int)128, (int)16, (int)2, (int)2, (bool)0, (bool)0, cublasGemvParamsEx<int, cublasGemvTensorStridedBatched<const float>, cublasGemvTensorStridedBatched<const float>, cublasGemvTensorStridedBatched<float>, float>>(T13, T6, T6)",2.391,2026-09-11T18:05:41.268068,"64,1,1","128,1,1",47,1536,1536,0,,,,,,,,,,,,,,,,,,,
badd_f32,1.148,2026-09-11T18:05:41.268081,"1,1,1","1024,1,1",38,0,0,0,,,,,,,,,,,,,,,,,,,
bmaximum_f32,1.977,2026-09-11T18:05:41.268094,"1,1,1","1024,1,1",38,0,0,0,,,,,,,,,,,,,,,,,,,
bminimum_f32,1.977,2026-09-11T18:05:41.268107,"1,1,1","1024,1,1",38,0,0,0,,,,,,,,,,,,,,,,,,,
"std::enable_if<!T7, void>::type internal::gemvx::kernel<int, int, float, float, float, float, (bool)0, (bool)1, (bool)1, (bool)0, (int)8, (bool)0, cublasGemvParamsEx<int, cublasGemvTensorStridedBatched<const float>, cublasGemvTensorStridedBatched<const float>, cublasGemvTensorStridedBatched<float>, float>>(T13)",2.901,2026-09-11T18:05:41.268120,"64,1,1","16,16,1",159,1088,0,1088,,,,,,,,,,,,,,,,,,,
badd_f32,1.211,2026-09-11T18:05:41.268133,"1,1,1","1024,1,1",38,0,0,0,,,,,,,,,,,,,,,,,,,
"std::enable_if<!T7, void>::type internal::gemvx::kernel<int, int, float, float, float, float, (bool)0, (bool)1, (bool)1, (bool)0, (int)8, (bool)0, cublasGemvParamsEx<int, cublasGemvTensorStridedBatched<const float>, cublasGemvTensorStridedBatched<const float>, cublasGemvTensorStridedBatched<float>, float>>(T13)",2.136,2026-09-11T18:05:41.268146,"32,1,1","16,16,1",159,1088,0,1088,,,,,,,,,,,,,,,,,,,
badd_f32,1.149,2026-09-11T18:05:41.268159,"1,1,1","1024,1,1",38,0,0,0,,,,,,,,,,,,,,,,,,,
urelu_f32,1.116,2026-09-11T18:05:41.268173,"1,1,1","1024,1,1",24,0,0,0,,,,,,,,,,,,,,,,,,,
"void gemv2T_kernel_val<int, int, float, float, float, float, (int)128, (int)16, (int)4, (int)4, (bool)0, (bool)0, cublasGemvParamsEx<int, cublasGemvTensorStridedBatched<const float>, cublasGemvTensorStridedBatched<const float>, cublasGemvTensorStridedBatched<float>, float>>(T13, T6, T6)",3.858,2026-09-11T18:05:41.268186,"512,1,1","128,1,1",59,2560,2560,0,,,,,,,,,,,,,,,,,,,
badd_f32,1.244,2026-09-11T18:05:41.268200,"4,1,1","1024,1,1",38,0,0,0,,,,,,,,,,,,,,,,,,,
copy2d_f32,1.084,2026-09-11T18:05:41.268213,"1,1,1","1024,1,1",16,0,0,0,,,,,,,,,,,,,,,,,,,
copy2d_f32,1.052,2026-09-11T18:05:41.268226,"1,1,1","1024,1,1",16,0,0,0,,,,,,,,,,,,,,,,,,,
copy2d_f32,1.052,2026-09-11T18:05:41.268239,"1,1,1","1024,1,1",16,0,0,0,,,,,,,,,,,,,,,,,,,
copy2d_f32,1.179,2026-09-11T18:05:41.268252,"1,1,1","1024,1,1",16,0,0,0,,,,,,,,,,,,,,,,,,,
copy2d_f32,1.18,2026-09-11T18:05:41.268265,"4,1,1","1024,1,1",16,0,0,0,,,,,,,,,,,,,,,,,,,
im2col_f32,2.295,2026-09-11T18:05:41.268278,"7,1,1","1024,1,1",36,0,0,0,,,,,,,,,,,,,,,,,,,
ampere_sgemm_32x32_sliced1x4_tn,3.443,2026-09-11T18:05:41.268291,"1,24,9","128,1,1",86,32768,32768,0,,,,,,,,,,,,,,,,,,,
"void cublasLt::splitKreduce_kernel<(int)32, (int)16, int, float, float, float, float, (bool)0, float, float, float, (bool)1, (bool)0, (bool)0>(cublasLt::cublasSplitKParams<T6>, const T4 *, const T10 *, T9 *, T5 *, const T6 *, const T6 *, const T11 *, const T4 *, T11 *, void *, long, T6 *, int *, T6 *, T6 *, const T6 *, const T6 *, const T6 *, const T6 *, const T6 *)",1.498,2026-09-11T18:05:41.268306,"1,48,1","32,16,1",44,0,0,0,,,,,,,,,,,,,,,,,,,
ucopy_f32,2.392,2026-09-11T18:05:41.268319,"6,1,1","1024,1,1",24,0,0,0,,,,,,,,,,,,,,,,,,,
badd_f32,2.742,2026-09-11T18:05:41.268332,"6,1,1","1024,1,1",38,0,0,0,,,,,,,,,,,,,,,,,,,
urelu_f32,1.211,2026-09-11T18:05:41.268346,"6,1,1","1024,1,1",24,0,0,0,,,,,,,,,,,,,,,,,,,
im2col_f32,2.296,2026-09-11T18:05:41.268359,"14,1,1","1024,1,1",36,0,0,0,,,,,,,,,,,,,,,,,,,
ampere_sgemm_32x32_sliced1x4_tn,3.316,2026-09-11T18:05:41.268372,"1,6,36","128,1,1",86,32768,32768,0,,,,,,,,,,,,,,,,,,,
"void cublasLt::splitKreduce_kernel<(int)32, (int)16, int, float, float, float, float, (bool)0, float, float, float, (bool)1, (bool)0, (bool)0>(cublasLt::cublasSplitKParams<T6>, const T4 *, const T10 *, T9 *, T5 *, const T6 *, const T6 *, const T11 *, const T4 *, T11 *, void *, long, T6 *, int *, T6 *, T6 *, const T6 *, const T6 *, const T6 *, const T6 *, const T6 *)",1.913,2026-09-11T18:05:41.268385,"1,12,1","32,16,1",44,0,0,0,,,,,,,,,,,,,,,,,,,
ucopy_f32,2.327,2026-09-11T18:05:41.268398,"3,1,1","1024,1,1",24,0,0,0,,,,,,,,,,,,,,,,,,,
badd_f32,2.71,2026-09-11T18:05:41.268412,"3,1,1","1024,1,1",38,0,0,0,,,,,,,,,,,,,,,,,,,
urelu_f32,1.148,2026-09-11T18:05:41.268426,"3,1,1","1024,1,1",24,0,0,0,,,,,,,,,,,,,,,,,,,
im2col_f32,2.296,2026-09-11T18:05:41.268439,"7,1,1","1024,1,1",36,0,0,0,,,,,,,,,,,,,,,,,,,
ampere_sgemm_32x32_sliced1x4_tn,3.252,2026-09-11T18:05:41.268452,"1,2,72","128,1,1",86,32768,32768,0,,,,,,,,,,,,,,,,,,,
"void cublasLt::splitKreduce_kernel<(int)32, (int)16, int, float, float, float, float, (bool)0, float, float, float, (bool)1, (bool)0, (bool)0>(cublasLt::cublasSplitKParams<T6>, const T4 *, const T10 *, T9 *, T5 *, const T6 *, const T6 *, const T11 *, const T4 *, T11 *, void *, long, T6 *, int *, T6 *, T6 *, const T6 *, const T6 *, const T6 *, const T6 *, const T6 *)",3.157,2026-09-11T18:05:41.268465,"1,3,1","32,16,1",44,0,0,0,,,,,,,,,,,,,,,,,,,
ucopy_f32,2.518,2026-09-11T18:05:41.268478,"2,1,1","1024,1,1",24,0,0,0,,,,,,,,,,,,,,,,,,,
badd_f32,2.614,2026-09-11T18:05:41.268491,"2,1,1","1024,1,1",38,0,0,0,,,,,,,,,,,,,,,,,,,
urelu_f32,1.148,2026-09-11T18:05:41.268523,"2,1,1","1024,1,1",24,0,0,0,,,,,,,,,,,,,,,,,,,
"std::enable_if<!T7, void>::type internal::gemvx::kernel<int, int, float, float, float, float, (bool)0, (bool)1, (bool)1, (bool)0, (int)7, (bool)0, cublasGemvParamsEx<int, cublasGemvTensorStridedBatched<const float>, cublasGemvTensorStridedBatched<const float>, cublasGemvTensorStridedBatched<float>, float>>(T13)",2.742,2026-09-11T18:05:41.268540,"32,1,1","32,4,1",159,528,0,528,,,,,,,,,,,,,,,,,,,
badd_f32,1.084,2026-09-11T18:05:41.268554,"1,1,1","1024,1,1",38,0,0,0,,,,,,,,,,,,,,,,,,,
urelu_f32,1.084,2026-09-11T18:05:41.268567,"1,1,1","1024,1,1",24,0,0,0,,,,,,,,,,,,,,,,,,,
im2col1d_f32,2.136,2026-09-11T18:05:41.268580,"1,1,1","1024,1,1",40,0,0,0,,,,,,,,,,,,,,,,,,,
ampere_sgemm_32x32_sliced1x4_tn,2.806,2026-09-11T18:05:41.268593,"1,12,6","128,1,1",86,32768,32768,0,,,,,,,,,,,,,,,,,,,
"void cublasLt::splitKreduce_kernel<(int)32, (int)16, int, float, float, float, float, (bool)0, float, float, float, (bool)1, (bool)0, (bool)0>(cublasLt::cublasSplitKParams<T6>, const T4 *, const T10 *, T9 *, T5 *, const T6 *, const T6 *, const T11 *, const T4 *, T11 *, void *, long, T6 *, int *, T6 *, T6 *, const T6 *, const T6 *, const T6 *, const T6 *, const T6 *)",1.498,2026-09-11T18:05:41.268606,"1,23,1","32,16,1",44,0,0,0,,,,,,,,,,,,,,,,,,,
ucopy_f32,2.073,2026-09-11T18:05:41.268619,"3,1,1","1024,1,1",24,0,0,0,,,,,,,,,,,,,,,,,,,
badd_f32,2.455,2026-09-11T18:05:41.268632,"3,1,1","1024,1,1",38,0,0,0,,,,,,,,,,,,,,,,,,,
urelu_f32,1.148,2026-09-11T18:05:41.268645,"3,1,1","1024,1,1",24,0,0,0,,,,,,,,,,,,,,,,,,,
im2col1d_f32,2.232,2026-09-11T18:05:41.268658,"2,1,1","1024,1,1",40,0,0,0,,,,,,,,,,,,,,,,,,,
ampere_sgemm_32x32_sliced1x4_tn,3.443,2026-09-11T18:05:41.268671,"1,6,24","128,1,1",86,32768,32768,0,,,,,,,,,,,,,,,,,,,
"void cublasLt::splitKreduce_kernel<(int)32, (int)16, int, float, float, float, float, (bool)0, float, float, float, (bool)1, (bool)0, (bool)0>(cublasLt::cublasSplitKParams<T6>, const T4 *, const T10 *, T9 *, T5 *, const T6 *, const T6 *, const T11 *, const T4 *, T11 *, void *, long, T6 *, int *, T6 *, T6 *, const T6 *, const T6 *, const T6 *, const T6 *, const T6 *)",1.626,2026-09-11T18:05:41.268683,"1,12,1","32,16,1",44,0,0,0,,,,,,,,,,,,,,,,,,,
ucopy_f32,2.137,2026-09-11T18:05:41.268697,"3,1,1","1024,1,1",24,0,0,0,,,,,,,,,,,,,,,,,,,
badd_f32,2.423,2026-09-11T18:05:41.268710,"3,1,1","1024,1,1",38,0,0,0,,,,,,,,,,,,,,,,,,,
urelu_f32,1.148,2026-09-11T18:05:41.268723,"3,1,1","1024,1,1",24,0,0,0,,,,,,,,,,,,,,,,,,,
im2col1d_f32,2.263,2026-09-11T18:05:41.268736,"2,1,1","1024,1,1",40,0,0,0,,,,,,,,,,,,,,,,,,,
ampere_sgemm_32x32_sliced1x4_tn,3.379,2026-09-11T18:05:41.268750,"1,3,48","128,1,1",86,32768,32768,0,,,,,,,,,,,,,,,,,,,
"void cublasLt::splitKreduce_kernel<(int)32, (int)16, int, float, float, float, float, (bool)0, float, float, float, (bool)1, (bool)0, (bool)0>(cublasLt::cublasSplitKParams<T6>, const T4 *, const T10 *, T9 *, T5 *, const T6 *, const T6 *, const T11 *, const T4 *, T11 *, void *, long, T6 *, int *, T6 *, T6 *, const T6 *, const T6 *, const T6 *, const T6 *, const T6 *)",2.518,2026-09-11T18:05:41.268764,"1,6,1","32,16,1",44,0,0,0,,,,,,,,,,,,,,,,,,,
ucopy_f32,2.391,2026-09-11T18:05:41.268777,"3,1,1","1024,1,1",24,0,0,0,,,,,,,,,,,,,,,,,,,
badd_f32,2.423,2026-09-11T18:05:41.268789,"3,1,1","1024,1,1",38,0,0,0,,,,,,,,,,,,,,,,,,,
urelu_f32,1.116,2026-09-11T18:05:41.268803,"3,1,1","1024,1,1",24,0,0,0,,,,,,,,,,,,,,,,,,,
"void dot_kernel<float, (int)128, (int)0, cublasDotParams<cublasGemvTensorStridedBatched<const float>, cublasGemvTensorStridedBatched<float>>>(T4)",2.518,2026-09-11T18:05:41.268815,"18,1,96","128,1,1",28,512,512,0,,,,,,,,,,,,,,,,,,,
"void reduce_1Block_kernel<float, (int)128, (int)7, cublasGemvTensorStridedBatched<float>, cublasGemvTensorStridedBatched<const float>, cublasGemvTensorStridedBatched<float>>(const T1 *, T1, T4, int, const T1 *, T1, T5, T6, cublasPointerMode_t, cublasLtEpilogue_t, cublasGemvTensorStridedBatched<const biasType<T6::value_type, T1>::type>)",1.275,2026-09-11T18:05:41.268828,"1,1,96","128,1,1",28,768,768,0,,,,,,,,,,,,,,,,,,,
badd_f32,1.084,2026-09-11T18:05:41.268842,"1,1,1","1024,1,1",38,0,0,0,,,,,,,,,,,,,,,,,,,
urelu_f32,1.116,2026-09-11T18:05:41.268855,"1,1,1","1024,1,1",24,0,0,0,,,,,,,,,,,,,,,,,,,
"std::enable_if<!T7, void>::type internal::gemvx::kernel<int, int, float, float, float, float, (bool)0, (bool)1, (bool)1, (bool)0, (int)6, (bool)0, cublasGemvParamsEx<int, cublasGemvTensorStridedBatched<const float>, cublasGemvTensorStridedBatched<const float>, cublasGemvTensorStridedBatched<float>, float>>(T13)",1.53,2026-09-11T18:05:41.268870,"2,1,1","4,16,1",166,320,0,320,,,,,,,,,,,,,,,,,,,
badd_f32,1.116,2026-09-11T18:05:41.268883,"1,1,1","1024,1,1",38,0,0,0,,,,,,,,,,,,,,,,,,,
urelu_f32,1.083,2026-09-11T18:05:41.268896,"1,1,1","1024,1,1",24,0,0,0,,,,,,,,,,,,,,,,,,,
copy2d_f32,1.084,2026-09-11T18:05:41.268908,"1,1,1","1024,1,1",16,0,0,0,,,,,,,,,,,,,,,,,,,
copy2d_f32,1.083,2026-09-11T18:05:41.268921,"1,1,1","1024,1,1",16,0,0,0,,,,,,,,,,,,,,,,,,,
copy2d_f32,1.052,2026-09-11T18:05:41.268934,"1,1,1","1024,1,1",16,0,0,0,,,,,,,,,,,,,,,,,,,
layernorm_f32,2.614,2026-09-11T18:05:41.268947,"1,1,1","32,1,1",28,256,256,0,,,,,,,,,,,,,,,,,,,
copy2d_f32,1.052,2026-09-11T18:05:41.268960,"1,1,1","1024,1,1",16,0,0,0,,,,,,,,,,,,,,,,,,,
copy2d_f32,1.052,2026-09-11T18:05:41.268973,"1,1,1","1024,1,1",16,0,0,0,,,,,,,,,,,,,,,,,,,
copy2d_f32,1.084,2026-09-11T18:05:41.268986,"1,1,1","1024,1,1",16,0,0,0,,,,,,,,,,,,,,,,,,,
"std::enable_if<!T7, void>::type internal::gemvx::kernel<int, int, float, float, float, float, (bool)0, (bool)1, (bool)1, (bool)0, (int)8, (bool)0, cublasGemvParamsEx<int, cublasGemvTensorStridedBatched<const float>, cublasGemvTensorStridedBatched<const float>, cublasGemvTensorStridedBatched<float>, float>>(T13)",1.977,2026-09-11T18:05:41.268999,"32,1,1","16,16,1",159,1088,0,1088,,,,,,,,,,,,,,,,,,,
badd_f32,1.147,2026-09-11T18:05:41.269012,"1,1,1","1024,1,1",38,0,0,0,,,,,,,,,,,,,,,,,,,
urelu_f32,1.116,2026-09-11T18:05:41.269025,"1,1,1","1024,1,1",24,0,0,0,,,,,,,,,,,,,,,,,,,
"void gemv2T_kernel_val<int, int, float, float, float, float, (int)128, (int)16, (int)2, (int)2, (bool)0, (bool)0, cublasGemvParamsEx<int, cublasGemvTensorStridedBatched<const float>, cublasGemvTensorStridedBatched<const float>, cublasGemvTensorStridedBatched<float>, float>>(T13, T6, T6)",2.392,2026-09-11T18:05:41.269040,"64,1,1","128,1,1",47,1536,1536,0,,,,,,,,,,,,,,,,,,,
badd_f32,1.18,2026-09-11T18:05:41.269053,"1,1,1","1024,1,1",38,0,0,0,,,,,,,,,,,,,,,,,,,
bmaximum_f32,1.977,2026-09-11T18:05:41.269066,"1,1,1","1024,1,1",38,0,0,0,,,,,,,,,,,,,,,,,,,
bminimum_f32,2.009,2026-09-11T18:05:41.269079,"1,1,1","1024,1,1",38,0,0,0,,,,,,,,,,,,,,,,,,,
"std::enable_if<!T7, void>::type internal::gemvx::kernel<int, int, float, float, float, float, (bool)0, (bool)1, (bool)1, (bool)0, (int)8, (bool)0, cublasGemvParamsEx<int, cublasGemvTensorStridedBatched<const float>, cublasGemvTensorStridedBatched<const float>, cublasGemvTensorStridedBatched<float>, float>>(T13)",2.073,2026-09-11T18:05:41.269091,"64,1,1","16,16,1",159,1088,0,1088,,,,,,,,,,,,,,,,,,,
badd_f32,1.212,2026-09-11T18:05:41.269104,"1,1,1","1024,1,1",38,0,0,0,,,,,,,,,,,,,,,,,,,
"std::enable_if<!T7, void>::type internal::gemvx::kernel<int, int, float, float, float, float, (bool)0, (bool)1, (bool)1, (bool)0, (int)8, (bool)0, cublasGemvParamsEx<int, cublasGemvTensorStridedBatched<const float>, cublasGemvTensorStridedBatched<const float>, cublasGemvTensorStridedBatched<float>, float>>(T13)",2.041,2026-09-11T18:05:41.269117,"32,1,1","16,16,1",159,1088,0,1088,,,,,,,,,,,,,,,,,,,
badd_f32,1.148,2026-09-11T18:05:41.269130,"1,1,1","1024,1,1",38,0,0,0,,,,,,,,,,,,,,,,,,,
urelu_f32,1.116,2026-09-11T18:05:41.269143,"1,1,1","1024,1,1",24,0,0,0,,,,,,,,,,,,,,,,,,,
"void gemv2T_kernel_val<int, int, float, float, float, float, (int)128, (int)16, (int)4, (int)4, (bool)0, (bool)0, cublasGemvParamsEx<int, cublasGemvTensorStridedBatched<const float>, cublasGemvTensorStridedBatched<const float>, cublasGemvTensorStridedBatched<float>, float>>(T13, T6, T6)",3.794,2026-09-11T18:05:41.269156,"512,1,1","128,1,1",59,2560,2560,0,,,,,,,,,,,,,,,,,,,
badd_f32,1.211,2026-09-11T18:05:41.269171,"4,1,1","1024,1,1",38,0,0,0,,,,,,,,,,,,,,,,,,,
copy2d_f32,1.084,2026-09-11T18:05:41.269184,"1,1,1","1024,1,1",16,0,0,0,,,,,,,,,,,,,,,,,,,
copy2d_f32,1.052,2026-09-11T18:05:41.269197,"1,1,1","1024,1,1",16,0,0,0,,,,,,,,,,,,,,,,,,,
copy2d_f32,1.084,2026-09-11T18:05:41.269211,"1,1,1","1024,1,1",16,0,0,0,,,,,,,,,,,,,,,,,,,
copy2d_f32,1.148,2026-09-11T18:05:41.269224,"1,1,1","1024,1,1",16,0,0,0,,,,,,,,,,,,,,,,,,,
copy2d_f32,1.18,2026-09-11T18:05:41.269237,"4,1,1","1024,1,1",16,0,0,0,,,,,,,,,,,,,,,,,,,
im2col_f32,2.295,2026-09-11T18:05:41.269250,"7,1,1","1024,1,1",36,0,0,0,,,,,,,,,,,,,,,,,,,
ampere_sgemm_32x32_sliced1x4_tn,3.412,2026-09-11T18:05:41.269263,"1,24,9","128,1,1",86,32768,32768,0,,,,,,,,,,,,,,,,,,,
"void cublasLt::splitKreduce_kernel<(int)32, (int)16, int, float, float, float, float, (bool)0, float, float, float, (bool)1, (bool)0, (bool)0>(cublasLt::cublasSplitKParams<T6>, const T4 *, const T10 *, T9 *, T5 *, const T6 *, const T6 *, const T11 *, const T4 *, T11 *, void *, long, T6 *, int *, T6 *, T6 *, const T6 *, const T6 *, const T6 *, const T6 *, const T6 *)",1.498,2026-09-11T18:05:41.269276,"1,48,1","32,16,1",44,0,0,0,,,,,,,,,,,,,,,,,,,
ucopy_f32,2.391,2026-09-11T18:05:41.269289,"6,1,1","1024,1,1",24,0,0,0,,,,,,,,,,,,,,,,,,,
badd_f32,2.678,2026-09-11T18:05:41.269301,"6,1,1","1024,1,1",38,0,0,0,,,,,,,,,,,,,,,,,,,
urelu_f32,1.212,2026-09-11T18:05:41.269314,"6,1,1","1024,1,1",24,0,0,0,,,,,,,,,,,,,,,,,,,
im2col_f32,2.328,2026-09-11T18:05:41.269327,"14,1,1","1024,1,1",36,0,0,0,,,,,,,,,,,,,,,,,,,
ampere_sgemm_32x32_sliced1x4_tn,3.315,2026-09-11T18:05:41.269340,"1,6,36","128,1,1",86,32768,32768,0,,,,,,,,,,,,,,,,,,,
"void cublasLt::splitKreduce_kernel<(int)32, (int)16, int, float, float, float, float, (bool)0, float, float, float, (bool)1, (bool)0, (bool)0>(cublasLt::cublasSplitKParams<T6>, const T4 *, const T10 *, T9 *, T5 *, const T6 *, const T6 *, const T11 *, const T4 *, T11 *, void *, long, T6 *, int *, T6 *, T6 *, const T6 *, const T6 *, const T6 *, const T6 *, const T6 *)",1.881,2026-09-11T18:05:41.269352,"1,12,1","32,16,1",44,0,0,0,,,,,,,,,,,,,,,,,,,
ucopy_f32,2.328,2026-09-11T18:05:41.269367,"3,1,1","1024,1,1",24,0,0,0,,,,,,,,,,,,,,,,,,,
badd_f32,2.646,2026-09-11T18:05:41.269379,"3,1,1","1024,1,1",38,0,0,0,,,,,,,,,,,,,,,,,,,
urelu_f32,1.148,2026-09-11T18:05:41.269392,"3,1,1","1024,1,1",24,0,0,0,,,,,,,,,,,,,,,,,,,
im2col_f32,2.327,2026-09-11T18:05:41.269405,"7,1,1","1024,1,1",36,0,0,0,,,,,,,,,,,,,,,,,,,
ampere_sgemm_32x32_sliced1x4_tn,3.22,2026-09-11T18:05:41.269418,"1,2,72","128,1,1",86,32768,32768,0,,,,,,,,,,,,,,,,,,,
"void cublasLt::splitKreduce_kernel<(int)32, (int)16, int, float, float, float, float, (bool)0, float, float, float, (bool)1, (bool)0, (bool)0>(cublasLt::cublasSplitKParams<T6>, const T4 *, const T10 *, T9 *, T5 *, const T6 *, const T6 *, const T11 *, const T4 *, T11 *, void *, long, T6 *, int *, T6 *, T6 *, const T6 *, const T6 *, const T6 *, const T6 *, const T6 *)",3.156,2026-09-11T18:05:41.269431,"1,3,1","32,16,1",44,0,0,0,,,,,,,,,,,,,,,,,,,
ucopy_f32,2.455,2026-09-11T18:05:41.269444,"2,1,1","1024,1,1",24,0,0,0,,,,,,,,,,,,,,,,,,,
badd_f32,2.614,2026-09-11T18:05:41.269456,"2,1,1","1024,1,1",38,0,0,0,,,,,,,,,,,,,,,,,,,
urelu_f32,1.115,2026-09-11T18:05:41.269469,"2,1,1","1024,1,1",24,0,0,0,,,,,,,,,,,,,,,,,,,
"std::enable_if<!T7, void>::type internal::gemvx::kernel<int, int, float, float, float, float, (bool)0, (bool)1, (bool)1, (bool)0, (int)7, (bool)0, cublasGemvParamsEx<int, cublasGemvTensorStridedBatched<const float>, cublasGemvTensorStridedBatched<const float>, cublasGemvTensorStridedBatched<float>, float>>(T13)",2.678,2026-09-11T18:05:41.269482,"32,1,1","32,4,1",159,528,0,528,,,,,,,,,,,,,,,,,,,
badd_f32,1.147,2026-09-11T18:05:41.269495,"1,1,1","1024,1,1",38,0,0,0,,,,,,,,,,,,,,,,,,,
urelu_f32,1.116,2026-09-11T18:05:41.269508,"1,1,1","1024,1,1",24,0,0,0,,,,,,,,,,,,,,,,,,,
im2col1d_f32,2.105,2026-09-11T18:05:41.269521,"1,1,1","1024,1,1",40,0,0,0,,,,,,,,,,,,,,,,,,,
ampere_sgemm_32x32_sliced1x4_tn,2.806,2026-09-11T18:05:41.269535,"1,12,6","128,1,1",86,32768,32768,0,,,,,,,,,,,,,,,,,,,
"void cublasLt::splitKreduce_kernel<(int)32, (int)16, int, float, float, float, float, (bool)0, float, float, float, (bool)1, (bool)0, (bool)0>(cublasLt::cublasSplitKParams<T6>, const T4 *, const T10 *, T9 *, T5 *, const T6 *, const T6 *, const T11 *, const T4 *, T11 *, void *, long, T6 *, int *, T6 *, T6 *, const T6 *, const T6 *, const T6 *, const T6 *, const T6 *)",1.53,2026-09-11T18:05:41.269550,"1,23,1","32,16,1",44,0,0,0,,,,,,,,,,,,,,,,,,,
ucopy_f32,2.072,2026-09-11T18:05:41.269563,"3,1,1","1024,1,1",24,0,0,0,,,,,,,,,,,,,,,,,,,
badd_f32,2.455,2026-09-11T18:05:41.269577,"3,1,1","1024,1,1",38,0,0,0,,,,,,,,,,,,,,,,,,,
urelu_f32,1.147,2026-09-11T18:05:41.269597,"3,1,1","1024,1,1",24,0,0,0,,,,,,,,,,,,,,,,,,,
im2col1d_f32,2.264,2026-09-11T18:05:41.269614,"2,1,1","1024,1,1",40,0,0,0,,,,,,,,,,,,,,,,,,,
ampere_sgemm_32x32_sliced1x4_tn,3.283,2026-09-11T18:05:41.269627,"1,6,24","128,1,1",86,32768,32768,0,,,,,,,,,,,,,,,,,,,
"void cublasLt::splitKreduce_kernel<(int)32, (int)16, int, float, float, float, float, (bool)0, float, float, float, (bool)1, (bool)0, (bool)0>(cublasLt::cublasSplitKParams<T6>, const T4 *, const T10 *, T9 *, T5 *, const T6 *, const T6 *, const T11 *, const T4 *, T11 *, void *, long, T6 *, int *, T6 *, T6 *, const T6 *, const T6 *, const T6 *, const T6 *, const T6 *)",1.626,2026-09-11T18:05:41.269643,"1,12,1","32,16,1",44,0,0,0,,,,,,,,,,,,,,,,,,,
ucopy_f32,2.168,2026-09-11T18:05:41.269656,"3,1,1","1024,1,1",24,0,0,0,,,,,,,,,,,,,,,,,,,
badd_f32,2.455,2026-09-11T18:05:41.269669,"3,1,1","1024,1,1",38,0,0,0,,,,,,,,,,,,,,,,,,,
urelu_f32,1.148,2026-09-11T18:05:41.269682,"3,1,1","1024,1,1",24,0,0,0,,,,,,,,,,,,,,,,,,,
im2col1d_f32,2.263,2026-09-11T18:05:41.269695,"2,1,1","1024,1,1",40,0,0,0,,,,,,,,,,,,,,,,,,,
ampere_sgemm_32x32_sliced1x4_tn,3.379,2026-09-11T18:05:41.269708,"1,3,48","128,1,1",86,32768,32768,0,,,,,,,,,,,,,,,,,,,
"void cublasLt::splitKreduce_kernel<(int)32, (int)16, int, float, float, float, float, (bool)0, float, float, float, (bool)1, (bool)0, (bool)0>(cublasLt::cublasSplitKParams<T6>, const T4 *, const T10 *, T9 *, T5 *, const T6 *, const T6 *, const T11 *, const T4 *, T11 *, void *, long, T6 *, int *, T6 *, T6 *, const T6 *, const T6 *, const T6 *, const T6 *, const T6 *)",2.519,2026-09-11T18:05:41.269722,"1,6,1","32,16,1",44,0,0,0,,,,,,,,,,,,,,,,,,,
ucopy_f32,2.327,2026-09-11T18:05:41.269735,"3,1,1","1024,1,1",24,0,0,0,,,,,,,,,,,,,,,,,,,
badd_f32,2.487,2026-09-11T18:05:41.269748,"3,1,1","1024,1,1",38,0,0,0,,,,,,,,,,,,,,,,,,,
urelu_f32,1.116,2026-09-11T18:05:41.269761,"3,1,1","1024,1,1",24,0,0,0,,,,,,,,,,,,,,,,,,,
"void dot_kernel<float, (int)128, (int)0, cublasDotParams<cublasGemvTensorStridedBatched<const float>, cublasGemvTensorStridedBatched<float>>>(T4)",2.551,2026-09-11T18:05:41.269774,"18,1,96","128,1,1",28,512,512,0,,,,,,,,,,,,,,,,,,,
"void reduce_1Block_kernel<float, (int)128, (int)7, cublasGemvTensorStridedBatched<float>, cublasGemvTensorStridedBatched<const float>, cublasGemvTensorStridedBatched<float>>(const T1 *, T1, T4, int, const T1 *, T1, T5, T6, cublasPointerMode_t, cublasLtEpilogue_t, cublasGemvTensorStridedBatched<const biasType<T6::value_type, T1>::type>)",1.307,2026-09-11T18:05:41.269787,"1,1,96","128,1,1",28,768,768,0,,,,,,,,,,,,,,,,,,,
badd_f32,1.116,2026-09-11T18:05:41.269800,"1,1,1","1024,1,1",38,0,0,0,,,,,,,,,,,,,,,,,,,
urelu_f32,1.116,2026-09-11T18:05:41.269813,"1,1,1","1024,1,1",24,0,0,0,,,,,,,,,,,,,,,,,,,
"std::enable_if<!T7, void>::type internal::gemvx::kernel<int, int, float, float, float, float, (bool)0, (bool)1, (bool)1, (bool)0, (int)6, (bool)0, cublasGemvParamsEx<int, cublasGemvTensorStridedBatched<const float>, cublasGemvTensorStridedBatched<const float>, cublasGemvTensorStridedBatched<float>, float>>(T13)",1.498,2026-09-11T18:05:41.269826,"2,1,1","4,16,1",166,320,0,320,,,,,,,,,,,,,,,,,,,
badd_f32,1.116,2026-09-11T18:05:41.269839,"1,1,1","1024,1,1",38,0,0,0,,,,,,,,,,,,,,,,,,,
urelu_f32,1.052,2026-09-11T18:05:41.269853,"1,1,1","1024,1,1",24,0,0,0,,,,,,,,,,,,,,,,,,,
copy2d_f32,1.085,2026-09-11T18:05:41.269875,"1,1,1","1024,1,1",16,0,0,0,,,,,,,,,,,,,,,,,,,
copy2d_f32,1.085,2026-09-11T18:05:41.269889,"1,1,1","1024,1,1",16,0,0,0,,,,,,,,,,,,,,,,,,,
copy2d_f32,1.052,2026-09-11T18:05:41.269904,"1,1,1","1024,1,1",16,0,0,0,,,,,,,,,,,,,,,,,,,
layernorm_f32,2.614,2026-09-11T18:05:41.269917,"1,1,1","32,1,1",28,256,256,0,,,,,,,,,,,,,,,,,,,
copy2d_f32,1.084,2026-09-11T18:05:41.269930,"1,1,1","1024,1,1",16,0,0,0,,,,,,,,,,,,,,,,,,,
copy2d_f32,1.053,2026-09-11T18:05:41.269943,"1,1,1","1024,1,1",16,0,0,0,,,,,,,,,,,,,,,,,,,
copy2d_f32,1.052,2026-09-11T18:05:41.269956,"1,1,1","1024,1,1",16,0,0,0,,,,,,,,,,,,,,,,,,,
"std::enable_if<!T7, void>::type internal::gemvx::kernel<int, int, float, float, float, float, (bool)0, (bool)1, (bool)1, (bool)0, (int)8, (bool)0, cublasGemvParamsEx<int, cublasGemvTensorStridedBatched<const float>, cublasGemvTensorStridedBatched<const float>, cublasGemvTensorStridedBatched<float>, float>>(T13)",1.977,2026-09-11T18:05:41.269969,"32,1,1","16,16,1",159,1088,0,1088,,,,,,,,,,,,,,,,,,,
badd_f32,1.148,2026-09-11T18:05:41.269982,"1,1,1","1024,1,1",38,0,0,0,,,,,,,,,,,,,,,,,,,
urelu_f32,1.116,2026-09-11T18:05:41.269995,"1,1,1","1024,1,1",24,0,0,0,,,,,,,,,,,,,,,,,,,
"void gemv2T_kernel_val<int, int, float, float, float, float, (int)128, (int)16, (int)2, (int)2, (bool)0, (bool)0, cublasGemvParamsEx<int, cublasGemvTensorStridedBatched<const float>, cublasGemvTensorStridedBatched<const float>, cublasGemvTensorStridedBatched<float>, float>>(T13, T6, T6)",2.391,2026-09-11T18:05:41.270008,"64,1,1","128,1,1",47,1536,1536,0,,,,,,,,,,,,,,,,,,,
badd_f32,1.148,2026-09-11T18:05:41.270022,"1,1,1","1024,1,1",38,0,0,0,,,,,,,,,,,,,,,,,,,
bmaximum_f32,1.944,2026-09-11T18:05:41.270035,"1,1,1","1024,1,1",38,0,0,0,,,,,,,,,,,,,,,,,,,
bminimum_f32,1.977,2026-09-11T18:05:41.270048,"1,1,1","1024,1,1",38,0,0,0,,,,,,,,,,,,,,,,,,,
"std::enable_if<!T7, void>::type internal::gemvx::kernel<int, int, float, float, float, float, (bool)0, (bool)1, (bool)1, (bool)0, (int)8, (bool)0, cublasGemvParamsEx<int, cublasGemvTensorStridedBatched<const float>, cublasGemvTensorStridedBatched<const float>, cublasGemvTensorStridedBatched<float>, float>>(T13)",1.977,2026-09-11T18:05:41.270062,"64,1,1","16,16,1",159,1088,0,1088,,,,,,,,,,,,,,,,,,,
badd_f32,1.211,2026-09-11T18:05:41.270076,"1,1,1","1024,1,1",38,0,0,0,,,,,,,,,,,,,,,,,,,
"std::enable_if<!T7, void>::type internal::gemvx::kernel<int, int, float, float, float, float, (bool)0, (bool)1, (bool)1, (bool)0, (int)8, (bool)0, cublasGemvParamsEx<int, cublasGemvTensorStridedBatched<const float>, cublasGemvTensorStridedBatched<const float>, cublasGemvTensorStridedBatched<float>, float>>(T13)",2.231,2026-09-11T18:05:41.270089,"32,1,1","16,16,1",159,1088,0,1088,,,,,,,,,,,,,,,,,,,
badd_f32,1.147,2026-09-11T18:05:41.270101,"1,1,1","1024,1,1",38,0,0,0,,,,,,,,,,,,,,,,,,,
urelu_f32,1.116,2026-09-11T18:05:41.270114,"1,1,1","1024,1,1",24,0,0,0,,,,,,,,,,,,,,,,,,,
"void gemv2T_kernel_val<int, int, float, float, float, float, (int)128, (int)16, (int)4, (int)4, (bool)0, (bool)0, cublasGemvParamsEx<int, cublasGemvTensorStridedBatched<const float>, cublasGemvTensorStridedBatched<const float>, cublasGemvTensorStridedBatched<float>, float>>(T13, T6, T6)",3.826,2026-09-11T18:05:41.270127,"512,1,1","128,1,1",59,2560,2560,0,,,,,,,,,,,,,,,,,,,
badd_f32,1.211,2026-09-11T18:05:41.270140,"4,1,1","1024,1,1",38,0,0,0,,,,,,,,,,,,,,,,,,,
copy2d_f32,1.116,2026-09-11T18:05:41.270153,"1,1,1","1024,1,1",16,0,0,0,,,,,,,,,,,,,,,,,,,
copy2d_f32,1.084,2026-09-11T18:05:41.270166,"1,1,1","1024,1,1",16,0,0,0,,,,,,,,,,,,,,,,,,,
copy2d_f32,1.053,2026-09-11T18:05:41.270181,"1,1,1","1024,1,1",16,0,0,0,,,,,,,,,,,,,,,,,,,
copy2d_f32,1.179,2026-09-11T18:05:41.270194,"1,1,1","1024,1,1",16,0,0,0,,,,,,,,,,,,,,,,,,,
copy2d_f32,1.18,2026-09-11T18:05:41.270207,"4,1,1","1024,1,1",16,0,0,0,,,,,,,,,,,,,,,,,,,
im2col_f32,2.295,2026-09-11T18:05:41.270220,"7,1,1","1024,1,1",36,0,0,0,,,,,,,,,,,,,,,,,,,
ampere_sgemm_32x32_sliced1x4_tn,3.379,2026-09-11T18:05:41.270235,"1,24,9","128,1,1",86,32768,32768,0,,,,,,,,,,,,,,,,,,,
"void cublasLt::splitKreduce_kernel<(int)32, (int)16, int, float, float, float, float, (bool)0, float, float, float, (bool)1, (bool)0, (bool)0>(cublasLt::cublasSplitKParams<T6>, const T4 *, const T10 *, T9 *, T5 *, const T6 *, const T6 *, const T11 *, const T4 *, T11 *, void *, long, T6 *, int *, T6 *, T6 *, const T6 *, const T6 *, const T6 *, const T6 *, const T6 *)",1.498,2026-09-11T18:05:41.270273,"1,48,1","32,16,1",44,0,0,0,,,,,,,,,,,,,,,,,,,
ucopy_f32,2.392,2026-09-11T18:05:41.270289,"6,1,1","1024,1,1",24,0,0,0,,,,,,,,,,,,,,,,,,,
badd_f32,2.71,2026-09-11T18:05:41.270302,"6,1,1","1024,1,1",38,0,0,0,,,,,,,,,,,,,,,,,,,
urelu_f32,1.211,2026-09-11T18:05:41.270315,"6,1,1","1024,1,1",24,0,0,0,,,,,,,,,,,,,,,,,,,
im2col_f32,2.327,2026-09-11T18:05:41.270328,"14,1,1","1024,1,1",36,0,0,0,,,,,,,,,,,,,,,,,,,
ampere_sgemm_32x32_sliced1x4_tn,3.316,2026-09-11T18:05:41.270341,"1,6,36","128,1,1",86,32768,32768,0,,,,,,,,,,,,,,,,,,,
"void cublasLt::splitKreduce_kernel<(int)32, (int)16, int, float, float, float, float, (bool)0, float, float, float, (bool)1, (bool)0, (bool)0>(cublasLt::cublasSplitKParams<T6>, const T4 *, const T10 *, T9 *, T5 *, const T6 *, const T6 *, const T11 *, const T4 *, T11 *, void *, long, T6 *, int *, T6 *, T6 *, const T6 *, const T6 *, const T6 *, const T6 *, const T6 *)",1.881,2026-09-11T18:05:41.270355,"1,12,1","32,16,1",44,0,0,0,,,,,,,,,,,,,,,,,,,
ucopy_f32,2.295,2026-09-11T18:05:41.270367,"3,1,1","1024,1,1",24,0,0,0,,,,,,,,,,,,,,,,,,,
badd_f32,2.71,2026-09-11T18:05:41.270380,"3,1,1","1024,1,1",38,0,0,0,,,,,,,,,,,,,,,,,,,
urelu_f32,1.211,2026-09-11T18:05:41.270408,"3,1,1","1024,1,1",24,0,0,0,,,,,,,,,,,,,,,,,,,
im2col_f32,2.455,2026-09-11T18:05:41.270430,"7,1,1","1024,1,1",36,0,0,0,,,,,,,,,,,,,,,,,,,
ampere_sgemm_32x32_sliced1x4_tn,3.348,2026-09-11T18:05:41.270445,"1,2,72","128,1,1",86,32768,32768,0,,,,,,,,,,,,,,,,,,,
"void cublasLt::splitKreduce_kernel<(int)32, (int)16, int, float, float, float, float, (bool)0, float, float, float, (bool)1, (bool)0, (bool)0>(cublasLt::cublasSplitKParams<T6>, const T4 *, const T10 *, T9 *, T5 *, const T6 *, const T6 *, const T11 *, const T4 *, T11 *, void *, long, T6 *, int *, T6 *, T6 *, const T6 *, const T6 *, const T6 *, const T6 *, const T6 *)",3.157,2026-09-11T18:05:41.270461,"1,3,1","32,16,1",44,0,0,0,,,,,,,,,,,,,,,,,,,
ucopy_f32,2.519,2026-09-11T18:05:41.270474,"2,1,1","1024,1,1",24,0,0,0,,,,,,,,,,,,,,,,,,,
badd_f32,2.773,2026-09-11T18:05:41.270487,"2,1,1","1024,1,1",38,0,0,0,,,,,,,,,,,,,,,,,,,
urelu_f32,1.212,2026-09-11T18:05:41.270504,"2,1,1","1024,1,1",24,0,0,0,,,,,,,,,,,,,,,,,,,
"std::enable_if<!T7, void>::type internal::gemvx::kernel<int, int, float, float, float, float, (bool)0, (bool)1, (bool)1, (bool)0, (int)7, (bool)0, cublasGemvParamsEx<int, cublasGemvTensorStridedBatched<const float>, cublasGemvTensorStridedBatched<const float>, cublasGemvTensorStridedBatched<float>, float>>(T13)",3.283,2026-09-11T18:05:41.270517,"32,1,1","32,4,1",159,528,0,528,,,,,,,,,,,,,,,,,,,
badd_f32,1.116,2026-09-11T18:05:41.270531,"1,1,1","1024,1,1",38,0,0,0,,,,,,,,,,,,,,,,,,,
urelu_f32,1.084,2026-09-11T18:05:41.270544,"1,1,1","1024,1,1",24,0,0,0,,,,,,,,,,,,,,,,,,,
im2col1d_f32,2.104,2026-09-11T18:05:41.270557,"1,1,1","1024,1,1",40,0,0,0,,,,,,,,,,,,,,,,,,,
ampere_sgemm_32x32_sliced1x4_tn,2.902,2026-09-11T18:05:41.270570,"1,12,6","128,1,1",86,32768,32768,0,,,,,,,,,,,,,,,,,,,
"void cublasLt::splitKreduce_kernel<(int)32, (int)16, int, float, float, float, float, (bool)0, float, float, float, (bool)1, (bool)0, (bool)0>(cublasLt::cublasSplitKParams<T6>, const T4 *, const T10 *, T9 *, T5 *, const T6 *, const T6 *, const T11 *, const T4 *, T11 *, void *, long, T6 *, int *, T6 *, T6 *, const T6 *, const T6 *, const T6 *, const T6 *, const T6 *)",1.562,2026-09-11T18:05:41.270583,"1,23,1","32,16,1",44,0,0,0,,,,,,,,,,,,,,,,,,,
ucopy_f32,2.136,2026-09-11T18:05:41.270596,"3,1,1","1024,1,1",24,0,0,0,,,,,,,,,,,,,,,,,,,
badd_f32,2.487,2026-09-11T18:05:41.270609,"3,1,1","1024,1,1",38,0,0,0,,,,,,,,,,,,,,,,,,,
urelu_f32,1.147,2026-09-11T18:05:41.270622,"3,1,1","1024,1,1",24,0,0,0,,,,,,,,,,,,,,,,,,,
im2col1d_f32,2.232,2026-09-11T18:05:41.270636,"2,1,1","1024,1,1",40,0,0,0,,,,,,,,,,,,,,,,,,,
ampere_sgemm_32x32_sliced1x4_tn,3.444,2026-09-11T18:05:41.270649,"1,6,24","128,1,1",86,32768,32768,0,,,,,,,,,,,,,,,,,,,
"void cublasLt::splitKreduce_kernel<(int)32, (int)16, int, float, float, float, float, (bool)0, float, float, float, (bool)1, (bool)0, (bool)0>(cublasLt::cublasSplitKParams<T6>, const T4 *, const T10 *, T9 *, T5 *, const T6 *, const T6 *, const T11 *, const T4 *, T11 *, void *, long, T6 *, int *, T6 *, T6 *, const T6 *, const T6 *, const T6 *, const T6 *, const T6 *)",1.626,2026-09-11T18:05:41.270662,"1,12,1","32,16,1",44,0,0,0,,,,,,,,,,,,,,,,,,,
ucopy_f32,2.168,2026-09-11T18:05:41.270682,"3,1,1","1024,1,1",24,0,0,0,,,,,,,,,,,,,,,,,,,
badd_f32,2.455,2026-09-11T18:05:41.270699,"3,1,1","1024,1,1",38,0,0,0,,,,,,,,,,,,,,,,,,,
urelu_f32,1.18,2026-09-11T18:05:41.270713,"3,1,1","1024,1,1",24,0,0,0,,,,,,,,,,,,,,,,,,,
im2col1d_f32,2.295,2026-09-11T18:05:41.270726,"2,1,1","1024,1,1",40,0,0,0,,,,,,,,,,,,,,,,,,,
ampere_sgemm_32x32_sliced1x4_tn,3.347,2026-09-11T18:05:41.270740,"1,3,48","128,1,1",86,32768,32768,0,,,,,,,,,,,,,,,,,,,
"void cublasLt::splitKreduce_kernel<(int)32, (int)16, int, float, float, float, float, (bool)0, float, float, float, (bool)1, (bool)0, (bool)0>(cublasLt::cublasSplitKParams<T6>, const T4 *, const T10 *, T9 *, T5 *, const T6 *, const T6 *, const T11 *, const T4 *, T11 *, void *, long, T6 *, int *, T6 *, T6 *, const T6 *, const T6 *, const T6 *, const T6 *, const T6 *)",2.487,2026-09-11T18:05:41.270753,"1,6,1","32,16,1",44,0,0,0,,,,,,,,,,,,,,,,,,,
ucopy_f32,2.296,2026-09-11T18:05:41.270767,"3,1,1","1024,1,1",24,0,0,0,,,,,,,,,,,,,,,,,,,
badd_f32,2.487,2026-09-11T18:05:41.270783,"3,1,1","1024,1,1",38,0,0,0,,,,,,,,,,,,,,,,,,,
urelu_f32,1.148,2026-09-11T18:05:41.270806,"3,1,1","1024,1,1",24,0,0,0,,,,,,,,,,,,,,,,,,,
"void dot_kernel<float, (int)128, (int)0, cublasDotParams<cublasGemvTensorStridedBatched<const float>, cublasGemvTensorStridedBatched<float>>>(T4)",2.614,2026-09-11T18:05:41.270822,"18,1,96","128,1,1",28,512,512,0,,,,,,,,,,,,,,,,,,,
"void reduce_1Block_kernel<float, (int)128, (int)7, cublasGemvTensorStridedBatched<float>, cublasGemvTensorStridedBatched<const float>, cublasGemvTensorStridedBatched<float>>(const T1 *, T1, T4, int, const T1 *, T1, T5, T6, cublasPointerMode_t, cublasLtEpilogue_t, cublasGemvTensorStridedBatched<const biasType<T6::value_type, T1>::type>)",1.307,2026-09-11T18:05:41.270836,"1,1,96","128,1,1",28,768,768,0,,,,,,,,,,,,,,,,,,,
badd_f32,1.116,2026-09-11T18:05:41.270849,"1,1,1","1024,1,1",38,0,0,0,,,,,,,,,,,,,,,,,,,
urelu_f32,1.084,2026-09-11T18:05:41.270862,"1,1,1","1024,1,1",24,0,0,0,,,,,,,,,,,,,,,,,,,
"std::enable_if<!T7, void>::type internal::gemvx::kernel<int, int, float, float, float, float, (bool)0, (bool)1, (bool)1, (bool)0, (int)6, (bool)0, cublasGemvParamsEx<int, cublasGemvTensorStridedBatched<const float>, cublasGemvTensorStridedBatched<const float>, cublasGemvTensorStridedBatched<float>, float>>(T13)",1.658,2026-09-11T18:05:41.270875,"2,1,1","4,16,1",166,320,0,320,,,,,,,,,,,,,,,,,,,
badd_f32,1.116,2026-09-11T18:05:41.270888,"1,1,1","1024,1,1",38,0,0,0,,,,,,,,,,,,,,,,,,,
urelu_f32,1.084,2026-09-11T18:05:41.270901,"1,1,1","1024,1,1",24,0,0,0,,,,,,,,,,,,,,,,,,,
copy2d_f32,1.084,2026-09-11T18:05:41.270914,"1,1,1","1024,1,1",16,0,0,0,,,,,,,,,,,,,,,,,,,
copy2d_f32,1.083,2026-09-11T18:05:41.270927,"1,1,1","1024,1,1",16,0,0,0,,,,,,,,,,,,,,,,,,,
copy2d_f32,1.052,2026-09-11T18:05:41.270940,"1,1,1","1024,1,1",16,0,0,0,,,,,,,,,,,,,,,,,,,
layernorm_f32,2.614,2026-09-11T18:05:41.270954,"1,1,1","32,1,1",28,256,256,0,,,,,,,,,,,,,,,,,,,
copy2d_f32,1.116,2026-09-11T18:05:41.270967,"1,1,1","1024,1,1",16,0,0,0,,,,,,,,,,,,,,,,,,,
copy2d_f32,1.052,2026-09-11T18:05:41.270980,"1,1,1","1024,1,1",16,0,0,0,,,,,,,,,,,,,,,,,,,
copy2d_f32,1.083,2026-09-11T18:05:41.270994,"1,1,1","1024,1,1",16,0,0,0,,,,,,,,,,,,,,,,,,,
"std::enable_if<!T7, void>::type internal::gemvx::kernel<int, int, float, float, float, float, (bool)0, (bool)1, (bool)1, (bool)0, (int)8, (bool)0, cublasGemvParamsEx<int, cublasGemvTensorStridedBatched<const float>, cublasGemvTensorStridedBatched<const float>, cublasGemvTensorStridedBatched<float>, float>>(T13)",2.742,2026-09-11T18:05:41.271007,"32,1,1","16,16,1",159,1088,0,1088,,,,,,,,,,,,,,,,,,,
badd_f32,1.244,2026-09-11T18:05:41.271021,"1,1,1","1024,1,1",38,0,0,0,,,,,,,,,,,,,,,,,,,
urelu_f32,1.148,2026-09-11T18:05:41.271034,"1,1,1","1024,1,1",24,0,0,0,,,,,,,,,,,,,,,,,,,
"void gemv2T_kernel_val<int, int, float, float, float, float, (int)128, (int)16, (int)2, (int)2, (bool)0, (bool)0, cublasGemvParamsEx<int, cublasGemvTensorStridedBatched<const float>, cublasGemvTensorStridedBatched<const float>, cublasGemvTensorStridedBatched<float>, float>>(T13, T6, T6)",2.55,2026-09-11T18:05:41.271048,"64,1,1","128,1,1",47,1536,1536,0,,,,,,,,,,,,,,,,,,,
badd_f32,1.276,2026-09-11T18:05:41.271061,"1,1,1","1024,1,1",38,0,0,0,,,,,,,,,,,,,,,,,,,
bmaximum_f32,2.009,2026-09-11T18:05:41.271074,"1,1,1","1024,1,1",38,0,0,0,,,,,,,,,,,,,,,,,,,
bminimum_f32,1.977,2026-09-11T18:05:41.271109,"1,1,1","1024,1,1",38,0,0,0,,,,,,,,,,,,,,,,,,,
"std::enable_if<!T7, void>::type internal::gemvx::kernel<int, int, float, float, float, float, (bool)0, (bool)1, (bool)1, (bool)0, (int)8, (bool)0, cublasGemvParamsEx<int, cublasGemvTensorStridedBatched<const float>, cublasGemvTensorStridedBatched<const float>, cublasGemvTensorStridedBatched<float>, float>>(T13)",3.061,2026-09-11T18:05:41.271127,"64,1,1","16,16,1",159,1088,0,1088,,,,,,,,,,,,,,,,,,,
badd_f32,1.211,2026-09-11T18:05:41.271142,"1,1,1","1024,1,1",38,0,0,0,,,,,,,,,,,,,,,,,,,
"std::enable_if<!T7, void>::type internal::gemvx::kernel<int, int, float, float, float, float, (bool)0, (bool)1, (bool)1, (bool)0, (int)8, (bool)0, cublasGemvParamsEx<int, cublasGemvTensorStridedBatched<const float>, cublasGemvTensorStridedBatched<const float>, cublasGemvTensorStridedBatched<float>, float>>(T13)",2.136,2026-09-11T18:05:41.271155,"32,1,1","16,16,1",159,1088,0,1088,,,,,,,,,,,,,,,,,,,
badd_f32,1.148,2026-09-11T18:05:41.271169,"1,1,1","1024,1,1",38,0,0,0,,,,,,,,,,,,,,,,,,,
urelu_f32,1.18,2026-09-11T18:05:41.271182,"1,1,1","1024,1,1",24,0,0,0,,,,,,,,,,,,,,,,,,,
"void gemv2T_kernel_val<int, int, float, float, float, float, (int)128, (int)16, (int)4, (int)4, (bool)0, (bool)0, cublasGemvParamsEx<int, cublasGemvTensorStridedBatched<const float>, cublasGemvTensorStridedBatched<const float>, cublasGemvTensorStridedBatched<float>, float>>(T13, T6, T6)",3.89,2026-09-11T18:05:41.271197,"512,1,1","128,1,1",59,2560,2560,0,,,,,,,,,,,,,,,,,,,
badd_f32,1.275,2026-09-11T18:05:41.271211,"4,1,1","1024,1,1",38,0,0,0,,,,,,,,,,,,,,,,,,,
copy2d_f32,1.116,2026-09-11T18:05:41.271224,"1,1,1","1024,1,1",16,0,0,0,,,,,,,,,,,,,,,,,,,
copy2d_f32,1.053,2026-09-11T18:05:41.271237,"1,1,1","1024,1,1",16,0,0,0,,,,,,,,,,,,,,,,,,,
copy2d_f32,1.084,2026-09-11T18:05:41.271250,"1,1,1","1024,1,1",16,0,0,0,,,,,,,,,,,,,,,,,,,
copy2d_f32,1.179,2026-09-11T18:05:41.271263,"1,1,1","1024,1,1",16,0,0,0,,,,,,,,,,,,,,,,,,,
copy2d_f32,1.147,2026-09-11T18:05:41.271276,"4,1,1","1024,1,1",16,0,0,0,,,,,,,,,,,,,,,,,,,
im2col_f32,2.296,2026-09-11T18:05:41.271289,"7,1,1","1024,1,1",36,0,0,0,,,,,,,,,,,,,,,,,,,
ampere_sgemm_32x32_sliced1x4_tn,3.507,2026-09-11T18:05:41.271302,"1,24,9","128,1,1",86,32768,32768,0,,,,,,,,,,,,,,,,,,,
"void cublasLt::splitKreduce_kernel<(int)32, (int)16, int, float, float, float, float, (bool)0, float, float, float, (bool)1, (bool)0, (bool)0>(cublasLt::cublasSplitKParams<T6>, const T4 *, const T10 *, T9 *, T5 *, const T6 *, const T6 *, const T11 *, const T4 *, T11 *, void *, long, T6 *, int *, T6 *, T6 *, const T6 *, const T6 *, const T6 *, const T6 *, const T6 *)",1.531,2026-09-11T18:05:41.271315,"1,48,1","32,16,1",44,0,0,0,,,,,,,,,,,,,,,,,,,
ucopy_f32,2.391,2026-09-11T18:05:41.271330,"6,1,1","1024,1,1",24,0,0,0,,,,,,,,,,,,,,,,,,,
badd_f32,2.742,2026-09-11T18:05:41.271344,"6,1,1","1024,1,1",38,0,0,0,,,,,,,,,,,,,,,,,,,
urelu_f32,1.211,2026-09-11T18:05:41.271357,"6,1,1","1024,1,1",24,0,0,0,,,,,,,,,,,,,,,,,,,
im2col_f32,2.327,2026-09-11T18:05:41.271371,"14,1,1","1024,1,1",36,0,0,0,,,,,,,,,,,,,,,,,,,
ampere_sgemm_32x32_sliced1x4_tn,3.284,2026-09-11T18:05:41.271384,"1,6,36","128,1,1",86,32768,32768,0,,,,,,,,,,,,,,,,,,,
"void cublasLt::splitKreduce_kernel<(int)32, (int)16, int, float, float, float, float, (bool)0, float, float, float, (bool)1, (bool)0, (bool)0>(cublasLt::cublasSplitKParams<T6>, const T4 *, const T10 *, T9 *, T5 *, const T6 *, const T6 *, const T11 *, const T4 *, T11 *, void *, long, T6 *, int *, T6 *, T6 *, const T6 *, const T6 *, const T6 *, const T6 *, const T6 *)",1.914,2026-09-11T18:05:41.271397,"1,12,1","32,16,1",44,0,0,0,,,,,,,,,,,,,,,,,,,
ucopy_f32,2.327,2026-09-11T18:05:41.271412,"3,1,1","1024,1,1",24,0,0,0,,,,,,,,,,,,,,,,,,,
badd_f32,2.678,2026-09-11T18:05:41.271425,"3,1,1","1024,1,1",38,0,0,0,,,,,,,,,,,,,,,,,,,
urelu_f32,1.148,2026-09-11T18:05:41.271437,"3,1,1","1024,1,1",24,0,0,0,,,,,,,,,,,,,,,,,,,
im2col_f32,2.296,2026-09-11T18:05:41.271450,"7,1,1","1024,1,1",36,0,0,0,,,,,,,,,,,,,,,,,,,
ampere_sgemm_32x32_sliced1x4_tn,3.252,2026-09-11T18:05:41.271463,"1,2,72","128,1,1",86,32768,32768,0,,,,,,,,,,,,,,,,,,,
"void cublasLt::splitKreduce_kernel<(int)32, (int)16, int, float, float, float, float, (bool)0, float, float, float, (bool)1, (bool)0, (bool)0>(cublasLt::cublasSplitKParams<T6>, const T4 *, const T10 *, T9 *, T5 *, const T6 *, const T6 *, const T11 *, const T4 *, T11 *, void *, long, T6 *, int *, T6 *, T6 *, const T6 *, const T6 *, const T6 *, const T6 *, const T6 *)",3.157,2026-09-11T18:05:41.271476,"1,3,1","32,16,1",44,0,0,0,,,,,,,,,,,,,,,,,,,
ucopy_f32,2.487,2026-09-11T18:05:41.271489,"2,1,1","1024,1,1",24,0,0,0,,,,,,,,,,,,,,,,,,,
badd_f32,2.646,2026-09-11T18:05:41.271502,"2,1,1","1024,1,1",38,0,0,0,,,,,,,,,,,,,,,,,,,
urelu_f32,1.148,2026-09-11T18:05:41.271515,"2,1,1","1024,1,1",24,0,0,0,,,,,,,,,,,,,,,,,,,
"std::enable_if<!T7, void>::type internal::gemvx::kernel<int, int, float, float, float, float, (bool)0, (bool)1, (bool)1, (bool)0, (int)7, (bool)0, cublasGemvParamsEx<int, cublasGemvTensorStridedBatched<const float>, cublasGemvTensorStridedBatched<const float>, cublasGemvTensorStridedBatched<float>, float>>(T13)",2.678,2026-09-11T18:05:41.271529,"32,1,1","32,4,1",159,528,0,528,,,,,,,,,,,,,,,,,,,
badd_f32,1.115,2026-09-11T18:05:41.271542,"1,1,1","1024,1,1",38,0,0,0,,,,,,,,,,,,,,,,,,,
urelu_f32,1.084,2026-09-11T18:05:41.271555,"1,1,1","1024,1,1",24,0,0,0,,,,,,,,,,,,,,,,,,,
im2col1d_f32,2.105,2026-09-11T18:05:41.271569,"1,1,1","1024,1,1",40,0,0,0,,,,,,,,,,,,,,,,,,,
ampere_sgemm_32x32_sliced1x4_tn,2.773,2026-09-11T18:05:41.271582,"1,12,6","128,1,1",86,32768,32768,0,,,,,,,,,,,,,,,,,,,
"void cublasLt::splitKreduce_kernel<(int)32, (int)16, int, float, float, float, float, (bool)0, float, float, float, (bool)1, (bool)0, (bool)0>(cublasLt::cublasSplitKParams<T6>, const T4 *, const T10 *, T9 *, T5 *, const T6 *, const T6 *, const T11 *, const T4 *, T11 *, void *, long, T6 *, int *, T6 *, T6 *, const T6 *, const T6 *, const T6 *, const T6 *, const T6 *)",1.498,2026-09-11T18:05:41.271595,"1,23,1","32,16,1",44,0,0,0,,,,,,,,,,,,,,,,,,,
ucopy_f32,2.104,2026-09-11T18:05:41.271607,"3,1,1","1024,1,1",24,0,0,0,,,,,,,,,,,,,,,,,,,
badd_f32,2.455,2026-09-11T18:05:41.271620,"3,1,1","1024,1,1",38,0,0,0,,,,,,,,,,,,,,,,,,,
urelu_f32,1.148,2026-09-11T18:05:41.271633,"3,1,1","1024,1,1",24,0,0,0,,,,,,,,,,,,,,,,,,,
im2col1d_f32,2.328,2026-09-11T18:05:41.271645,"2,1,1","1024,1,1",40,0,0,0,,,,,,,,,,,,,,,,,,,
ampere_sgemm_32x32_sliced1x4_tn,3.443,2026-09-11T18:05:41.271658,"1,6,24","128,1,1",86,32768,32768,0,,,,,,,,,,,,,,,,,,,
"void cublasLt::splitKreduce_kernel<(int)32, (int)16, int, float, float, float, float, (bool)0, float, float, float, (bool)1, (bool)0, (bool)0>(cublasLt::cublasSplitKParams<T6>, const T4 *, const T10 *, T9 *, T5 *, const T6 *, const T6 *, const T11 *, const T4 *, T11 *, void *, long, T6 *, int *, T6 *, T6 *, const T6 *, const T6 *, const T6 *, const T6 *, const T6 *)",1.625,2026-09-11T18:05:41.271671,"1,12,1","32,16,1",44,0,0,0,,,,,,,,,,,,,,,,,,,
ucopy_f32,2.137,2026-09-11T18:05:41.271684,"3,1,1","1024,1,1",24,0,0,0,,,,,,,,,,,,,,,,,,,
badd_f32,2.455,2026-09-11T18:05:41.271698,"3,1,1","1024,1,1",38,0,0,0,,,,,,,,,,,,,,,,,,,
urelu_f32,1.148,2026-09-11T18:05:41.271711,"3,1,1","1024,1,1",24,0,0,0,,,,,,,,,,,,,,,,,,,
im2col1d_f32,2.264,2026-09-11T18:05:41.271724,"2,1,1","1024,1,1",40,0,0,0,,,,,,,,,,,,,,,,,,,
ampere_sgemm_32x32_sliced1x4_tn,3.348,2026-09-11T18:05:41.271737,"1,3,48","128,1,1",86,32768,32768,0,,,,,,,,,,,,,,,,,,,
"void cublasLt::splitKreduce_kernel<(int)32, (int)16, int, float, float, float, float, (bool)0, float, float, float, (bool)1, (bool)0, (bool)0>(cublasLt::cublasSplitKParams<T6>, const T4 *, const T10 *, T9 *, T5 *, const T6 *, const T6 *, const T11 *, const T4 *, T11 *, void *, long, T6 *, int *, T6 *, T6 *, const T6 *, const T6 *, const T6 *, const T6 *, const T6 *)",2.519,2026-09-11T18:05:41.271750,"1,6,1","32,16,1",44,0,0,0,,,,,,,,,,,,,,,,,,,
ucopy_f32,2.327,2026-09-11T18:05:41.271763,"3,1,1","1024,1,1",24,0,0,0,,,,,,,,,,,,,,,,,,,
badd_f32,2.487,2026-09-11T18:05:41.271776,"3,1,1","1024,1,1",38,0,0,0,,,,,,,,,,,,,,,,,,,
urelu_f32,1.147,2026-09-11T18:05:41.271789,"3,1,1","1024,1,1",24,0,0,0,,,,,,,,,,,,,,,,,,,
"void dot_kernel<float, (int)128, (int)0, cublasDotParams<cublasGemvTensorStridedBatched<const float>, cublasGemvTensorStridedBatched<float>>>(T4)",2.646,2026-09-11T18:05:41.271802,"18,1,96","128,1,1",28,512,512,0,,,,,,,,,,,,,,,,,,,
"void reduce_1Block_kernel<float, (int)128, (int)7, cublasGemvTensorStridedBatched<float>, cublasGemvTensorStridedBatched<const float>, cublasGemvTensorStridedBatched<float>>(const T1 *, T1, T4, int, const T1 *, T1, T5, T6, cublasPointerMode_t, cublasLtEpilogue_t, cublasGemvTensorStridedBatched<const biasType<T6::value_type, T1>::type>)",1.307,2026-09-11T18:05:41.271815,"1,1,96","128,1,1",28,768,768,0,,,,,,,,,,,,,,,,,,,
badd_f32,1.116,2026-09-11T18:05:41.271829,"1,1,1","1024,1,1",38,0,0,0,,,,,,,,,,,,,,,,,,,
urelu_f32,1.084,2026-09-11T18:05:41.271842,"1,1,1","1024,1,1",24,0,0,0,,,,,,,,,,,,,,,,,,,
"std::enable_if<!T7, void>::type internal::gemvx::kernel<int, int, float, float, float, float, (bool)0, (bool)1, (bool)1, (bool)0, (int)6, (bool)0, cublasGemvParamsEx<int, cublasGemvTensorStridedBatched<const float>, cublasGemvTensorStridedBatched<const float>, cublasGemvTensorStridedBatched<float>, float>>(T13)",1.69,2026-09-11T18:05:41.271856,"2,1,1","4,16,1",166,320,0,320,,,,,,,,,,,,,,,,,,,
badd_f32,1.116,2026-09-11T18:05:41.271870,"1,1,1","1024,1,1",38,0,0,0,,,,,,,,,,,,,,,,,,,
urelu_f32,1.084,2026-09-11T18:05:41.271883,"1,1,1","1024,1,1",24,0,0,0,,,,,,,,,,,,,,,,,,,
copy2d_f32,1.052,2026-09-11T18:05:41.271896,"1,1,1","1024,1,1",16,0,0,0,,,,,,,,,,,,,,,,,,,
copy2d_f32,1.052,2026-09-11T18:05:41.271909,"1,1,1","1024,1,1",16,0,0,0,,,,,,,,,,,,,,,,,,,
copy2d_f32,1.052,2026-09-11T18:05:41.271922,"1,1,1","1024,1,1",16,0,0,0,,,,,,,,,,,,,,,,,,,
layernorm_f32,2.614,2026-09-11T18:05:41.271938,"1,1,1","32,1,1",28,256,256,0,,,,,,,,,,,,,,,,,,,
copy2d_f32,1.084,2026-09-11T18:05:41.271951,"1,1,1","1024,1,1",16,0,0,0,,,,,,,,,,,,,,,,,,,
copy2d_f32,1.084,2026-09-11T18:05:41.271964,"1,1,1","1024,1,1",16,0,0,0,,,,,,,,,,,,,,,,,,,
copy2d_f32,1.084,2026-09-11T18:05:41.271997,"1,1,1","1024,1,1",16,0,0,0,,,,,,,,,,,,,,,,,,,
"std::enable_if<!T7, void>::type internal::gemvx::kernel<int, int, float, float, float, float, (bool)0, (bool)1, (bool)1, (bool)0, (int)8, (bool)0, cublasGemvParamsEx<int, cublasGemvTensorStridedBatched<const float>, cublasGemvTensorStridedBatched<const float>, cublasGemvTensorStridedBatched<float>, float>>(T13)",2.008,2026-09-11T18:05:41.272014,"32,1,1","16,16,1",159,1088,0,1088,,,,,,,,,,,,,,,,,,,
badd_f32,1.18,2026-09-11T18:05:41.272028,"1,1,1","1024,1,1",38,0,0,0,,,,,,,,,,,,,,,,,,,
urelu_f32,1.116,2026-09-11T18:05:41.272042,"1,1,1","1024,1,1",24,0,0,0,,,,,,,,,,,,,,,,,,,
"void gemv2T_kernel_val<int, int, float, float, float, float, (int)128, (int)16, (int)2, (int)2, (bool)0, (bool)0, cublasGemvParamsEx<int, cublasGemvTensorStridedBatched<const float>, cublasGemvTensorStridedBatched<const float>, cublasGemvTensorStridedBatched<float>, float>>(T13, T6, T6)",2.55,2026-09-11T18:05:41.272055,"64,1,1","128,1,1",47,1536,1536,0,,,,,,,,,,,,,,,,,,,
badd_f32,1.147,2026-09-11T18:05:41.272070,"1,1,1","1024,1,1",38,0,0,0,,,,,,,,,,,,,,,,,,,
bmaximum_f32,2.009,2026-09-11T18:05:41.272083,"1,1,1","1024,1,1",38,0,0,0,,,,,,,,,,,,,,,,,,,
bminimum_f32,2.009,2026-09-11T18:05:41.272096,"1,1,1","1024,1,1",38,0,0,0,,,,,,,,,,,,,,,,,,,
"std::enable_if<!T7, void>::type internal::gemvx::kernel<int, int, float, float, float, float, (bool)0, (bool)1, (bool)1, (bool)0, (int)8, (bool)0, cublasGemvParamsEx<int, cublasGemvTensorStridedBatched<const float>, cublasGemvTensorStridedBatched<const float>, cublasGemvTensorStridedBatched<float>, float>>(T13)",1.881,2026-09-11T18:05:41.272109,"64,1,1","16,16,1",159,1088,0,1088,,,,,,,,,,,,,,,,,,,
badd_f32,1.211,2026-09-11T18:05:41.272122,"1,1,1","1024,1,1",38,0,0,0,,,,,,,,,,,,,,,,,,,
"std::enable_if<!T7, void>::type internal::gemvx::kernel<int, int, float, float, float, float, (bool)0, (bool)1, (bool)1, (bool)0, (int)8, (bool)0, cublasGemvParamsEx<int, cublasGemvTensorStridedBatched<const float>, cublasGemvTensorStridedBatched<const float>, cublasGemvTensorStridedBatched<float>, float>>(T13)",2.008,2026-09-11T18:05:41.272135,"32,1,1","16,16,1",159,1088,0,1088,,,,,,,,,,,,,,,,,,,
badd_f32,1.148,2026-09-11T18:05:41.272148,"1,1,1","1024,1,1",38,0,0,0,,,,,,,,,,,,,,,,,,,
urelu_f32,1.116,2026-09-11T18:05:41.272162,"1,1,1","1024,1,1",24,0,0,0,,,,,,,,,,,,,,,,,,,
"void gemv2T_kernel_val<int, int, float, float, float, float, (int)128, (int)16, (int)4, (int)4, (bool)0, (bool)0, cublasGemvParamsEx<int, cublasGemvTensorStridedBatched<const float>, cublasGemvTensorStridedBatched<const float>, cublasGemvTensorStridedBatched<float>, float>>(T13, T6, T6)",3.889,2026-09-11T18:05:41.272215,"512,1,1","128,1,1",59,2560,2560,0,,,,,,,,,,,,,,,,,,,
badd_f32,1.212,2026-09-11T18:05:41.272230,"4,1,1","1024,1,1",38,0,0,0,,,,,,,,,,,,,,,,,,,
copy2d_f32,1.116,2026-09-11T18:05:41.272244,"1,1,1","1024,1,1",16,0,0,0,,,,,,,,,,,,,,,,,,,
copy2d_f32,1.084,2026-09-11T18:05:41.272258,"1,1,1","1024,1,1",16,0,0,0,,,,,,,,,,,,,,,,,,,
copy2d_f32,1.085,2026-09-11T18:05:41.272285,"1,1,1","1024,1,1",16,0,0,0,,,,,,,,,,,,,,,,,,,
copy2d_f32,1.148,2026-09-11T18:05:41.272298,"1,1,1","1024,1,1",16,0,0,0,,,,,,,,,,,,,,,,,,,
copy2d_f32,1.147,2026-09-11T18:05:41.272655,"4,1,1","1024,1,1",16,0,0,0,,,,,,,,,,,,,,,,,,,
