kernel_name,duration_us,timestamp,grid_size,block_size,registers_per_thread,shared_mem_bytes,static_shared_mem_bytes,dynamic_shared_mem_bytes,occupancy,memory_throughput_gbps,compute_throughput_pct,l1_hit_rate,l1_bytes_total,l1_utilization,l2_hit_rate,l2_bytes_total,l2_bytes_miss,l2_utilization,dram_read_bytes,dram_write_bytes,dram_utilization,global_load_efficiency,global_store_efficiency,global_load_transactions,global_store_transactions,shared_utilization,shared_bank_conflicts
"void generate_seed_pseudo<rng_config<curandStateXORWOW, (curandOrdering)101>>(unsigned long long, unsigned long long, unsigned long long, curandOrdering, curandStateXORWOW *, unsigned int *)",90.079,2026-09-11T18:05:34.796673,"64,1,1","64,1,1",40,0,0,0,,,,,,,,,,,,,,,,,,,
"void gen_sequenced<curandStateXORWOW, float2, normal_args_st, &curand_normal_scaled2<curandStateXORWOW>, rng_config<curandStateXORWOW, (curandOrdering)101>>(T1 *, T2 *, unsigned long, unsigned long, T3)",1.726,2026-09-11T18:05:34.796714,"64,1,1","64,1,1",26,0,0,0,,,,,,,,,,,,,,,,,,,
"void gen_sequenced<curandStateXORWOW, float, int, &curand_uniform_noargs<curandStateXORWOW>, rng_config<curandStateXORWOW, (curandOrdering)101>>(T1 *, T2 *, unsigned long, unsigned long, T3)",1.183,2026-09-11T18:05:34.796732,"64,1,1","64,1,1",38,0,0,0,,,,,,,,,,,,,,,,,,,
affine_f32,1.151,2026-09-11T18:05:34.796748,"1,1,1","1024,1,1",24,0,0,0,,,,,,,,,,,,,,,,,,,
"void gen_sequenced<curandStateXORWOW, float2, normal_args_st, &curand_normal_scaled2<curandStateXORWOW>, rng_config<curandStateXORWOW, (curandOrdering)101>>(T1 *, T2 *, unsigned long, unsigned long, T3)",1.47,2026-09-11T18:05:34.796762,"64,1,1","64,1,1",26,0,0,0,,,,,,,,,,,,,,,,,,,
"void gen_sequenced<curandStateXORWOW, float, int, &curand_uniform_noargs<curandStateXORWOW>, rng_config<curandStateXORWOW, (curandOrdering)101>>(T1 *, T2 *, unsigned long, unsigned long, T3)",1.087,2026-09-11T18:05:34.796777,"64,1,1","64,1,1",38,0,0,0,,,,,,,,,,,,,,,,,,,
affine_f32,1.086,2026-09-11T18:05:34.796805,"1,1,1","1024,1,1",24,0,0,0,,,,,,,,,,,,,,,,,,,
"void gen_sequenced<curandStateXORWOW, float2, normal_args_st, &curand_normal_scaled2<curandStateXORWOW>, rng_config<curandStateXORWOW, (curandOrdering)101>>(T1 *, T2 *, unsigned long, unsigned long, T3)",1.343,2026-09-11T18:05:34.796821,"64,1,1","64,1,1",26,0,0,0,,,,,,,,,,,,,,,,,,,
"void gen_sequenced<curandStateXORWOW, float, int, &curand_uniform_noargs<curandStateXORWOW>, rng_config<curandStateXORWOW, (curandOrdering)101>>(T1 *, T2 *, unsigned long, unsigned long, T3)",1.118,2026-09-11T18:05:34.796838,"64,1,1","64,1,1",38,0,0,0,,,,,,,,,,,,,,,,,,,
affine_f32,1.055,2026-09-11T18:05:34.796852,"1,1,1","1024,1,1",24,0,0,0,,,,,,,,,,,,,,,,,,,
"void gen_sequenced<curandStateXORWOW, float2, normal_args_st, &curand_normal_scaled2<curandStateXORWOW>, rng_config<curandStateXORWOW, (curandOrdering)101>>(T1 *, T2 *, unsigned long, unsigned long, T3)",3.836,2026-09-11T18:05:34.796865,"64,1,1","64,1,1",26,0,0,0,,,,,,,,,,,,,,,,,,,
"void gen_sequenced<curandStateXORWOW, float, int, &curand_uniform_noargs<curandStateXORWOW>, rng_config<curandStateXORWOW, (curandOrdering)101>>(T1 *, T2 *, unsigned long, unsigned long, T3)",1.023,2026-09-11T18:05:34.796878,"64,1,1","64,1,1",38,0,0,0,,,,,,,,,,,,,,,,,,,
affine_f32,1.086,2026-09-11T18:05:34.796892,"1,1,1","1024,1,1",24,0,0,0,,,,,,,,,,,,,,,,,,,
"void gen_sequenced<curandStateXORWOW, float2, normal_args_st, &curand_normal_scaled2<curandStateXORWOW>, rng_config<curandStateXORWOW, (curandOrdering)101>>(T1 *, T2 *, unsigned long, unsigned long, T3)",1.087,2026-09-11T18:05:34.796905,"64,1,1","64,1,1",26,0,0,0,,,,,,,,,,,,,,,,,,,
"void gen_sequenced<curandStateXORWOW, float, int, &curand_uniform_noargs<curandStateXORWOW>, rng_config<curandStateXORWOW, (curandOrdering)101>>(T1 *, T2 *, unsigned long, unsigned long, T3)",0.958,2026-09-11T18:05:34.796918,"64,1,1","64,1,1",38,0,0,0,,,,,,,,,,,,,,,,,,,
affine_f32,1.087,2026-09-11T18:05:34.796931,"1,1,1","1024,1,1",24,0,0,0,,,,,,,,,,,,,,,,,,,
"void gen_sequenced<curandStateXORWOW, float2, normal_args_st, &curand_normal_scaled2<curandStateXORWOW>, rng_config<curandStateXORWOW, (curandOrdering)101>>(T1 *, T2 *, unsigned long, unsigned long, T3)",1.151,2026-09-11T18:05:34.796944,"64,1,1","64,1,1",26,0,0,0,,,,,,,,,,,,,,,,,,,
"void gen_sequenced<curandStateXORWOW, float, int, &curand_uniform_noargs<curandStateXORWOW>, rng_config<curandStateXORWOW, (curandOrdering)101>>(T1 *, T2 *, unsigned long, unsigned long, T3)",0.991,2026-09-11T18:05:34.796957,"64,1,1","64,1,1",38,0,0,0,,,,,,,,,,,,,,,,,,,
affine_f32,1.087,2026-09-11T18:05:34.796971,"1,1,1","1024,1,1",24,0,0,0,,,,,,,,,,,,,,,,,,,
"void gen_sequenced<curandStateXORWOW, float2, normal_args_st, &curand_normal_scaled2<curandStateXORWOW>, rng_config<curandStateXORWOW, (curandOrdering)101>>(T1 *, T2 *, unsigned long, unsigned long, T3)",1.151,2026-09-11T18:05:34.796984,"64,1,1","64,1,1",26,0,0,0,,,,,,,,,,,,,,,,,,,
"void gen_sequenced<curandStateXORWOW, float, int, &curand_uniform_noargs<curandStateXORWOW>, rng_config<curandStateXORWOW, (curandOrdering)101>>(T1 *, T2 *, unsigned long, unsigned long, T3)",1.022,2026-09-11T18:05:34.796998,"64,1,1","64,1,1",38,0,0,0,,,,,,,,,,,,,,,,,,,
affine_f32,1.055,2026-09-11T18:05:34.797019,"1,1,1","1024,1,1",24,0,0,0,,,,,,,,,,,,,,,,,,,
"void gen_sequenced<curandStateXORWOW, float2, normal_args_st, &curand_normal_scaled2<curandStateXORWOW>, rng_config<curandStateXORWOW, (curandOrdering)101>>(T1 *, T2 *, unsigned long, unsigned long, T3)",4.347,2026-09-11T18:05:34.797035,"64,1,1","64,1,1",26,0,0,0,,,,,,,,,,,,,,,,,,,
"void gen_sequenced<curandStateXORWOW, float, int, &curand_uniform_noargs<curandStateXORWOW>, rng_config<curandStateXORWOW, (curandOrdering)101>>(T1 *, T2 *, unsigned long, unsigned long, T3)",1.054,2026-09-11T18:05:34.797056,"64,1,1","64,1,1",38,0,0,0,,,,,,,,,,,,,,,,,,,
affine_f32,1.055,2026-09-11T18:05:34.797070,"1,1,1","1024,1,1",24,0,0,0,,,,,,,,,,,,,,,,,,,
"void gen_sequenced<curandStateXORWOW, float2, normal_args_st, &curand_normal_scaled2<curandStateXORWOW>, rng_config<curandStateXORWOW, (curandOrdering)101>>(T1 *, T2 *, unsigned long, unsigned long, T3)",1.15,2026-09-11T18:05:34.797083,"64,1,1","64,1,1",26,0,0,0,,,,,,,,,,,,,,,,,,,
"void gen_sequenced<curandStateXORWOW, float, int, &curand_uniform_noargs<curandStateXORWOW>, rng_config<curandStateXORWOW, (curandOrdering)101>>(T1 *, T2 *, unsigned long, unsigned long, T3)",0.99,2026-09-11T18:05:34.797097,"64,1,1","64,1,1",38,0,0,0,,,,,,,,,,,,,,,,,,,
affine_f32,1.087,2026-09-11T18:05:34.797110,"1,1,1","1024,1,1",24,0,0,0,,,,,,,,,,,,,,,,,,,
const_set_f32,1.023,2026-09-11T18:05:34.797123,"1,1,1","1024,1,1",22,0,0,0,,,,,,,,,,,,,,,,,,,
"void gen_sequenced<curandStateXORWOW, float2, normal_args_st, &curand_normal_scaled2<curandStateXORWOW>, rng_config<curandStateXORWOW, (curandOrdering)101>>(T1 *, T2 *, unsigned long, unsigned long, T3)",2.909,2026-09-11T18:05:34.797136,"64,1,1","64,1,1",26,0,0,0,,,,,,,,,,,,,,,,,,,
"void gen_sequenced<curandStateXORWOW, float, int, &curand_uniform_noargs<curandStateXORWOW>, rng_config<curandStateXORWOW, (curandOrdering)101>>(T1 *, T2 *, unsigned long, unsigned long, T3)",1.119,2026-09-11T18:05:34.797149,"64,1,1","64,1,1",38,0,0,0,,,,,,,,,,,,,,,,,,,
affine_f32,1.183,2026-09-11T18:05:34.797162,"1,1,1","1024,1,1",24,0,0,0,,,,,,,,,,,,,,,,,,,
"void gen_sequenced<curandStateXORWOW, float2, normal_args_st, &curand_normal_scaled2<curandStateXORWOW>, rng_config<curandStateXORWOW, (curandOrdering)101>>(T1 *, T2 *, unsigned long, unsigned long, T3)",4.187,2026-09-11T18:05:34.797175,"64,1,1","64,1,1",26,0,0,0,,,,,,,,,,,,,,,,,,,
"void gen_sequenced<curandStateXORWOW, float, int, &curand_uniform_noargs<curandStateXORWOW>, rng_config<curandStateXORWOW, (curandOrdering)101>>(T1 *, T2 *, unsigned long, unsigned long, T3)",1.055,2026-09-11T18:05:34.797191,"64,1,1","64,1,1",38,0,0,0,,,,,,,,,,,,,,,,,,,
affine_f32,1.119,2026-09-11T18:05:34.797204,"1,1,1","1024,1,1",24,0,0,0,,,,,,,,,,,,,,,,,,,
"void gen_sequenced<curandStateXORWOW, float2, normal_args_st, &curand_normal_scaled2<curandStateXORWOW>, rng_config<curandStateXORWOW, (curandOrdering)101>>(T1 *, T2 *, unsigned long, unsigned long, T3)",4.156,2026-09-11T18:05:34.797216,"64,1,1","64,1,1",26,0,0,0,,,,,,,,,,,,,,,,,,,
"void gen_sequenced<curandStateXORWOW, float, int, &curand_uniform_noargs<curandStateXORWOW>, rng_config<curandStateXORWOW, (curandOrdering)101>>(T1 *, T2 *, unsigned long, unsigned long, T3)",1.055,2026-09-11T18:05:34.797229,"64,1,1","64,1,1",38,0,0,0,,,,,,,,,,,,,,,,,,,
affine_f32,1.151,2026-09-11T18:05:34.797249,"1,1,1","1024,1,1",24,0,0,0,,,,,,,,,,,,,,,,,,,
"void gen_sequenced<curandStateXORWOW, float2, normal_args_st, &curand_normal_scaled2<curandStateXORWOW>, rng_config<curandStateXORWOW, (curandOrdering)101>>(T1 *, T2 *, unsigned long, unsigned long, T3)",2.653,2026-09-11T18:05:34.797265,"64,1,1","64,1,1",26,0,0,0,,,,,,,,,,,,,,,,,,,
"void gen_sequenced<curandStateXORWOW, float, int, &curand_uniform_noargs<curandStateXORWOW>, rng_config<curandStateXORWOW, (curandOrdering)101>>(T1 *, T2 *, unsigned long, unsigned long, T3)",1.055,2026-09-11T18:05:34.797278,"64,1,1","64,1,1",38,0,0,0,,,,,,,,,,,,,,,,,,,
affine_f32,1.119,2026-09-11T18:05:34.797291,"1,1,1","1024,1,1",24,0,0,0,,,,,,,,,,,,,,,,,,,
"void gen_sequenced<curandStateXORWOW, float2, normal_args_st, &curand_normal_scaled2<curandStateXORWOW>, rng_config<curandStateXORWOW, (curandOrdering)101>>(T1 *, T2 *, unsigned long, unsigned long, T3)",25.477,2026-09-11T18:05:34.797304,"64,1,1","64,1,1",26,0,0,0,,,,,,,,,,,,,,,,,,,
"void gen_sequenced<curandStateXORWOW, float, int, &curand_uniform_noargs<curandStateXORWOW>, rng_config<curandStateXORWOW, (curandOrdering)101>>(T1 *, T2 *, unsigned long, unsigned long, T3)",1.119,2026-09-11T18:05:34.797318,"64,1,1","64,1,1",38,0,0,0,,,,,,,,,,,,,,,,,,,
affine_f32,1.214,2026-09-11T18:05:34.797330,"4,1,1","1024,1,1",24,0,0,0,,,,,,,,,,,,,,,,,,,
im2col_f32,2.302,2026-09-11T18:05:34.797344,"7,1,1","1024,1,1",36,0,0,0,,,,,,,,,,,,,,,,,,,
ampere_sgemm_32x32_sliced1x4_tn,3.868,2026-09-11T18:05:34.797357,"1,24,9","128,1,1",86,32768,32768,0,,,,,,,,,,,,,,,,,,,
"void cublasLt::splitKreduce_kernel<(int)32, (int)16, int, float, float, float, float, (bool)0, float, float, float, (bool)1, (bool)0, (bool)0>(cublasLt::cublasSplitKParams<T6>, const T4 *, const T10 *, T9 *, T5 *, const T6 *, const T6 *, const T11 *, const T4 *, T11 *, void *, long, T6 *, int *, T6 *, T6 *, const T6 *, const T6 *, const T6 *, const T6 *, const T6 *)",1.854,2026-09-11T18:05:34.797373,"1,48,1","32,16,1",44,0,0,0,,,,,,,,,,,,,,,,,,,
ucopy_f32,3.037,2026-09-11T18:05:34.797387,"6,1,1","1024,1,1",24,0,0,0,,,,,,,,,,,,,,,,,,,
badd_f32,3.421,2026-09-11T18:05:34.797408,"6,1,1","1024,1,1",38,0,0,0,,,,,,,,,,,,,,,,,,,
urelu_f32,1.214,2026-09-11T18:05:34.797422,"6,1,1","1024,1,1",24,0,0,0,,,,,,,,,,,,,,,,,,,
im2col_f32,2.494,2026-09-11T18:05:34.797436,"14,1,1","1024,1,1",36,0,0,0,,,,,,,,,,,,,,,,,,,
ampere_sgemm_32x32_sliced1x4_tn,3.645,2026-09-11T18:05:34.797449,"1,6,36","128,1,1",86,32768,32768,0,,,,,,,,,,,,,,,,,,,
"void cublasLt::splitKreduce_kernel<(int)32, (int)16, int, float, float, float, float, (bool)0, float, float, float, (bool)1, (bool)0, (bool)0>(cublasLt::cublasSplitKParams<T6>, const T4 *, const T10 *, T9 *, T5 *, const T6 *, const T6 *, const T11 *, const T4 *, T11 *, void *, long, T6 *, int *, T6 *, T6 *, const T6 *, const T6 *, const T6 *, const T6 *, const T6 *)",1.918,2026-09-11T18:05:34.797463,"1,12,1","32,16,1",44,0,0,0,,,,,,,,,,,,,,,,,,,
ucopy_f32,2.334,2026-09-11T18:05:34.797476,"3,1,1","1024,1,1",24,0,0,0,,,,,,,,,,,,,,,,,,,
badd_f32,2.781,2026-09-11T18:05:34.797489,"3,1,1","1024,1,1",38,0,0,0,,,,,,,,,,,,,,,,,,,
urelu_f32,1.151,2026-09-11T18:05:34.797502,"3,1,1","1024,1,1",24,0,0,0,,,,,,,,,,,,,,,,,,,
im2col_f32,2.302,2026-09-11T18:05:34.797515,"7,1,1","1024,1,1",36,0,0,0,,,,,,,,,,,,,,,,,,,
ampere_sgemm_32x32_sliced1x4_tn,3.324,2026-09-11T18:05:34.797529,"1,2,72","128,1,1",86,32768,32768,0,,,,,,,,,,,,,,,,,,,
"void cublasLt::splitKreduce_kernel<(int)32, (int)16, int, float, float, float, float, (bool)0, float, float, float, (bool)1, (bool)0, (bool)0>(cublasLt::cublasSplitKParams<T6>, const T4 *, const T10 *, T9 *, T5 *, const T6 *, const T6 *, const T11 *, const T4 *, T11 *, void *, long, T6 *, int *, T6 *, T6 *, const T6 *, const T6 *, const T6 *, const T6 *, const T6 *)",3.164,2026-09-11T18:05:34.797542,"1,3,1","32,16,1",44,0,0,0,,,,,,,,,,,,,,,,,,,
ucopy_f32,2.461,2026-09-11T18:05:34.797557,"2,1,1","1024,1,1",24,0,0,0,,,,,,,,,,,,,,,,,,,
badd_f32,2.782,2026-09-11T18:05:34.797570,"2,1,1","1024,1,1",38,0,0,0,,,,,,,,,,,,,,,,,,,
urelu_f32,1.15,2026-09-11T18:05:34.797583,"2,1,1","1024,1,1",24,0,0,0,,,,,,,,,,,,,,,,,,,
"std::enable_if<!T7, void>::type internal::gemvx::kernel<int, int, float, float, float, float, (bool)0, (bool)1, (bool)1, (bool)0, (int)7, (bool)0, cublasGemvParamsEx<int, cublasGemvTensorStridedBatched<const float>, cublasGemvTensorStridedBatched<const float>, cublasGemvTensorStridedBatched<float>, float>>(T13)",2.909,2026-09-11T18:05:34.797597,"32,1,1","32,4,1",159,528,0,528,,,,,,,,,,,,,,,,,,,
badd_f32,1.342,2026-09-11T18:05:34.797611,"1,1,1","1024,1,1",38,0,0,0,,,,,,,,,,,,,,,,,,,
urelu_f32,1.151,2026-09-11T18:05:34.797624,"1,1,1","1024,1,1",24,0,0,0,,,,,,,,,,,,,,,,,,,
im2col1d_f32,2.238,2026-09-11T18:05:34.797638,"1,1,1","1024,1,1",40,0,0,0,,,,,,,,,,,,,,,,,,,
ampere_sgemm_32x32_sliced1x4_tn,3.1,2026-09-11T18:05:34.797652,"1,12,6","128,1,1",86,32768,32768,0,,,,,,,,,,,,,,,,,,,
"void cublasLt::splitKreduce_kernel<(int)32, (int)16, int, float, float, float, float, (bool)0, float, float, float, (bool)1, (bool)0, (bool)0>(cublasLt::cublasSplitKParams<T6>, const T4 *, const T10 *, T9 *, T5 *, const T6 *, const T6 *, const T11 *, const T4 *, T11 *, void *, long, T6 *, int *, T6 *, T6 *, const T6 *, const T6 *, const T6 *, const T6 *, const T6 *)",1.566,2026-09-11T18:05:34.797665,"1,23,1","32,16,1",44,0,0,0,,,,,,,,,,,,,,,,,,,
ucopy_f32,2.11,2026-09-11T18:05:34.797678,"3,1,1","1024,1,1",24,0,0,0,,,,,,,,,,,,,,,,,,,
badd_f32,2.558,2026-09-11T18:05:34.797691,"3,1,1","1024,1,1",38,0,0,0,,,,,,,,,,,,,,,,,,,
urelu_f32,1.215,2026-09-11T18:05:34.797704,"3,1,1","1024,1,1",24,0,0,0,,,,,,,,,,,,,,,,,,,
im2col1d_f32,2.301,2026-09-11T18:05:34.797718,"2,1,1","1024,1,1",40,0,0,0,,,,,,,,,,,,,,,,,,,
ampere_sgemm_32x32_sliced1x4_tn,3.484,2026-09-11T18:05:34.797731,"1,6,24","128,1,1",86,32768,32768,0,,,,,,,,,,,,,,,,,,,
"void cublasLt::splitKreduce_kernel<(int)32, (int)16, int, float, float, float, float, (bool)0, float, float, float, (bool)1, (bool)0, (bool)0>(cublasLt::cublasSplitKParams<T6>, const T4 *, const T10 *, T9 *, T5 *, const T6 *, const T6 *, const T11 *, const T4 *, T11 *, void *, long, T6 *, int *, T6 *, T6 *, const T6 *, const T6 *, const T6 *, const T6 *, const T6 *)",1.631,2026-09-11T18:05:34.797751,"1,12,1","32,16,1",44,0,0,0,,,,,,,,,,,,,,,,,,,
ucopy_f32,2.173,2026-09-11T18:05:34.797769,"3,1,1","1024,1,1",24,0,0,0,,,,,,,,,,,,,,,,,,,
badd_f32,2.525,2026-09-11T18:05:34.797782,"3,1,1","1024,1,1",38,0,0,0,,,,,,,,,,,,,,,,,,,
urelu_f32,1.15,2026-09-11T18:05:34.797795,"3,1,1","1024,1,1",24,0,0,0,,,,,,,,,,,,,,,,,,,
im2col1d_f32,2.301,2026-09-11T18:05:34.797809,"2,1,1","1024,1,1",40,0,0,0,,,,,,,,,,,,,,,,,,,
ampere_sgemm_32x32_sliced1x4_tn,3.452,2026-09-11T18:05:34.797862,"1,3,48","128,1,1",86,32768,32768,0,,,,,,,,,,,,,,,,,,,
"void cublasLt::splitKreduce_kernel<(int)32, (int)16, int, float, float, float, float, (bool)0, float, float, float, (bool)1, (bool)0, (bool)0>(cublasLt::cublasSplitKParams<T6>, const T4 *, const T10 *, T9 *, T5 *, const T6 *, const T6 *, const T11 *, const T4 *, T11 *, void *, long, T6 *, int *, T6 *, T6 *, const T6 *, const T6 *, const T6 *, const T6 *, const T6 *)",2.493,2026-09-11T18:05:34.797879,"1,6,1","32,16,1",44,0,0,0,,,,,,,,,,,,,,,,,,,
ucopy_f32,2.365,2026-09-11T18:05:34.797893,"3,1,1","1024,1,1",24,0,0,0,,,,,,,,,,,,,,,,,,,
badd_f32,2.494,2026-09-11T18:05:34.797906,"3,1,1","1024,1,1",38,0,0,0,,,,,,,,,,,,,,,,,,,
urelu_f32,1.118,2026-09-11T18:05:34.797919,"3,1,1","1024,1,1",24,0,0,0,,,,,,,,,,,,,,,,,,,
"void dot_kernel<float, (int)128, (int)0, cublasDotParams<cublasGemvTensorStridedBatched<const float>, cublasGemvTensorStridedBatched<float>>>(T4)",3.389,2026-09-11T18:05:34.797933,"18,1,96","128,1,1",28,512,512,0,,,,,,,,,,,,,,,,,,,
"void reduce_1Block_kernel<float, (int)128, (int)7, cublasGemvTensorStridedBatched<float>, cublasGemvTensorStridedBatched<const float>, cublasGemvTensorStridedBatched<float>>(const T1 *, T1, T4, int, const T1 *, T1, T5, T6, cublasPointerMode_t, cublasLtEpilogue_t, cublasGemvTensorStridedBatched<const biasType<T6::value_type, T1>::type>)",1.342,2026-09-11T18:05:34.797948,"1,1,96","128,1,1",28,768,768,0,,,,,,,,,,,,,,,,,,,
badd_f32,1.342,2026-09-11T18:05:34.797979,"1,1,1","1024,1,1",38,0,0,0,,,,,,,,,,,,,,,,,,,
urelu_f32,1.151,2026-09-11T18:05:34.797996,"1,1,1","1024,1,1",24,0,0,0,,,,,,,,,,,,,,,,,,,
"std::enable_if<!T7, void>::type internal::gemvx::kernel<int, int, float, float, float, float, (bool)0, (bool)1, (bool)1, (bool)0, (int)6, (bool)0, cublasGemvParamsEx<int, cublasGemvTensorStridedBatched<const float>, cublasGemvTensorStridedBatched<const float>, cublasGemvTensorStridedBatched<float>, float>>(T13)",1.695,2026-09-11T18:05:34.798011,"2,1,1","4,16,1",166,320,0,320,,,,,,,,,,,,,,,,,,,
badd_f32,1.311,2026-09-11T18:05:34.798025,"1,1,1","1024,1,1",38,0,0,0,,,,,,,,,,,,,,,,,,,
urelu_f32,1.151,2026-09-11T18:05:34.798038,"1,1,1","1024,1,1",24,0,0,0,,,,,,,,,,,,,,,,,,,
copy2d_f32,1.118,2026-09-11T18:05:34.798051,"1,1,1","1024,1,1",16,0,0,0,,,,,,,,,,,,,,,,,,,
copy2d_f32,1.087,2026-09-11T18:05:34.798064,"1,1,1","1024,1,1",16,0,0,0,,,,,,,,,,,,,,,,,,,
copy2d_f32,1.055,2026-09-11T18:05:34.798077,"1,1,1","1024,1,1",16,0,0,0,,,,,,,,,,,,,,,,,,,
layernorm_f32,3.58,2026-09-11T18:05:34.798090,"1,1,1","32,1,1",28,256,256,0,,,,,,,,,,,,,,,,,,,
copy2d_f32,1.087,2026-09-11T18:05:34.798111,"1,1,1","1024,1,1",16,0,0,0,,,,,,,,,,,,,,,,,,,
copy2d_f32,1.183,2026-09-11T18:05:34.798126,"1,1,1","1024,1,1",16,0,0,0,,,,,,,,,,,,,,,,,,,
copy2d_f32,1.183,2026-09-11T18:05:34.798140,"1,1,1","1024,1,1",16,0,0,0,,,,,,,,,,,,,,,,,,,
"std::enable_if<!T7, void>::type internal::gemvx::kernel<int, int, float, float, float, float, (bool)0, (bool)1, (bool)1, (bool)0, (int)8, (bool)0, cublasGemvParamsEx<int, cublasGemvTensorStridedBatched<const float>, cublasGemvTensorStridedBatched<const float>, cublasGemvTensorStridedBatched<float>, float>>(T13)",2.717,2026-09-11T18:05:34.798155,"32,1,1","16,16,1",159,1088,0,1088,,,,,,,,,,,,,,,,,,,
badd_f32,1.406,2026-09-11T18:05:34.798169,"1,1,1","1024,1,1",38,0,0,0,,,,,,,,,,,,,,,,,,,
urelu_f32,1.182,2026-09-11T18:05:34.798182,"1,1,1","1024,1,1",24,0,0,0,,,,,,,,,,,,,,,,,,,
"void gemv2T_kernel_val<int, int, float, float, float, float, (int)128, (int)16, (int)2, (int)2, (bool)0, (bool)0, cublasGemvParamsEx<int, cublasGemvTensorStridedBatched<const float>, cublasGemvTensorStridedBatched<const float>, cublasGemvTensorStridedBatched<float>, float>>(T13, T6, T6)",3.356,2026-09-11T18:05:34.798196,"64,1,1","128,1,1",47,1536,1536,0,,,,,,,,,,,,,,,,,,,
badd_f32,1.375,2026-09-11T18:05:34.798209,"1,1,1","1024,1,1",38,0,0,0,,,,,,,,,,,,,,,,,,,
bmaximum_f32,2.046,2026-09-11T18:05:34.798222,"1,1,1","1024,1,1",38,0,0,0,,,,,,,,,,,,,,,,,,,
bminimum_f32,2.045,2026-09-11T18:05:34.798235,"1,1,1","1024,1,1",38,0,0,0,,,,,,,,,,,,,,,,,,,
"std::enable_if<!T7, void>::type internal::gemvx::kernel<int, int, float, float, float, float, (bool)0, (bool)1, (bool)1, (bool)0, (int)8, (bool)0, cublasGemvParamsEx<int, cublasGemvTensorStridedBatched<const float>, cublasGemvTensorStridedBatched<const float>, cublasGemvTensorStridedBatched<float>, float>>(T13)",2.845,2026-09-11T18:05:34.798248,"64,1,1","16,16,1",159,1088,0,1088,,,,,,,,,,,,,,,,,,,
badd_f32,1.406,2026-09-11T18:05:34.798261,"1,1,1","1024,1,1",38,0,0,0,,,,,,,,,,,,,,,,,,,
"std::enable_if<!T7, void>::type internal::gemvx::kernel<int, int, float, float, float, float, (bool)0, (bool)1, (bool)1, (bool)0, (int)8, (bool)0, cublasGemvParamsEx<int, cublasGemvTensorStridedBatched<const float>, cublasGemvTensorStridedBatched<const float>, cublasGemvTensorStridedBatched<float>, float>>(T13)",2.334,2026-09-11T18:05:34.798274,"32,1,1","16,16,1",159,1088,0,1088,,,,,,,,,,,,,,,,,,,
badd_f32,1.31,2026-09-11T18:05:34.798287,"1,1,1","1024,1,1",38,0,0,0,,,,,,,,,,,,,,,,,,,
urelu_f32,1.151,2026-09-11T18:05:34.798300,"1,1,1","1024,1,1",24,0,0,0,,,,,,,,,,,,,,,,,,,
"void gemv2T_kernel_val<int, int, float, float, float, float, (int)128, (int)16, (int)4, (int)4, (bool)0, (bool)0, cublasGemvParamsEx<int, cublasGemvTensorStridedBatched<const float>, cublasGemvTensorStridedBatched<const float>, cublasGemvTensorStridedBatched<float>, float>>(T13, T6, T6)",11.188,2026-09-11T18:05:34.798314,"512,1,1","128,1,1",59,2560,2560,0,,,,,,,,,,,,,,,,,,,
badd_f32,1.406,2026-09-11T18:05:34.798329,"4,1,1","1024,1,1",38,0,0,0,,,,,,,,,,,,,,,,,,,
im2col_f32,2.333,2026-09-11T18:05:34.798342,"7,1,1","1024,1,1",36,0,0,0,,,,,,,,,,,,,,,,,,,
ampere_sgemm_32x32_sliced1x4_tn,3.548,2026-09-11T18:05:34.798355,"1,24,9","128,1,1",86,32768,32768,0,,,,,,,,,,,,,,,,,,,
"void cublasLt::splitKreduce_kernel<(int)32, (int)16, int, float, float, float, float, (bool)0, float, float, float, (bool)1, (bool)0, (bool)0>(cublasLt::cublasSplitKParams<T6>, const T4 *, const T10 *, T9 *, T5 *, const T6 *, const T6 *, const T11 *, const T4 *, T11 *, void *, long, T6 *, int *, T6 *, T6 *, const T6 *, const T6 *, const T6 *, const T6 *, const T6 *)",1.503,2026-09-11T18:05:34.798368,"1,48,1","32,16,1",44,0,0,0,,,,,,,,,,,,,,,,,,,
ucopy_f32,2.429,2026-09-11T18:05:34.798381,"6,1,1","1024,1,1",24,0,0,0,,,,,,,,,,,,,,,,,,,
badd_f32,2.717,2026-09-11T18:05:34.798394,"6,1,1","1024,1,1",38,0,0,0,,,,,,,,,,,,,,,,,,,
urelu_f32,1.246,2026-09-11T18:05:34.798407,"6,1,1","1024,1,1",24,0,0,0,,,,,,,,,,,,,,,,,,,
im2col_f32,2.334,2026-09-11T18:05:34.798420,"14,1,1","1024,1,1",36,0,0,0,,,,,,,,,,,,,,,,,,,
ampere_sgemm_32x32_sliced1x4_tn,3.324,2026-09-11T18:05:34.798434,"1,6,36","128,1,1",86,32768,32768,0,,,,,,,,,,,,,,,,,,,
"void cublasLt::splitKreduce_kernel<(int)32, (int)16, int, float, float, float, float, (bool)0, float, float, float, (bool)1, (bool)0, (bool)0>(cublasLt::cublasSplitKParams<T6>, const T4 *, const T10 *, T9 *, T5 *, const T6 *, const T6 *, const T11 *, const T4 *, T11 *, void *, long, T6 *, int *, T6 *, T6 *, const T6 *, const T6 *, const T6 *, const T6 *, const T6 *)",1.886,2026-09-11T18:05:34.798447,"1,12,1","32,16,1",44,0,0,0,,,,,,,,,,,,,,,,,,,
ucopy_f32,2.334,2026-09-11T18:05:34.798460,"3,1,1","1024,1,1",24,0,0,0,,,,,,,,,,,,,,,,,,,
badd_f32,2.717,2026-09-11T18:05:34.798473,"3,1,1","1024,1,1",38,0,0,0,,,,,,,,,,,,,,,,,,,
urelu_f32,1.151,2026-09-11T18:05:34.798488,"3,1,1","1024,1,1",24,0,0,0,,,,,,,,,,,,,,,,,,,
im2col_f32,2.302,2026-09-11T18:05:34.798501,"7,1,1","1024,1,1",36,0,0,0,,,,,,,,,,,,,,,,,,,
ampere_sgemm_32x32_sliced1x4_tn,3.26,2026-09-11T18:05:34.798514,"1,2,72","128,1,1",86,32768,32768,0,,,,,,,,,,,,,,,,,,,
"void cublasLt::splitKreduce_kernel<(int)32, (int)16, int, float, float, float, float, (bool)0, float, float, float, (bool)1, (bool)0, (bool)0>(cublasLt::cublasSplitKParams<T6>, const T4 *, const T10 *, T9 *, T5 *, const T6 *, const T6 *, const T11 *, const T4 *, T11 *, void *, long, T6 *, int *, T6 *, T6 *, const T6 *, const T6 *, const T6 *, const T6 *, const T6 *)",3.164,2026-09-11T18:05:34.798527,"1,3,1","32,16,1",44,0,0,0,,,,,,,,,,,,,,,,,,,
ucopy_f32,2.493,2026-09-11T18:05:34.798540,"2,1,1","1024,1,1",24,0,0,0,,,,,,,,,,,,,,,,,,,
badd_f32,2.653,2026-09-11T18:05:34.798553,"2,1,1","1024,1,1",38,0,0,0,,,,,,,,,,,,,,,,,,,
urelu_f32,1.151,2026-09-11T18:05:34.798566,"2,1,1","1024,1,1",24,0,0,0,,,,,,,,,,,,,,,,,,,
"std::enable_if<!T7, void>::type internal::gemvx::kernel<int, int, float, float, float, float, (bool)0, (bool)1, (bool)1, (bool)0, (int)7, (bool)0, cublasGemvParamsEx<int, cublasGemvTensorStridedBatched<const float>, cublasGemvTensorStridedBatched<const float>, cublasGemvTensorStridedBatched<float>, float>>(T13)",2.877,2026-09-11T18:05:34.798579,"32,1,1","32,4,1",159,528,0,528,,,,,,,,,,,,,,,,,,,
badd_f32,1.086,2026-09-11T18:05:34.798592,"1,1,1","1024,1,1",38,0,0,0,,,,,,,,,,,,,,,,,,,
urelu_f32,1.087,2026-09-11T18:05:34.798605,"1,1,1","1024,1,1",24,0,0,0,,,,,,,,,,,,,,,,,,,
im2col1d_f32,2.077,2026-09-11T18:05:34.798618,"1,1,1","1024,1,1",40,0,0,0,,,,,,,,,,,,,,,,,,,
ampere_sgemm_32x32_sliced1x4_tn,2.781,2026-09-11T18:05:34.798633,"1,12,6","128,1,1",86,32768,32768,0,,,,,,,,,,,,,,,,,,,
"void cublasLt::splitKreduce_kernel<(int)32, (int)16, int, float, float, float, float, (bool)0, float, float, float, (bool)1, (bool)0, (bool)0>(cublasLt::cublasSplitKParams<T6>, const T4 *, const T10 *, T9 *, T5 *, const T6 *, const T6 *, const T11 *, const T4 *, T11 *, void *, long, T6 *, int *, T6 *, T6 *, const T6 *, const T6 *, const T6 *, const T6 *, const T6 *)",1.503,2026-09-11T18:05:34.798646,"1,23,1","32,16,1",44,0,0,0,,,,,,,,,,,,,,,,,,,
ucopy_f32,2.078,2026-09-11T18:05:34.798661,"3,1,1","1024,1,1",24,0,0,0,,,,,,,,,,,,,,,,,,,
badd_f32,2.397,2026-09-11T18:05:34.798673,"3,1,1","1024,1,1",38,0,0,0,,,,,,,,,,,,,,,,,,,
urelu_f32,1.15,2026-09-11T18:05:34.798687,"3,1,1","1024,1,1",24,0,0,0,,,,,,,,,,,,,,,,,,,
im2col1d_f32,2.27,2026-09-11T18:05:34.798699,"2,1,1","1024,1,1",40,0,0,0,,,,,,,,,,,,,,,,,,,
ampere_sgemm_32x32_sliced1x4_tn,3.42,2026-09-11T18:05:34.798713,"1,6,24","128,1,1",86,32768,32768,0,,,,,,,,,,,,,,,,,,,
"void cublasLt::splitKreduce_kernel<(int)32, (int)16, int, float, float, float, float, (bool)0, float, float, float, (bool)1, (bool)0, (bool)0>(cublasLt::cublasSplitKParams<T6>, const T4 *, const T10 *, T9 *, T5 *, const T6 *, const T6 *, const T11 *, const T4 *, T11 *, void *, long, T6 *, int *, T6 *, T6 *, const T6 *, const T6 *, const T6 *, const T6 *, const T6 *)",1.63,2026-09-11T18:05:34.798726,"1,12,1","32,16,1",44,0,0,0,,,,,,,,,,,,,,,,,,,
ucopy_f32,2.142,2026-09-11T18:05:34.798739,"3,1,1","1024,1,1",24,0,0,0,,,,,,,,,,,,,,,,,,,
badd_f32,2.43,2026-09-11T18:05:34.798752,"3,1,1","1024,1,1",38,0,0,0,,,,,,,,,,,,,,,,,,,
urelu_f32,1.151,2026-09-11T18:05:34.798764,"3,1,1","1024,1,1",24,0,0,0,,,,,,,,,,,,,,,,,,,
im2col1d_f32,2.269,2026-09-11T18:05:34.798778,"2,1,1","1024,1,1",40,0,0,0,,,,,,,,,,,,,,,,,,,
ampere_sgemm_32x32_sliced1x4_tn,3.325,2026-09-11T18:05:34.798791,"1,3,48","128,1,1",86,32768,32768,0,,,,,,,,,,,,,,,,,,,
"void cublasLt::splitKreduce_kernel<(int)32, (int)16, int, float, float, float, float, (bool)0, float, float, float, (bool)1, (bool)0, (bool)0>(cublasLt::cublasSplitKParams<T6>, const T4 *, const T10 *, T9 *, T5 *, const T6 *, const T6 *, const T11 *, const T4 *, T11 *, void *, long, T6 *, int *, T6 *, T6 *, const T6 *, const T6 *, const T6 *, const T6 *, const T6 *)",2.526,2026-09-11T18:05:34.798804,"1,6,1","32,16,1",44,0,0,0,,,,,,,,,,,,,,,,,,,
ucopy_f32,2.301,2026-09-11T18:05:34.798817,"3,1,1","1024,1,1",24,0,0,0,,,,,,,,,,,,,,,,,,,
badd_f32,2.429,2026-09-11T18:05:34.798832,"3,1,1","1024,1,1",38,0,0,0,,,,,,,,,,,,,,,,,,,
urelu_f32,1.151,2026-09-11T18:05:34.798845,"3,1,1","1024,1,1",24,0,0,0,,,,,,,,,,,,,,,,,,,
"void dot_kernel<float, (int)128, (int)0, cublasDotParams<cublasGemvTensorStridedBatched<const float>, cublasGemvTensorStridedBatched<float>>>(T4)",2.621,2026-09-11T18:05:34.798859,"18,1,96","128,1,1",28,512,512,0,,,,,,,,,,,,,,,,,,,
"void reduce_1Block_kernel<float, (int)128, (int)7, cublasGemvTensorStridedBatched<float>, cublasGemvTensorStridedBatched<const float>, cublasGemvTensorStridedBatched<float>>(const T1 *, T1, T4, int, const T1 *, T1, T5, T6, cublasPointerMode_t, cublasLtEpilogue_t, cublasGemvTensorStridedBatched<const biasType<T6::value_type, T1>::type>)",1.311,2026-09-11T18:05:34.798873,"1,1,96","128,1,1",28,768,768,0,,,,,,,,,,,,,,,,,,,
badd_f32,1.087,2026-09-11T18:05:34.798896,"1,1,1","1024,1,1",38,0,0,0,,,,,,,,,,,,,,,,,,,
urelu_f32,1.087,2026-09-11T18:05:34.798910,"1,1,1","1024,1,1",24,0,0,0,,,,,,,,,,,,,,,,,,,
"std::enable_if<!T7, void>::type internal::gemvx::kernel<int, int, float, float, float, float, (bool)0, (bool)1, (bool)1, (bool)0, (int)6, (bool)0, cublasGemvParamsEx<int, cublasGemvTensorStridedBatched<const float>, cublasGemvTensorStridedBatched<const float>, cublasGemvTensorStridedBatched<float>, float>>(T13)",1.662,2026-09-11T18:05:34.798923,"2,1,1","4,16,1",166,320,0,320,,,,,,,,,,,,,,,,,,,
badd_f32,1.087,2026-09-11T18:05:34.798936,"1,1,1","1024,1,1",38,0,0,0,,,,,,,,,,,,,,,,,,,
urelu_f32,1.087,2026-09-11T18:05:34.798949,"1,1,1","1024,1,1",24,0,0,0,,,,,,,,,,,,,,,,,,,
copy2d_f32,1.119,2026-09-11T18:05:34.798962,"1,1,1","1024,1,1",16,0,0,0,,,,,,,,,,,,,,,,,,,
copy2d_f32,1.087,2026-09-11T18:05:34.798975,"1,1,1","1024,1,1",16,0,0,0,,,,,,,,,,,,,,,,,,,
copy2d_f32,1.087,2026-09-11T18:05:34.798988,"1,1,1","1024,1,1",16,0,0,0,,,,,,,,,,,,,,,,,,,
layernorm_f32,2.622,2026-09-11T18:05:34.799001,"1,1,1","32,1,1",28,256,256,0,,,,,,,,,,,,,,,,,,,
copy2d_f32,1.119,2026-09-11T18:05:34.799016,"1,1,1","1024,1,1",16,0,0,0,,,,,,,,,,,,,,,,,,,
copy2d_f32,1.055,2026-09-11T18:05:34.799029,"1,1,1","1024,1,1",16,0,0,0,,,,,,,,,,,,,,,,,,,
copy2d_f32,1.055,2026-09-11T18:05:34.799042,"1,1,1","1024,1,1",16,0,0,0,,,,,,,,,,,,,,,,,,,
"std::enable_if<!T7, void>::type internal::gemvx::kernel<int, int, float, float, float, float, (bool)0, (bool)1, (bool)1, (bool)0, (int)8, (bool)0, cublasGemvParamsEx<int, cublasGemvTensorStridedBatched<const float>, cublasGemvTensorStridedBatched<const float>, cublasGemvTensorStridedBatched<float>, float>>(T13)",2.237,2026-09-11T18:05:34.799055,"32,1,1","16,16,1",159,1088,0,1088,,,,,,,,,,,,,,,,,,,
badd_f32,1.182,2026-09-11T18:05:34.799068,"1,1,1","1024,1,1",38,0,0,0,,,,,,,,,,,,,,,,,,,
urelu_f32,1.119,2026-09-11T18:05:34.799081,"1,1,1","1024,1,1",24,0,0,0,,,,,,,,,,,,,,,,,,,
"void gemv2T_kernel_val<int, int, float, float, float, float, (int)128, (int)16, (int)2, (int)2, (bool)0, (bool)0, cublasGemvParamsEx<int, cublasGemvTensorStridedBatched<const float>, cublasGemvTensorStridedBatched<const float>, cublasGemvTensorStridedBatched<float>, float>>(T13, T6, T6)",2.525,2026-09-11T18:05:34.799095,"64,1,1","128,1,1",47,1536,1536,0,,,,,,,,,,,,,,,,,,,
badd_f32,1.15,2026-09-11T18:05:34.799108,"1,1,1","1024,1,1",38,0,0,0,,,,,,,,,,,,,,,,,,,
bmaximum_f32,1.981,2026-09-11T18:05:34.799121,"1,1,1","1024,1,1",38,0,0,0,,,,,,,,,,,,,,,,,,,
bminimum_f32,1.982,2026-09-11T18:05:34.799134,"1,1,1","1024,1,1",38,0,0,0,,,,,,,,,,,,,,,,,,,
"std::enable_if<!T7, void>::type internal::gemvx::kernel<int, int, float, float, float, float, (bool)0, (bool)1, (bool)1, (bool)0, (int)8, (bool)0, cublasGemvParamsEx<int, cublasGemvTensorStridedBatched<const float>, cublasGemvTensorStridedBatched<const float>, cublasGemvTensorStridedBatched<float>, float>>(T13)",2.717,2026-09-11T18:05:34.799147,"64,1,1","16,16,1",159,1088,0,1088,,,,,,,,,,,,,,,,,,,
badd_f32,1.215,2026-09-11T18:05:34.799161,"1,1,1","1024,1,1",38,0,0,0,,,,,,,,,,,,,,,,,,,
"std::enable_if<!T7, void>::type internal::gemvx::kernel<int, int, float, float, float, float, (bool)0, (bool)1, (bool)1, (bool)0, (int)8, (bool)0, cublasGemvParamsEx<int, cublasGemvTensorStridedBatched<const float>, cublasGemvTensorStridedBatched<const float>, cublasGemvTensorStridedBatched<float>, float>>(T13)",2.141,2026-09-11T18:05:34.799177,"32,1,1","16,16,1",159,1088,0,1088,,,,,,,,,,,,,,,,,,,
badd_f32,1.151,2026-09-11T18:05:34.799190,"1,1,1","1024,1,1",38,0,0,0,,,,,,,,,,,,,,,,,,,
urelu_f32,1.087,2026-09-11T18:05:34.799204,"1,1,1","1024,1,1",24,0,0,0,,,,,,,,,,,,,,,,,,,
"void gemv2T_kernel_val<int, int, float, float, float, float, (int)128, (int)16, (int)4, (int)4, (bool)0, (bool)0, cublasGemvParamsEx<int, cublasGemvTensorStridedBatched<const float>, cublasGemvTensorStridedBatched<const float>, cublasGemvTensorStridedBatched<float>, float>>(T13, T6, T6)",3.836,2026-09-11T18:05:34.799218,"512,1,1","128,1,1",59,2560,2560,0,,,,,,,,,,,,,,,,,,,
badd_f32,1.214,2026-09-11T18:05:34.799232,"4,1,1","1024,1,1",38,0,0,0,,,,,,,,,,,,,,,,,,,
im2col_f32,2.302,2026-09-11T18:05:34.799245,"7,1,1","1024,1,1",36,0,0,0,,,,,,,,,,,,,,,,,,,
ampere_sgemm_32x32_sliced1x4_tn,3.452,2026-09-11T18:05:34.799259,"1,24,9","128,1,1",86,32768,32768,0,,,,,,,,,,,,,,,,,,,
"void cublasLt::splitKreduce_kernel<(int)32, (int)16, int, float, float, float, float, (bool)0, float, float, float, (bool)1, (bool)0, (bool)0>(cublasLt::cublasSplitKParams<T6>, const T4 *, const T10 *, T9 *, T5 *, const T6 *, const T6 *, const T11 *, const T4 *, T11 *, void *, long, T6 *, int *, T6 *, T6 *, const T6 *, const T6 *, const T6 *, const T6 *, const T6 *)",1.502,2026-09-11T18:05:34.799273,"1,48,1","32,16,1",44,0,0,0,,,,,,,,,,,,,,,,,,,
ucopy_f32,2.366,2026-09-11T18:05:34.799288,"6,1,1","1024,1,1",24,0,0,0,,,,,,,,,,,,,,,,,,,
badd_f32,2.717,2026-09-11T18:05:34.799301,"6,1,1","1024,1,1",38,0,0,0,,,,,,,,,,,,,,,,,,,
urelu_f32,1.215,2026-09-11T18:05:34.799314,"6,1,1","1024,1,1",24,0,0,0,,,,,,,,,,,,,,,,,,,
im2col_f32,2.333,2026-09-11T18:05:34.799327,"14,1,1","1024,1,1",36,0,0,0,,,,,,,,,,,,,,,,,,,
ampere_sgemm_32x32_sliced1x4_tn,3.325,2026-09-11T18:05:34.799340,"1,6,36","128,1,1",86,32768,32768,0,,,,,,,,,,,,,,,,,,,
"void cublasLt::splitKreduce_kernel<(int)32, (int)16, int, float, float, float, float, (bool)0, float, float, float, (bool)1, (bool)0, (bool)0>(cublasLt::cublasSplitKParams<T6>, const T4 *, const T10 *, T9 *, T5 *, const T6 *, const T6 *, const T11 *, const T4 *, T11 *, void *, long, T6 *, int *, T6 *, T6 *, const T6 *, const T6 *, const T6 *, const T6 *, const T6 *)",1.886,2026-09-11T18:05:34.799354,"1,12,1","32,16,1",44,0,0,0,,,,,,,,,,,,,,,,,,,
ucopy_f32,2.334,2026-09-11T18:05:34.799367,"3,1,1","1024,1,1",24,0,0,0,,,,,,,,,,,,,,,,,,,
badd_f32,2.685,2026-09-11T18:05:34.799381,"3,1,1","1024,1,1",38,0,0,0,,,,,,,,,,,,,,,,,,,
urelu_f32,1.15,2026-09-11T18:05:34.799393,"3,1,1","1024,1,1",24,0,0,0,,,,,,,,,,,,,,,,,,,
im2col_f32,2.302,2026-09-11T18:05:34.799406,"7,1,1","1024,1,1",36,0,0,0,,,,,,,,,,,,,,,,,,,
ampere_sgemm_32x32_sliced1x4_tn,3.292,2026-09-11T18:05:34.799419,"1,2,72","128,1,1",86,32768,32768,0,,,,,,,,,,,,,,,,,,,
"void cublasLt::splitKreduce_kernel<(int)32, (int)16, int, float, float, float, float, (bool)0, float, float, float, (bool)1, (bool)0, (bool)0>(cublasLt::cublasSplitKParams<T6>, const T4 *, const T10 *, T9 *, T5 *, const T6 *, const T6 *, const T11 *, const T4 *, T11 *, void *, long, T6 *, int *, T6 *, T6 *, const T6 *, const T6 *, const T6 *, const T6 *, const T6 *)",3.197,2026-09-11T18:05:34.799433,"1,3,1","32,16,1",44,0,0,0,,,,,,,,,,,,,,,,,,,
ucopy_f32,2.494,2026-09-11T18:05:34.799446,"2,1,1","1024,1,1",24,0,0,0,,,,,,,,,,,,,,,,,,,
badd_f32,2.685,2026-09-11T18:05:34.799459,"2,1,1","1024,1,1",38,0,0,0,,,,,,,,,,,,,,,,,,,
urelu_f32,1.151,2026-09-11T18:05:34.799472,"2,1,1","1024,1,1",24,0,0,0,,,,,,,,,,,,,,,,,,,
"std::enable_if<!T7, void>::type internal::gemvx::kernel<int, int, float, float, float, float, (bool)0, (bool)1, (bool)1, (bool)0, (int)7, (bool)0, cublasGemvParamsEx<int, cublasGemvTensorStridedBatched<const float>, cublasGemvTensorStridedBatched<const float>, cublasGemvTensorStridedBatched<float>, float>>(T13)",2.366,2026-09-11T18:05:34.799485,"32,1,1","32,4,1",159,528,0,528,,,,,,,,,,,,,,,,,,,
badd_f32,1.119,2026-09-11T18:05:34.799498,"1,1,1","1024,1,1",38,0,0,0,,,,,,,,,,,,,,,,,,,
urelu_f32,1.087,2026-09-11T18:05:34.799511,"1,1,1","1024,1,1",24,0,0,0,,,,,,,,,,,,,,,,,,,
im2col1d_f32,2.078,2026-09-11T18:05:34.799526,"1,1,1","1024,1,1",40,0,0,0,,,,,,,,,,,,,,,,,,,
ampere_sgemm_32x32_sliced1x4_tn,2.781,2026-09-11T18:05:34.799540,"1,12,6","128,1,1",86,32768,32768,0,,,,,,,,,,,,,,,,,,,
"void cublasLt::splitKreduce_kernel<(int)32, (int)16, int, float, float, float, float, (bool)0, float, float, float, (bool)1, (bool)0, (bool)0>(cublasLt::cublasSplitKParams<T6>, const T4 *, const T10 *, T9 *, T5 *, const T6 *, const T6 *, const T11 *, const T4 *, T11 *, void *, long, T6 *, int *, T6 *, T6 *, const T6 *, const T6 *, const T6 *, const T6 *, const T6 *)",1.534,2026-09-11T18:05:34.799553,"1,23,1","32,16,1",44,0,0,0,,,,,,,,,,,,,,,,,,,
ucopy_f32,2.078,2026-09-11T18:05:34.799566,"3,1,1","1024,1,1",24,0,0,0,,,,,,,,,,,,,,,,,,,
badd_f32,2.461,2026-09-11T18:05:34.799579,"3,1,1","1024,1,1",38,0,0,0,,,,,,,,,,,,,,,,,,,
urelu_f32,1.151,2026-09-11T18:05:34.799592,"3,1,1","1024,1,1",24,0,0,0,,,,,,,,,,,,,,,,,,,
im2col1d_f32,2.238,2026-09-11T18:05:34.799604,"2,1,1","1024,1,1",40,0,0,0,,,,,,,,,,,,,,,,,,,
ampere_sgemm_32x32_sliced1x4_tn,3.388,2026-09-11T18:05:34.799617,"1,6,24","128,1,1",86,32768,32768,0,,,,,,,,,,,,,,,,,,,
"void cublasLt::splitKreduce_kernel<(int)32, (int)16, int, float, float, float, float, (bool)0, float, float, float, (bool)1, (bool)0, (bool)0>(cublasLt::cublasSplitKParams<T6>, const T4 *, const T10 *, T9 *, T5 *, const T6 *, const T6 *, const T11 *, const T4 *, T11 *, void *, long, T6 *, int *, T6 *, T6 *, const T6 *, const T6 *, const T6 *, const T6 *, const T6 *)",1.63,2026-09-11T18:05:34.799640,"1,12,1","32,16,1",44,0,0,0,,,,,,,,,,,,,,,,,,,
ucopy_f32,2.237,2026-09-11T18:05:34.799656,"3,1,1","1024,1,1",24,0,0,0,,,,,,,,,,,,,,,,,,,
badd_f32,2.525,2026-09-11T18:05:34.799681,"3,1,1","1024,1,1",38,0,0,0,,,,,,,,,,,,,,,,,,,
urelu_f32,1.151,2026-09-11T18:05:34.799696,"3,1,1","1024,1,1",24,0,0,0,,,,,,,,,,,,,,,,,,,
im2col1d_f32,2.302,2026-09-11T18:05:34.799709,"2,1,1","1024,1,1",40,0,0,0,,,,,,,,,,,,,,,,,,,
ampere_sgemm_32x32_sliced1x4_tn,3.356,2026-09-11T18:05:34.799725,"1,3,48","128,1,1",86,32768,32768,0,,,,,,,,,,,,,,,,,,,
"void cublasLt::splitKreduce_kernel<(int)32, (int)16, int, float, float, float, float, (bool)0, float, float, float, (bool)1, (bool)0, (bool)0>(cublasLt::cublasSplitKParams<T6>, const T4 *, const T10 *, T9 *, T5 *, const T6 *, const T6 *, const T11 *, const T4 *, T11 *, void *, long, T6 *, int *, T6 *, T6 *, const T6 *, const T6 *, const T6 *, const T6 *, const T6 *)",2.525,2026-09-11T18:05:34.799739,"1,6,1","32,16,1",44,0,0,0,,,,,,,,,,,,,,,,,,,
ucopy_f32,2.301,2026-09-11T18:05:34.799753,"3,1,1","1024,1,1",24,0,0,0,,,,,,,,,,,,,,,,,,,
badd_f32,2.43,2026-09-11T18:05:34.799766,"3,1,1","1024,1,1",38,0,0,0,,,,,,,,,,,,,,,,,,,
urelu_f32,1.15,2026-09-11T18:05:34.799779,"3,1,1","1024,1,1",24,0,0,0,,,,,,,,,,,,,,,,,,,
"void dot_kernel<float, (int)128, (int)0, cublasDotParams<cublasGemvTensorStridedBatched<const float>, cublasGemvTensorStridedBatched<float>>>(T4)",2.589,2026-09-11T18:05:34.799792,"18,1,96","128,1,1",28,512,512,0,,,,,,,,,,,,,,,,,,,
"void reduce_1Block_kernel<float, (int)128, (int)7, cublasGemvTensorStridedBatched<float>, cublasGemvTensorStridedBatched<const float>, cublasGemvTensorStridedBatched<float>>(const T1 *, T1, T4, int, const T1 *, T1, T5, T6, cublasPointerMode_t, cublasLtEpilogue_t, cublasGemvTensorStridedBatched<const biasType<T6::value_type, T1>::type>)",1.279,2026-09-11T18:05:34.799805,"1,1,96","128,1,1",28,768,768,0,,,,,,,,,,,,,,,,,,,
badd_f32,1.119,2026-09-11T18:05:34.799818,"1,1,1","1024,1,1",38,0,0,0,,,,,,,,,,,,,,,,,,,
urelu_f32,1.119,2026-09-11T18:05:34.799831,"1,1,1","1024,1,1",24,0,0,0,,,,,,,,,,,,,,,,,,,
"std::enable_if<!T7, void>::type internal::gemvx::kernel<int, int, float, float, float, float, (bool)0, (bool)1, (bool)1, (bool)0, (int)6, (bool)0, cublasGemvParamsEx<int, cublasGemvTensorStridedBatched<const float>, cublasGemvTensorStridedBatched<const float>, cublasGemvTensorStridedBatched<float>, float>>(T13)",1.471,2026-09-11T18:05:34.799844,"2,1,1","4,16,1",166,320,0,320,,,,,,,,,,,,,,,,,,,
badd_f32,1.119,2026-09-11T18:05:34.799857,"1,1,1","1024,1,1",38,0,0,0,,,,,,,,,,,,,,,,,,,
urelu_f32,1.055,2026-09-11T18:05:34.799870,"1,1,1","1024,1,1",24,0,0,0,,,,,,,,,,,,,,,,,,,
copy2d_f32,1.087,2026-09-11T18:05:34.799885,"1,1,1","1024,1,1",16,0,0,0,,,,,,,,,,,,,,,,,,,
copy2d_f32,1.119,2026-09-11T18:05:34.799898,"1,1,1","1024,1,1",16,0,0,0,,,,,,,,,,,,,,,,,,,
copy2d_f32,1.055,2026-09-11T18:05:34.799911,"1,1,1","1024,1,1",16,0,0,0,,,,,,,,,,,,,,,,,,,
layernorm_f32,2.589,2026-09-11T18:05:34.799924,"1,1,1","32,1,1",28,256,256,0,,,,,,,,,,,,,,,,,,,
copy2d_f32,1.119,2026-09-11T18:05:34.799937,"1,1,1","1024,1,1",16,0,0,0,,,,,,,,,,,,,,,,,,,
copy2d_f32,1.054,2026-09-11T18:05:34.799950,"1,1,1","1024,1,1",16,0,0,0,,,,,,,,,,,,,,,,,,,
copy2d_f32,1.054,2026-09-11T18:05:34.799978,"1,1,1","1024,1,1",16,0,0,0,,,,,,,,,,,,,,,,,,,
"std::enable_if<!T7, void>::type internal::gemvx::kernel<int, int, float, float, float, float, (bool)0, (bool)1, (bool)1, (bool)0, (int)8, (bool)0, cublasGemvParamsEx<int, cublasGemvTensorStridedBatched<const float>, cublasGemvTensorStridedBatched<const float>, cublasGemvTensorStridedBatched<float>, float>>(T13)",2.717,2026-09-11T18:05:34.799997,"32,1,1","16,16,1",159,1088,0,1088,,,,,,,,,,,,,,,,,,,
badd_f32,1.247,2026-09-11T18:05:34.800012,"1,1,1","1024,1,1",38,0,0,0,,,,,,,,,,,,,,,,,,,
urelu_f32,1.182,2026-09-11T18:05:34.800026,"1,1,1","1024,1,1",24,0,0,0,,,,,,,,,,,,,,,,,,,
"void gemv2T_kernel_val<int, int, float, float, float, float, (int)128, (int)16, (int)2, (int)2, (bool)0, (bool)0, cublasGemvParamsEx<int, cublasGemvTensorStridedBatched<const float>, cublasGemvTensorStridedBatched<const float>, cublasGemvTensorStridedBatched<float>, float>>(T13, T6, T6)",2.525,2026-09-11T18:05:34.800039,"64,1,1","128,1,1",47,1536,1536,0,,,,,,,,,,,,,,,,,,,
badd_f32,1.15,2026-09-11T18:05:34.800053,"1,1,1","1024,1,1",38,0,0,0,,,,,,,,,,,,,,,,,,,
bmaximum_f32,2.013,2026-09-11T18:05:34.800066,"1,1,1","1024,1,1",38,0,0,0,,,,,,,,,,,,,,,,,,,
bminimum_f32,1.982,2026-09-11T18:05:34.800080,"1,1,1","1024,1,1",38,0,0,0,,,,,,,,,,,,,,,,,,,
"std::enable_if<!T7, void>::type internal::gemvx::kernel<int, int, float, float, float, float, (bool)0, (bool)1, (bool)1, (bool)0, (int)8, (bool)0, cublasGemvParamsEx<int, cublasGemvTensorStridedBatched<const float>, cublasGemvTensorStridedBatched<const float>, cublasGemvTensorStridedBatched<float>, float>>(T13)",2.717,2026-09-11T18:05:34.800093,"64,1,1","16,16,1",159,1088,0,1088,,,,,,,,,,,,,,,,,,,
badd_f32,1.215,2026-09-11T18:05:34.800106,"1,1,1","1024,1,1",38,0,0,0,,,,,,,,,,,,,,,,,,,
"std::enable_if<!T7, void>::type internal::gemvx::kernel<int, int, float, float, float, float, (bool)0, (bool)1, (bool)1, (bool)0, (int)8, (bool)0, cublasGemvParamsEx<int, cublasGemvTensorStridedBatched<const float>, cublasGemvTensorStridedBatched<const float>, cublasGemvTensorStridedBatched<float>, float>>(T13)",2.174,2026-09-11T18:05:34.800119,"32,1,1","16,16,1",159,1088,0,1088,,,,,,,,,,,,,,,,,,,
badd_f32,1.151,2026-09-11T18:05:34.800133,"1,1,1","1024,1,1",38,0,0,0,,,,,,,,,,,,,,,,,,,
urelu_f32,1.119,2026-09-11T18:05:34.800146,"1,1,1","1024,1,1",24,0,0,0,,,,,,,,,,,,,,,,,,,
"void gemv2T_kernel_val<int, int, float, float, float, float, (int)128, (int)16, (int)4, (int)4, (bool)0, (bool)0, cublasGemvParamsEx<int, cublasGemvTensorStridedBatched<const float>, cublasGemvTensorStridedBatched<const float>, cublasGemvTensorStridedBatched<float>, float>>(T13, T6, T6)",3.869,2026-09-11T18:05:34.800159,"512,1,1","128,1,1",59,2560,2560,0,,,,,,,,,,,,,,,,,,,
badd_f32,1.278,2026-09-11T18:05:34.800172,"4,1,1","1024,1,1",38,0,0,0,,,,,,,,,,,,,,,,,,,
im2col_f32,2.333,2026-09-11T18:05:34.800187,"7,1,1","1024,1,1",36,0,0,0,,,,,,,,,,,,,,,,,,,
ampere_sgemm_32x32_sliced1x4_tn,3.452,2026-09-11T18:05:34.800200,"1,24,9","128,1,1",86,32768,32768,0,,,,,,,,,,,,,,,,,,,
"void cublasLt::splitKreduce_kernel<(int)32, (int)16, int, float, float, float, float, (bool)0, float, float, float, (bool)1, (bool)0, (bool)0>(cublasLt::cublasSplitKParams<T6>, const T4 *, const T10 *, T9 *, T5 *, const T6 *, const T6 *, const T11 *, const T4 *, T11 *, void *, long, T6 *, int *, T6 *, T6 *, const T6 *, const T6 *, const T6 *, const T6 *, const T6 *)",1.502,2026-09-11T18:05:34.800213,"1,48,1","32,16,1",44,0,0,0,,,,,,,,,,,,,,,,,,,
ucopy_f32,2.397,2026-09-11T18:05:34.800226,"6,1,1","1024,1,1",24,0,0,0,,,,,,,,,,,,,,,,,,,
badd_f32,2.749,2026-09-11T18:05:34.800239,"6,1,1","1024,1,1",38,0,0,0,,,,,,,,,,,,,,,,,,,
urelu_f32,1.247,2026-09-11T18:05:34.800253,"6,1,1","1024,1,1",24,0,0,0,,,,,,,,,,,,,,,,,,,
im2col_f32,2.333,2026-09-11T18:05:34.800275,"14,1,1","1024,1,1",36,0,0,0,,,,,,,,,,,,,,,,,,,
ampere_sgemm_32x32_sliced1x4_tn,3.324,2026-09-11T18:05:34.800291,"1,6,36","128,1,1",86,32768,32768,0,,,,,,,,,,,,,,,,,,,
"void cublasLt::splitKreduce_kernel<(int)32, (int)16, int, float, float, float, float, (bool)0, float, float, float, (bool)1, (bool)0, (bool)0>(cublasLt::cublasSplitKParams<T6>, const T4 *, const T10 *, T9 *, T5 *, const T6 *, const T6 *, const T11 *, const T4 *, T11 *, void *, long, T6 *, int *, T6 *, T6 *, const T6 *, const T6 *, const T6 *, const T6 *, const T6 *)",1.886,2026-09-11T18:05:34.800304,"1,12,1","32,16,1",44,0,0,0,,,,,,,,,,,,,,,,,,,
ucopy_f32,2.333,2026-09-11T18:05:34.800318,"3,1,1","1024,1,1",24,0,0,0,,,,,,,,,,,,,,,,,,,
badd_f32,2.749,2026-09-11T18:05:34.800330,"3,1,1","1024,1,1",38,0,0,0,,,,,,,,,,,,,,,,,,,
urelu_f32,1.151,2026-09-11T18:05:34.800343,"3,1,1","1024,1,1",24,0,0,0,,,,,,,,,,,,,,,,,,,
im2col_f32,2.301,2026-09-11T18:05:34.800356,"7,1,1","1024,1,1",36,0,0,0,,,,,,,,,,,,,,,,,,,
ampere_sgemm_32x32_sliced1x4_tn,3.261,2026-09-11T18:05:34.800369,"1,2,72","128,1,1",86,32768,32768,0,,,,,,,,,,,,,,,,,,,
"void cublasLt::splitKreduce_kernel<(int)32, (int)16, int, float, float, float, float, (bool)0, float, float, float, (bool)1, (bool)0, (bool)0>(cublasLt::cublasSplitKParams<T6>, const T4 *, const T10 *, T9 *, T5 *, const T6 *, const T6 *, const T11 *, const T4 *, T11 *, void *, long, T6 *, int *, T6 *, T6 *, const T6 *, const T6 *, const T6 *, const T6 *, const T6 *)",3.165,2026-09-11T18:05:34.800382,"1,3,1","32,16,1",44,0,0,0,,,,,,,,,,,,,,,,,,,
ucopy_f32,2.493,2026-09-11T18:05:34.800395,"2,1,1","1024,1,1",24,0,0,0,,,,,,,,,,,,,,,,,,,
badd_f32,2.685,2026-09-11T18:05:34.800408,"2,1,1","1024,1,1",38,0,0,0,,,,,,,,,,,,,,,,,,,
urelu_f32,1.151,2026-09-11T18:05:34.800421,"2,1,1","1024,1,1",24,0,0,0,,,,,,,,,,,,,,,,,,,
"std::enable_if<!T7, void>::type internal::gemvx::kernel<int, int, float, float, float, float, (bool)0, (bool)1, (bool)1, (bool)0, (int)7, (bool)0, cublasGemvParamsEx<int, cublasGemvTensorStridedBatched<const float>, cublasGemvTensorStridedBatched<const float>, cublasGemvTensorStridedBatched<float>, float>>(T13)",3.164,2026-09-11T18:05:34.800436,"32,1,1","32,4,1",159,528,0,528,,,,,,,,,,,,,,,,,,,
badd_f32,1.119,2026-09-11T18:05:34.800449,"1,1,1","1024,1,1",38,0,0,0,,,,,,,,,,,,,,,,,,,
urelu_f32,1.087,2026-09-11T18:05:34.800462,"1,1,1","1024,1,1",24,0,0,0,,,,,,,,,,,,,,,,,,,
im2col1d_f32,2.11,2026-09-11T18:05:34.800475,"1,1,1","1024,1,1",40,0,0,0,,,,,,,,,,,,,,,,,,,
ampere_sgemm_32x32_sliced1x4_tn,2.781,2026-09-11T18:05:34.800488,"1,12,6","128,1,1",86,32768,32768,0,,,,,,,,,,,,,,,,,,,
"void cublasLt::splitKreduce_kernel<(int)32, (int)16, int, float, float, float, float, (bool)0, float, float, float, (bool)1, (bool)0, (bool)0>(cublasLt::cublasSplitKParams<T6>, const T4 *, const T10 *, T9 *, T5 *, const T6 *, const T6 *, const T11 *, const T4 *, T11 *, void *, long, T6 *, int *, T6 *, T6 *, const T6 *, const T6 *, const T6 *, const T6 *, const T6 *)",1.535,2026-09-11T18:05:34.800501,"1,23,1","32,16,1",44,0,0,0,,,,,,,,,,,,,,,,,,,
ucopy_f32,2.11,2026-09-11T18:05:34.800515,"3,1,1","1024,1,1",24,0,0,0,,,,,,,,,,,,,,,,,,,
badd_f32,2.461,2026-09-11T18:05:34.800528,"3,1,1","1024,1,1",38,0,0,0,,,,,,,,,,,,,,,,,,,
urelu_f32,1.151,2026-09-11T18:05:34.800541,"3,1,1","1024,1,1",24,0,0,0,,,,,,,,,,,,,,,,,,,
im2col1d_f32,2.301,2026-09-11T18:05:34.800554,"2,1,1","1024,1,1",40,0,0,0,,,,,,,,,,,,,,,,,,,
ampere_sgemm_32x32_sliced1x4_tn,3.389,2026-09-11T18:05:34.800567,"1,6,24","128,1,1",86,32768,32768,0,,,,,,,,,,,,,,,,,,,
"void cublasLt::splitKreduce_kernel<(int)32, (int)16, int, float, float, float, float, (bool)0, float, float, float, (bool)1, (bool)0, (bool)0>(cublasLt::cublasSplitKParams<T6>, const T4 *, const T10 *, T9 *, T5 *, const T6 *, const T6 *, const T11 *, const T4 *, T11 *, void *, long, T6 *, int *, T6 *, T6 *, const T6 *, const T6 *, const T6 *, const T6 *, const T6 *)",1.63,2026-09-11T18:05:34.800580,"1,12,1","32,16,1",44,0,0,0,,,,,,,,,,,,,,,,,,,
ucopy_f32,2.142,2026-09-11T18:05:34.800594,"3,1,1","1024,1,1",24,0,0,0,,,,,,,,,,,,,,,,,,,
badd_f32,2.429,2026-09-11T18:05:34.800607,"3,1,1","1024,1,1",38,0,0,0,,,,,,,,,,,,,,,,,,,
urelu_f32,1.151,2026-09-11T18:05:34.800622,"3,1,1","1024,1,1",24,0,0,0,,,,,,,,,,,,,,,,,,,
im2col1d_f32,2.27,2026-09-11T18:05:34.800635,"2,1,1","1024,1,1",40,0,0,0,,,,,,,,,,,,,,,,,,,
ampere_sgemm_32x32_sliced1x4_tn,3.357,2026-09-11T18:05:34.800648,"1,3,48","128,1,1",86,32768,32768,0,,,,,,,,,,,,,,,,,,,
"void cublasLt::splitKreduce_kernel<(int)32, (int)16, int, float, float, float, float, (bool)0, float, float, float, (bool)1, (bool)0, (bool)0>(cublasLt::cublasSplitKParams<T6>, const T4 *, const T10 *, T9 *, T5 *, const T6 *, const T6 *, const T11 *, const T4 *, T11 *, void *, long, T6 *, int *, T6 *, T6 *, const T6 *, const T6 *, const T6 *, const T6 *, const T6 *)",2.525,2026-09-11T18:05:34.800661,"1,6,1","32,16,1",44,0,0,0,,,,,,,,,,,,,,,,,,,
ucopy_f32,2.333,2026-09-11T18:05:34.800673,"3,1,1","1024,1,1",24,0,0,0,,,,,,,,,,,,,,,,,,,
badd_f32,2.43,2026-09-11T18:05:34.800686,"3,1,1","1024,1,1",38,0,0,0,,,,,,,,,,,,,,,,,,,
urelu_f32,1.151,2026-09-11T18:05:34.800699,"3,1,1","1024,1,1",24,0,0,0,,,,,,,,,,,,,,,,,,,
"void dot_kernel<float, (int)128, (int)0, cublasDotParams<cublasGemvTensorStridedBatched<const float>, cublasGemvTensorStridedBatched<float>>>(T4)",2.653,2026-09-11T18:05:34.800713,"18,1,96","128,1,1",28,512,512,0,,,,,,,,,,,,,,,,,,,
"void reduce_1Block_kernel<float, (int)128, (int)7, cublasGemvTensorStridedBatched<float>, cublasGemvTensorStridedBatched<const float>, cublasGemvTensorStridedBatched<float>>(const T1 *, T1, T4, int, const T1 *, T1, T5, T6, cublasPointerMode_t, cublasLtEpilogue_t, cublasGemvTensorStridedBatched<const biasType<T6::value_type, T1>::type>)",1.311,2026-09-11T18:05:34.800728,"1,1,96","128,1,1",28,768,768,0,,,,,,,,,,,,,,,,,,,
badd_f32,1.087,2026-09-11T18:05:34.800742,"1,1,1","1024,1,1",38,0,0,0,,,,,,,,,,,,,,,,,,,
urelu_f32,1.087,2026-09-11T18:05:34.800756,"1,1,1","1024,1,1",24,0,0,0,,,,,,,,,,,,,,,,,,,
"std::enable_if<!T7, void>::type internal::gemvx::kernel<int, int, float, float, float, float, (bool)0, (bool)1, (bool)1, (bool)0, (int)6, (bool)0, cublasGemvParamsEx<int, cublasGemvTensorStridedBatched<const float>, cublasGemvTensorStridedBatched<const float>, cublasGemvTensorStridedBatched<float>, float>>(T13)",1.662,2026-09-11T18:05:34.800770,"2,1,1","4,16,1",166,320,0,320,,,,,,,,,,,,,,,,,,,
badd_f32,1.118,2026-09-11T18:05:34.800783,"1,1,1","1024,1,1",38,0,0,0,,,,,,,,,,,,,,,,,,,
urelu_f32,1.055,2026-09-11T18:05:34.800796,"1,1,1","1024,1,1",24,0,0,0,,,,,,,,,,,,,,,,,,,
copy2d_f32,1.119,2026-09-11T18:05:34.800809,"1,1,1","1024,1,1",16,0,0,0,,,,,,,,,,,,,,,,,,,
copy2d_f32,1.054,2026-09-11T18:05:34.800822,"1,1,1","1024,1,1",16,0,0,0,,,,,,,,,,,,,,,,,,,
copy2d_f32,1.055,2026-09-11T18:05:34.800835,"1,1,1","1024,1,1",16,0,0,0,,,,,,,,,,,,,,,,,,,
layernorm_f32,2.621,2026-09-11T18:05:34.800849,"1,1,1","32,1,1",28,256,256,0,,,,,,,,,,,,,,,,,,,
copy2d_f32,1.087,2026-09-11T18:05:34.800862,"1,1,1","1024,1,1",16,0,0,0,,,,,,,,,,,,,,,,,,,
copy2d_f32,1.087,2026-09-11T18:05:34.800875,"1,1,1","1024,1,1",16,0,0,0,,,,,,,,,,,,,,,,,,,
copy2d_f32,1.055,2026-09-11T18:05:34.800888,"1,1,1","1024,1,1",16,0,0,0,,,,,,,,,,,,,,,,,,,
"std::enable_if<!T7, void>::type internal::gemvx::kernel<int, int, float, float, float, float, (bool)0, (bool)1, (bool)1, (bool)0, (int)8, (bool)0, cublasGemvParamsEx<int, cublasGemvTensorStridedBatched<const float>, cublasGemvTensorStridedBatched<const float>, cublasGemvTensorStridedBatched<float>, float>>(T13)",2.109,2026-09-11T18:05:34.800901,"32,1,1","16,16,1",159,1088,0,1088,,,,,,,,,,,,,,,,,,,
badd_f32,1.182,2026-09-11T18:05:34.800914,"1,1,1","1024,1,1",38,0,0,0,,,,,,,,,,,,,,,,,,,
urelu_f32,1.119,2026-09-11T18:05:34.800928,"1,1,1","1024,1,1",24,0,0,0,,,,,,,,,,,,,,,,,,,
"void gemv2T_kernel_val<int, int, float, float, float, float, (int)128, (int)16, (int)2, (int)2, (bool)0, (bool)0, cublasGemvParamsEx<int, cublasGemvTensorStridedBatched<const float>, cublasGemvTensorStridedBatched<const float>, cublasGemvTensorStridedBatched<float>, float>>(T13, T6, T6)",2.429,2026-09-11T18:05:34.800942,"64,1,1","128,1,1",47,1536,1536,0,,,,,,,,,,,,,,,,,,,
badd_f32,1.151,2026-09-11T18:05:34.800956,"1,1,1","1024,1,1",38,0,0,0,,,,,,,,,,,,,,,,,,,
bmaximum_f32,1.982,2026-09-11T18:05:34.800968,"1,1,1","1024,1,1",38,0,0,0,,,,,,,,,,,,,,,,,,,
bminimum_f32,1.982,2026-09-11T18:05:34.800982,"1,1,1","1024,1,1",38,0,0,0,,,,,,,,,,,,,,,,,,,
"std::enable_if<!T7, void>::type internal::gemvx::kernel<int, int, float, float, float, float, (bool)0, (bool)1, (bool)1, (bool)0, (int)8, (bool)0, cublasGemvParamsEx<int, cublasGemvTensorStridedBatched<const float>, cublasGemvTensorStridedBatched<const float>, cublasGemvTensorStridedBatched<float>, float>>(T13)",2.909,2026-09-11T18:05:34.800995,"64,1,1","16,16,1",159,1088,0,1088,,,,,,,,,,,,,,,,,,,
badd_f32,1.214,2026-09-11T18:05:34.801008,"1,1,1","1024,1,1",38,0,0,0,,,,,,,,,,,,,,,,,,,
"std::enable_if<!T7, void>::type internal::gemvx::kernel<int, int, float, float, float, float, (bool)0, (bool)1, (bool)1, (bool)0, (int)8, (bool)0, cublasGemvParamsEx<int, cublasGemvTensorStridedBatched<const float>, cublasGemvTensorStridedBatched<const float>, cublasGemvTensorStridedBatched<float>, float>>(T13)",2.333,2026-09-11T18:05:34.801021,"32,1,1","16,16,1",159,1088,0,1088,,,,,,,,,,,,,,,,,,,
badd_f32,1.183,2026-09-11T18:05:34.801035,"1,1,1","1024,1,1",38,0,0,0,,,,,,,,,,,,,,,,,,,
urelu_f32,1.118,2026-09-11T18:05:34.801049,"1,1,1","1024,1,1",24,0,0,0,,,,,,,,,,,,,,,,,,,
"void gemv2T_kernel_val<int, int, float, float, float, float, (int)128, (int)16, (int)4, (int)4, (bool)0, (bool)0, cublasGemvParamsEx<int, cublasGemvTensorStridedBatched<const float>, cublasGemvTensorStridedBatched<const float>, cublasGemvTensorStridedBatched<float>, float>>(T13, T6, T6)",3.867,2026-09-11T18:05:34.801063,"512,1,1","128,1,1",59,2560,2560,0,,,,,,,,,,,,,,,,,,,
badd_f32,1.183,2026-09-11T18:05:34.801077,"4,1,1","1024,1,1",38,0,0,0,,,,,,,,,,,,,,,,,,,
im2col_f32,2.269,2026-09-11T18:05:34.801098,"7,1,1","1024,1,1",36,0,0,0,,,,,,,,,,,,,,,,,,,
ampere_sgemm_32x32_sliced1x4_tn,3.42,2026-09-11T18:05:34.801114,"1,24,9","128,1,1",86,32768,32768,0,,,,,,,,,,,,,,,,,,,
"void cublasLt::splitKreduce_kernel<(int)32, (int)16, int, float, float, float, float, (bool)0, float, float, float, (bool)1, (bool)0, (bool)0>(cublasLt::cublasSplitKParams<T6>, const T4 *, const T10 *, T9 *, T5 *, const T6 *, const T6 *, const T11 *, const T4 *, T11 *, void *, long, T6 *, int *, T6 *, T6 *, const T6 *, const T6 *, const T6 *, const T6 *, const T6 *)",1.503,2026-09-11T18:05:34.801130,"1,48,1","32,16,1",44,0,0,0,,,,,,,,,,,,,,,,,,,
ucopy_f32,2.429,2026-09-11T18:05:34.801143,"6,1,1","1024,1,1",24,0,0,0,,,,,,,,,,,,,,,,,,,
badd_f32,2.717,2026-09-11T18:05:34.801156,"6,1,1","1024,1,1",38,0,0,0,,,,,,,,,,,,,,,,,,,
urelu_f32,1.215,2026-09-11T18:05:34.801168,"6,1,1","1024,1,1",24,0,0,0,,,,,,,,,,,,,,,,,,,
im2col_f32,2.333,2026-09-11T18:05:34.801181,"14,1,1","1024,1,1",36,0,0,0,,,,,,,,,,,,,,,,,,,
ampere_sgemm_32x32_sliced1x4_tn,3.357,2026-09-11T18:05:34.801194,"1,6,36","128,1,1",86,32768,32768,0,,,,,,,,,,,,,,,,,,,
"void cublasLt::splitKreduce_kernel<(int)32, (int)16, int, float, float, float, float, (bool)0, float, float, float, (bool)1, (bool)0, (bool)0>(cublasLt::cublasSplitKParams<T6>, const T4 *, const T10 *, T9 *, T5 *, const T6 *, const T6 *, const T11 *, const T4 *, T11 *, void *, long, T6 *, int *, T6 *, T6 *, const T6 *, const T6 *, const T6 *, const T6 *, const T6 *)",1.918,2026-09-11T18:05:34.801208,"1,12,1","32,16,1",44,0,0,0,,,,,,,,,,,,,,,,,,,
ucopy_f32,2.334,2026-09-11T18:05:34.801220,"3,1,1","1024,1,1",24,0,0,0,,,,,,,,,,,,,,,,,,,
badd_f32,2.686,2026-09-11T18:05:34.801233,"3,1,1","1024,1,1",38,0,0,0,,,,,,,,,,,,,,,,,,,
urelu_f32,1.15,2026-09-11T18:05:34.801246,"3,1,1","1024,1,1",24,0,0,0,,,,,,,,,,,,,,,,,,,
im2col_f32,2.302,2026-09-11T18:05:34.801259,"7,1,1","1024,1,1",36,0,0,0,,,,,,,,,,,,,,,,,,,
ampere_sgemm_32x32_sliced1x4_tn,3.261,2026-09-11T18:05:34.801272,"1,2,72","128,1,1",86,32768,32768,0,,,,,,,,,,,,,,,,,,,
"void cublasLt::splitKreduce_kernel<(int)32, (int)16, int, float, float, float, float, (bool)0, float, float, float, (bool)1, (bool)0, (bool)0>(cublasLt::cublasSplitKParams<T6>, const T4 *, const T10 *, T9 *, T5 *, const T6 *, const T6 *, const T11 *, const T4 *, T11 *, void *, long, T6 *, int *, T6 *, T6 *, const T6 *, const T6 *, const T6 *, const T6 *, const T6 *)",3.165,2026-09-11T18:05:34.801287,"1,3,1","32,16,1",44,0,0,0,,,,,,,,,,,,,,,,,,,
ucopy_f32,2.461,2026-09-11T18:05:34.801300,"2,1,1","1024,1,1",24,0,0,0,,,,,,,,,,,,,,,,,,,
badd_f32,2.653,2026-09-11T18:05:34.801313,"2,1,1","1024,1,1",38,0,0,0,,,,,,,,,,,,,,,,,,,
urelu_f32,1.15,2026-09-11T18:05:34.801326,"2,1,1","1024,1,1",24,0,0,0,,,,,,,,,,,,,,,,,,,
"std::enable_if<!T7, void>::type internal::gemvx::kernel<int, int, float, float, float, float, (bool)0, (bool)1, (bool)1, (bool)0, (int)7, (bool)0, cublasGemvParamsEx<int, cublasGemvTensorStridedBatched<const float>, cublasGemvTensorStridedBatched<const float>, cublasGemvTensorStridedBatched<float>, float>>(T13)",2.366,2026-09-11T18:05:34.801339,"32,1,1","32,4,1",159,528,0,528,,,,,,,,,,,,,,,,,,,
badd_f32,1.118,2026-09-11T18:05:34.801352,"1,1,1","1024,1,1",38,0,0,0,,,,,,,,,,,,,,,,,,,
urelu_f32,1.087,2026-09-11T18:05:34.801365,"1,1,1","1024,1,1",24,0,0,0,,,,,,,,,,,,,,,,,,,
im2col1d_f32,2.077,2026-09-11T18:05:34.801378,"1,1,1","1024,1,1",40,0,0,0,,,,,,,,,,,,,,,,,,,
ampere_sgemm_32x32_sliced1x4_tn,2.781,2026-09-11T18:05:34.801391,"1,12,6","128,1,1",86,32768,32768,0,,,,,,,,,,,,,,,,,,,
"void cublasLt::splitKreduce_kernel<(int)32, (int)16, int, float, float, float, float, (bool)0, float, float, float, (bool)1, (bool)0, (bool)0>(cublasLt::cublasSplitKParams<T6>, const T4 *, const T10 *, T9 *, T5 *, const T6 *, const T6 *, const T11 *, const T4 *, T11 *, void *, long, T6 *, int *, T6 *, T6 *, const T6 *, const T6 *, const T6 *, const T6 *, const T6 *)",1.534,2026-09-11T18:05:34.801404,"1,23,1","32,16,1",44,0,0,0,,,,,,,,,,,,,,,,,,,
ucopy_f32,2.078,2026-09-11T18:05:34.801417,"3,1,1","1024,1,1",24,0,0,0,,,,,,,,,,,,,,,,,,,
badd_f32,2.461,2026-09-11T18:05:34.801430,"3,1,1","1024,1,1",38,0,0,0,,,,,,,,,,,,,,,,,,,
urelu_f32,1.15,2026-09-11T18:05:34.801443,"3,1,1","1024,1,1",24,0,0,0,,,,,,,,,,,,,,,,,,,
im2col1d_f32,2.269,2026-09-11T18:05:34.801457,"2,1,1","1024,1,1",40,0,0,0,,,,,,,,,,,,,,,,,,,
ampere_sgemm_32x32_sliced1x4_tn,3.421,2026-09-11T18:05:34.801472,"1,6,24","128,1,1",86,32768,32768,0,,,,,,,,,,,,,,,,,,,
"void cublasLt::splitKreduce_kernel<(int)32, (int)16, int, float, float, float, float, (bool)0, float, float, float, (bool)1, (bool)0, (bool)0>(cublasLt::cublasSplitKParams<T6>, const T4 *, const T10 *, T9 *, T5 *, const T6 *, const T6 *, const T11 *, const T4 *, T11 *, void *, long, T6 *, int *, T6 *, T6 *, const T6 *, const T6 *, const T6 *, const T6 *, const T6 *)",1.63,2026-09-11T18:05:34.801485,"1,12,1","32,16,1",44,0,0,0,,,,,,,,,,,,,,,,,,,
ucopy_f32,2.142,2026-09-11T18:05:34.801498,"3,1,1","1024,1,1",24,0,0,0,,,,,,,,,,,,,,,,,,,
badd_f32,2.462,2026-09-11T18:05:34.801511,"3,1,1","1024,1,1",38,0,0,0,,,,,,,,,,,,,,,,,,,
urelu_f32,1.151,2026-09-11T18:05:34.801523,"3,1,1","1024,1,1",24,0,0,0,,,,,,,,,,,,,,,,,,,
im2col1d_f32,2.365,2026-09-11T18:05:34.801537,"2,1,1","1024,1,1",40,0,0,0,,,,,,,,,,,,,,,,,,,
ampere_sgemm_32x32_sliced1x4_tn,3.325,2026-09-11T18:05:34.801550,"1,3,48","128,1,1",86,32768,32768,0,,,,,,,,,,,,,,,,,,,
"void cublasLt::splitKreduce_kernel<(int)32, (int)16, int, float, float, float, float, (bool)0, float, float, float, (bool)1, (bool)0, (bool)0>(cublasLt::cublasSplitKParams<T6>, const T4 *, const T10 *, T9 *, T5 *, const T6 *, const T6 *, const T11 *, const T4 *, T11 *, void *, long, T6 *, int *, T6 *, T6 *, const T6 *, const T6 *, const T6 *, const T6 *, const T6 *)",2.525,2026-09-11T18:05:34.801563,"1,6,1","32,16,1",44,0,0,0,,,,,,,,,,,,,,,,,,,
ucopy_f32,2.333,2026-09-11T18:05:34.801576,"3,1,1","1024,1,1",24,0,0,0,,,,,,,,,,,,,,,,,,,
badd_f32,2.429,2026-09-11T18:05:34.801589,"3,1,1","1024,1,1",38,0,0,0,,,,,,,,,,,,,,,,,,,
urelu_f32,1.151,2026-09-11T18:05:34.801602,"3,1,1","1024,1,1",24,0,0,0,,,,,,,,,,,,,,,,,,,
"void dot_kernel<float, (int)128, (int)0, cublasDotParams<cublasGemvTensorStridedBatched<const float>, cublasGemvTensorStridedBatched<float>>>(T4)",2.685,2026-09-11T18:05:34.801615,"18,1,96","128,1,1",28,512,512,0,,,,,,,,,,,,,,,,,,,
"void reduce_1Block_kernel<float, (int)128, (int)7, cublasGemvTensorStridedBatched<float>, cublasGemvTensorStridedBatched<const float>, cublasGemvTensorStridedBatched<float>>(const T1 *, T1, T4, int, const T1 *, T1, T5, T6, cublasPointerMode_t, cublasLtEpilogue_t, cublasGemvTensorStridedBatched<const biasType<T6::value_type, T1>::type>)",1.279,2026-09-11T18:05:34.801629,"1,1,96","128,1,1",28,768,768,0,,,,,,,,,,,,,,,,,,,
badd_f32,1.119,2026-09-11T18:05:34.801642,"1,1,1","1024,1,1",38,0,0,0,,,,,,,,,,,,,,,,,,,
urelu_f32,1.087,2026-09-11T18:05:34.801656,"1,1,1","1024,1,1",24,0,0,0,,,,,,,,,,,,,,,,,,,
"std::enable_if<!T7, void>::type internal::gemvx::kernel<int, int, float, float, float, float, (bool)0, (bool)1, (bool)1, (bool)0, (int)6, (bool)0, cublasGemvParamsEx<int, cublasGemvTensorStridedBatched<const float>, cublasGemvTensorStridedBatched<const float>, cublasGemvTensorStridedBatched<float>, float>>(T13)",1.502,2026-09-11T18:05:34.801669,"2,1,1","4,16,1",166,320,0,320,,,,,,,,,,,,,,,,,,,
badd_f32,1.119,2026-09-11T18:05:34.801682,"1,1,1","1024,1,1",38,0,0,0,,,,,,,,,,,,,,,,,,,
urelu_f32,1.055,2026-09-11T18:05:34.801695,"1,1,1","1024,1,1",24,0,0,0,,,,,,,,,,,,,,,,,,,
copy2d_f32,1.087,2026-09-11T18:05:34.801708,"1,1,1","1024,1,1",16,0,0,0,,,,,,,,,,,,,,,,,,,
copy2d_f32,1.087,2026-09-11T18:05:34.801721,"1,1,1","1024,1,1",16,0,0,0,,,,,,,,,,,,,,,,,,,
copy2d_f32,1.055,2026-09-11T18:05:34.801734,"1,1,1","1024,1,1",16,0,0,0,,,,,,,,,,,,,,,,,,,
layernorm_f32,2.621,2026-09-11T18:05:34.801747,"1,1,1","32,1,1",28,256,256,0,,,,,,,,,,,,,,,,,,,
copy2d_f32,1.087,2026-09-11T18:05:34.801760,"1,1,1","1024,1,1",16,0,0,0,,,,,,,,,,,,,,,,,,,
copy2d_f32,1.055,2026-09-11T18:05:34.801773,"1,1,1","1024,1,1",16,0,0,0,,,,,,,,,,,,,,,,,,,
copy2d_f32,1.055,2026-09-11T18:05:34.801786,"1,1,1","1024,1,1",16,0,0,0,,,,,,,,,,,,,,,,,,,
"std::enable_if<!T7, void>::type internal::gemvx::kernel<int, int, float, float, float, float, (bool)0, (bool)1, (bool)1, (bool)0, (int)8, (bool)0, cublasGemvParamsEx<int, cublasGemvTensorStridedBatched<const float>, cublasGemvTensorStridedBatched<const float>, cublasGemvTensorStridedBatched<float>, float>>(T13)",2.014,2026-09-11T18:05:34.801801,"32,1,1","16,16,1",159,1088,0,1088,,,,,,,,,,,,,,,,,,,
badd_f32,1.151,2026-09-11T18:05:34.801824,"1,1,1","1024,1,1",38,0,0,0,,,,,,,,,,,,,,,,,,,
urelu_f32,1.119,2026-09-11T18:05:34.801838,"1,1,1","1024,1,1",24,0,0,0,,,,,,,,,,,,,,,,,,,
"void gemv2T_kernel_val<int, int, float, float, float, float, (int)128, (int)16, (int)2, (int)2, (bool)0, (bool)0, cublasGemvParamsEx<int, cublasGemvTensorStridedBatched<const float>, cublasGemvTensorStridedBatched<const float>, cublasGemvTensorStridedBatched<float>, float>>(T13, T6, T6)",2.397,2026-09-11T18:05:34.801851,"64,1,1","128,1,1",47,1536,1536,0,,,,,,,,,,,,,,,,,,,
badd_f32,1.151,2026-09-11T18:05:34.801878,"1,1,1","1024,1,1",38,0,0,0,,,,,,,,,,,,,,,,,,,
bmaximum_f32,1.982,2026-09-11T18:05:34.801891,"1,1,1","1024,1,1",38,0,0,0,,,,,,,,,,,,,,,,,,,
bminimum_f32,1.983,2026-09-11T18:05:34.801904,"1,1,1","1024,1,1",38,0,0,0,,,,,,,,,,,,,,,,,,,
"std::enable_if<!T7, void>::type internal::gemvx::kernel<int, int, float, float, float, float, (bool)0, (bool)1, (bool)1, (bool)0, (int)8, (bool)0, cublasGemvParamsEx<int, cublasGemvTensorStridedBatched<const float>, cublasGemvTensorStridedBatched<const float>, cublasGemvTensorStridedBatched<float>, float>>(T13)",2.909,2026-09-11T18:05:34.801921,"64,1,1","16,16,1",159,1088,0,1088,,,,,,,,,,,,,,,,,,,
badd_f32,1.279,2026-09-11T18:05:34.801934,"1,1,1","1024,1,1",38,0,0,0,,,,,,,,,,,,,,,,,,,
"std::enable_if<!T7, void>::type internal::gemvx::kernel<int, int, float, float, float, float, (bool)0, (bool)1, (bool)1, (bool)0, (int)8, (bool)0, cublasGemvParamsEx<int, cublasGemvTensorStridedBatched<const float>, cublasGemvTensorStridedBatched<const float>, cublasGemvTensorStridedBatched<float>, float>>(T13)",2.142,2026-09-11T18:05:34.801947,"32,1,1","16,16,1",159,1088,0,1088,,,,,,,,,,,,,,,,,,,
badd_f32,1.15,2026-09-11T18:05:34.801960,"1,1,1","1024,1,1",38,0,0,0,,,,,,,,,,,,,,,,,,,
urelu_f32,1.183,2026-09-11T18:05:34.801993,"1,1,1","1024,1,1",24,0,0,0,,,,,,,,,,,,,,,,,,,
"void gemv2T_kernel_val<int, int, float, float, float, float, (int)128, (int)16, (int)4, (int)4, (bool)0, (bool)0, cublasGemvParamsEx<int, cublasGemvTensorStridedBatched<const float>, cublasGemvTensorStridedBatched<const float>, cublasGemvTensorStridedBatched<float>, float>>(T13, T6, T6)",3.868,2026-09-11T18:05:34.802011,"512,1,1","128,1,1",59,2560,2560,0,,,,,,,,,,,,,,,,,,,
badd_f32,1.279,2026-09-11T18:05:34.802025,"4,1,1","1024,1,1",38,0,0,0,,,,,,,,,,,,,,,,,,,
im2col_f32,2.302,2026-09-11T18:05:34.802038,"7,1,1","1024,1,1",36,0,0,0,,,,,,,,,,,,,,,,,,,
ampere_sgemm_32x32_sliced1x4_tn,3.516,2026-09-11T18:05:34.802052,"1,24,9","128,1,1",86,32768,32768,0,,,,,,,,,,,,,,,,,,,
"void cublasLt::splitKreduce_kernel<(int)32, (int)16, int, float, float, float, float, (bool)0, float, float, float, (bool)1, (bool)0, (bool)0>(cublasLt::cublasSplitKParams<T6>, const T4 *, const T10 *, T9 *, T5 *, const T6 *, const T6 *, const T11 *, const T4 *, T11 *, void *, long, T6 *, int *, T6 *, T6 *, const T6 *, const T6 *, const T6 *, const T6 *, const T6 *)",1.503,2026-09-11T18:05:34.802065,"1,48,1","32,16,1",44,0,0,0,,,,,,,,,,,,,,,,,,,
ucopy_f32,2.397,2026-09-11T18:05:34.802078,"6,1,1","1024,1,1",24,0,0,0,,,,,,,,,,,,,,,,,,,
badd_f32,2.717,2026-09-11T18:05:34.802091,"6,1,1","1024,1,1",38,0,0,0,,,,,,,,,,,,,,,,,,,
urelu_f32,1.215,2026-09-11T18:05:34.802104,"6,1,1","1024,1,1",24,0,0,0,,,,,,,,,,,,,,,,,,,
im2col_f32,2.333,2026-09-11T18:05:34.802117,"14,1,1","1024,1,1",36,0,0,0,,,,,,,,,,,,,,,,,,,
ampere_sgemm_32x32_sliced1x4_tn,3.325,2026-09-11T18:05:34.802130,"1,6,36","128,1,1",86,32768,32768,0,,,,,,,,,,,,,,,,,,,
"void cublasLt::splitKreduce_kernel<(int)32, (int)16, int, float, float, float, float, (bool)0, float, float, float, (bool)1, (bool)0, (bool)0>(cublasLt::cublasSplitKParams<T6>, const T4 *, const T10 *, T9 *, T5 *, const T6 *, const T6 *, const T11 *, const T4 *, T11 *, void *, long, T6 *, int *, T6 *, T6 *, const T6 *, const T6 *, const T6 *, const T6 *, const T6 *)",1.917,2026-09-11T18:05:34.802143,"1,12,1","32,16,1",44,0,0,0,,,,,,,,,,,,,,,,,,,
ucopy_f32,2.334,2026-09-11T18:05:34.802156,"3,1,1","1024,1,1",24,0,0,0,,,,,,,,,,,,,,,,,,,
badd_f32,2.717,2026-09-11T18:05:34.802169,"3,1,1","1024,1,1",38,0,0,0,,,,,,,,,,,,,,,,,,,
urelu_f32,1.151,2026-09-11T18:05:34.802183,"3,1,1","1024,1,1",24,0,0,0,,,,,,,,,,,,,,,,,,,
im2col_f32,2.333,2026-09-11T18:05:34.802196,"7,1,1","1024,1,1",36,0,0,0,,,,,,,,,,,,,,,,,,,
ampere_sgemm_32x32_sliced1x4_tn,3.293,2026-09-11T18:05:34.802209,"1,2,72","128,1,1",86,32768,32768,0,,,,,,,,,,,,,,,,,,,
"void cublasLt::splitKreduce_kernel<(int)32, (int)16, int, float, float, float, float, (bool)0, float, float, float, (bool)1, (bool)0, (bool)0>(cublasLt::cublasSplitKParams<T6>, const T4 *, const T10 *, T9 *, T5 *, const T6 *, const T6 *, const T11 *, const T4 *, T11 *, void *, long, T6 *, int *, T6 *, T6 *, const T6 *, const T6 *, const T6 *, const T6 *, const T6 *)",3.197,2026-09-11T18:05:34.802222,"1,3,1","32,16,1",44,0,0,0,,,,,,,,,,,,,,,,,,,
ucopy_f32,2.462,2026-09-11T18:05:34.802235,"2,1,1","1024,1,1",24,0,0,0,,,,,,,,,,,,,,,,,,,
badd_f32,2.653,2026-09-11T18:05:34.802248,"2,1,1","1024,1,1",38,0,0,0,,,,,,,,,,,,,,,,,,,
urelu_f32,1.15,2026-09-11T18:05:34.802261,"2,1,1","1024,1,1",24,0,0,0,,,,,,,,,,,,,,,,,,,
"std::enable_if<!T7, void>::type internal::gemvx::kernel<int, int, float, float, float, float, (bool)0, (bool)1, (bool)1, (bool)0, (int)7, (bool)0, cublasGemvParamsEx<int, cublasGemvTensorStridedBatched<const float>, cublasGemvTensorStridedBatched<const float>, cublasGemvTensorStridedBatched<float>, float>>(T13)",2.909,2026-09-11T18:05:34.802274,"32,1,1","32,4,1",159,528,0,528,,,,,,,,,,,,,,,,,,,
badd_f32,1.119,2026-09-11T18:05:34.802287,"1,1,1","1024,1,1",38,0,0,0,,,,,,,,,,,,,,,,,,,
urelu_f32,1.087,2026-09-11T18:05:34.802300,"1,1,1","1024,1,1",24,0,0,0,,,,,,,,,,,,,,,,,,,
im2col1d_f32,2.11,2026-09-11T18:05:34.802313,"1,1,1","1024,1,1",40,0,0,0,,,,,,,,,,,,,,,,,,,
ampere_sgemm_32x32_sliced1x4_tn,2.781,2026-09-11T18:05:34.802327,"1,12,6","128,1,1",86,32768,32768,0,,,,,,,,,,,,,,,,,,,
"void cublasLt::splitKreduce_kernel<(int)32, (int)16, int, float, float, float, float, (bool)0, float, float, float, (bool)1, (bool)0, (bool)0>(cublasLt::cublasSplitKParams<T6>, const T4 *, const T10 *, T9 *, T5 *, const T6 *, const T6 *, const T11 *, const T4 *, T11 *, void *, long, T6 *, int *, T6 *, T6 *, const T6 *, const T6 *, const T6 *, const T6 *, const T6 *)",1.534,2026-09-11T18:05:34.802341,"1,23,1","32,16,1",44,0,0,0,,,,,,,,,,,,,,,,,,,
ucopy_f32,2.11,2026-09-11T18:05:34.802355,"3,1,1","1024,1,1",24,0,0,0,,,,,,,,,,,,,,,,,,,
badd_f32,2.461,2026-09-11T18:05:34.802369,"3,1,1","1024,1,1",38,0,0,0,,,,,,,,,,,,,,,,,,,
urelu_f32,1.151,2026-09-11T18:05:34.802382,"3,1,1","1024,1,1",24,0,0,0,,,,,,,,,,,,,,,,,,,
im2col1d_f32,2.27,2026-09-11T18:05:34.802395,"2,1,1","1024,1,1",40,0,0,0,,,,,,,,,,,,,,,,,,,
ampere_sgemm_32x32_sliced1x4_tn,3.389,2026-09-11T18:05:34.802408,"1,6,24","128,1,1",86,32768,32768,0,,,,,,,,,,,,,,,,,,,
"void cublasLt::splitKreduce_kernel<(int)32, (int)16, int, float, float, float, float, (bool)0, float, float, float, (bool)1, (bool)0, (bool)0>(cublasLt::cublasSplitKParams<T6>, const T4 *, const T10 *, T9 *, T5 *, const T6 *, const T6 *, const T11 *, const T4 *, T11 *, void *, long, T6 *, int *, T6 *, T6 *, const T6 *, const T6 *, const T6 *, const T6 *, const T6 *)",1.631,2026-09-11T18:05:34.802432,"1,12,1","32,16,1",44,0,0,0,,,,,,,,,,,,,,,,,,,
ucopy_f32,2.11,2026-09-11T18:05:34.802447,"3,1,1","1024,1,1",24,0,0,0,,,,,,,,,,,,,,,,,,,
badd_f32,2.43,2026-09-11T18:05:34.802460,"3,1,1","1024,1,1",38,0,0,0,,,,,,,,,,,,,,,,,,,
urelu_f32,1.151,2026-09-11T18:05:34.802472,"3,1,1","1024,1,1",24,0,0,0,,,,,,,,,,,,,,,,,,,
im2col1d_f32,2.27,2026-09-11T18:05:34.802485,"2,1,1","1024,1,1",40,0,0,0,,,,,,,,,,,,,,,,,,,
ampere_sgemm_32x32_sliced1x4_tn,3.356,2026-09-11T18:05:34.802498,"1,3,48","128,1,1",86,32768,32768,0,,,,,,,,,,,,,,,,,,,
"void cublasLt::splitKreduce_kernel<(int)32, (int)16, int, float, float, float, float, (bool)0, float, float, float, (bool)1, (bool)0, (bool)0>(cublasLt::cublasSplitKParams<T6>, const T4 *, const T10 *, T9 *, T5 *, const T6 *, const T6 *, const T11 *, const T4 *, T11 *, void *, long, T6 *, int *, T6 *, T6 *, const T6 *, const T6 *, const T6 *, const T6 *, const T6 *)",2.525,2026-09-11T18:05:34.802511,"1,6,1","32,16,1",44,0,0,0,,,,,,,,,,,,,,,,,,,
ucopy_f32,2.301,2026-09-11T18:05:34.802532,"3,1,1","1024,1,1",24,0,0,0,,,,,,,,,,,,,,,,,,,
badd_f32,2.462,2026-09-11T18:05:34.802556,"3,1,1","1024,1,1",38,0,0,0,,,,,,,,,,,,,,,,,,,
urelu_f32,1.151,2026-09-11T18:05:34.802572,"3,1,1","1024,1,1",24,0,0,0,,,,,,,,,,,,,,,,,,,
"void dot_kernel<float, (int)128, (int)0, cublasDotParams<cublasGemvTensorStridedBatched<const float>, cublasGemvTensorStridedBatched<float>>>(T4)",2.749,2026-09-11T18:05:34.802585,"18,1,96","128,1,1",28,512,512,0,,,,,,,,,,,,,,,,,,,
"void reduce_1Block_kernel<float, (int)128, (int)7, cublasGemvTensorStridedBatched<float>, cublasGemvTensorStridedBatched<const float>, cublasGemvTensorStridedBatched<float>>(const T1 *, T1, T4, int, const T1 *, T1, T5, T6, cublasPointerMode_t, cublasLtEpilogue_t, cublasGemvTensorStridedBatched<const biasType<T6::value_type, T1>::type>)",1.343,2026-09-11T18:05:34.802598,"1,1,96","128,1,1",28,768,768,0,,,,,,,,,,,,,,,,,,,
badd_f32,1.119,2026-09-11T18:05:34.802611,"1,1,1","1024,1,1",38,0,0,0,,,,,,,,,,,,,,,,,,,
urelu_f32,1.119,2026-09-11T18:05:34.802624,"1,1,1","1024,1,1",24,0,0,0,,,,,,,,,,,,,,,,,,,
"std::enable_if<!T7, void>::type internal::gemvx::kernel<int, int, float, float, float, float, (bool)0, (bool)1, (bool)1, (bool)0, (int)6, (bool)0, cublasGemvParamsEx<int, cublasGemvTensorStridedBatched<const float>, cublasGemvTensorStridedBatched<const float>, cublasGemvTensorStridedBatched<float>, float>>(T13)",1.662,2026-09-11T18:05:34.802637,"2,1,1","4,16,1",166,320,0,320,,,,,,,,,,,,,,,,,,,
badd_f32,1.119,2026-09-11T18:05:34.802650,"1,1,1","1024,1,1",38,0,0,0,,,,,,,,,,,,,,,,,,,
urelu_f32,1.054,2026-09-11T18:05:34.802663,"1,1,1","1024,1,1",24,0,0,0,,,,,,,,,,,,,,,,,,,
copy2d_f32,1.087,2026-09-11T18:05:34.802676,"1,1,1","1024,1,1",16,0,0,0,,,,,,,,,,,,,,,,,,,
copy2d_f32,1.055,2026-09-11T18:05:34.802688,"1,1,1","1024,1,1",16,0,0,0,,,,,,,,,,,,,,,,,,,
copy2d_f32,1.055,2026-09-11T18:05:34.802701,"1,1,1","1024,1,1",16,0,0,0,,,,,,,,,,,,,,,,,,,
layernorm_f32,2.621,2026-09-11T18:05:34.802715,"1,1,1","32,1,1",28,256,256,0,,,,,,,,,,,,,,,,,,,
copy2d_f32,1.055,2026-09-11T18:05:34.802729,"1,1,1","1024,1,1",16,0,0,0,,,,,,,,,,,,,,,,,,,
copy2d_f32,1.055,2026-09-11T18:05:34.802742,"1,1,1","1024,1,1",16,0,0,0,,,,,,,,,,,,,,,,,,,
copy2d_f32,1.087,2026-09-11T18:05:34.802756,"1,1,1","1024,1,1",16,0,0,0,,,,,,,,,,,,,,,,,,,
"std::enable_if<!T7, void>::type internal::gemvx::kernel<int, int, float, float, float, float, (bool)0, (bool)1, (bool)1, (bool)0, (int)8, (bool)0, cublasGemvParamsEx<int, cublasGemvTensorStridedBatched<const float>, cublasGemvTensorStridedBatched<const float>, cublasGemvTensorStridedBatched<float>, float>>(T13)",2.205,2026-09-11T18:05:34.802770,"32,1,1","16,16,1",159,1088,0,1088,,,,,,,,,,,,,,,,,,,
badd_f32,1.151,2026-09-11T18:05:34.802783,"1,1,1","1024,1,1",38,0,0,0,,,,,,,,,,,,,,,,,,,
urelu_f32,1.118,2026-09-11T18:05:34.802796,"1,1,1","1024,1,1",24,0,0,0,,,,,,,,,,,,,,,,,,,
"void gemv2T_kernel_val<int, int, float, float, float, float, (int)128, (int)16, (int)2, (int)2, (bool)0, (bool)0, cublasGemvParamsEx<int, cublasGemvTensorStridedBatched<const float>, cublasGemvTensorStridedBatched<const float>, cublasGemvTensorStridedBatched<float>, float>>(T13, T6, T6)",2.525,2026-09-11T18:05:34.802809,"64,1,1","128,1,1",47,1536,1536,0,,,,,,,,,,,,,,,,,,,
badd_f32,1.15,2026-09-11T18:05:34.802824,"1,1,1","1024,1,1",38,0,0,0,,,,,,,,,,,,,,,,,,,
bmaximum_f32,1.982,2026-09-11T18:05:34.802837,"1,1,1","1024,1,1",38,0,0,0,,,,,,,,,,,,,,,,,,,
bminimum_f32,1.983,2026-09-11T18:05:34.802850,"1,1,1","1024,1,1",38,0,0,0,,,,,,,,,,,,,,,,,,,
"std::enable_if<!T7, void>::type internal::gemvx::kernel<int, int, float, float, float, float, (bool)0, (bool)1, (bool)1, (bool)0, (int)8, (bool)0, cublasGemvParamsEx<int, cublasGemvTensorStridedBatched<const float>, cublasGemvTensorStridedBatched<const float>, cublasGemvTensorStridedBatched<float>, float>>(T13)",1.918,2026-09-11T18:05:34.802863,"64,1,1","16,16,1",159,1088,0,1088,,,,,,,,,,,,,,,,,,,
badd_f32,1.214,2026-09-11T18:05:34.802876,"1,1,1","1024,1,1",38,0,0,0,,,,,,,,,,,,,,,,,,,
"std::enable_if<!T7, void>::type internal::gemvx::kernel<int, int, float, float, float, float, (bool)0, (bool)1, (bool)1, (bool)0, (int)8, (bool)0, cublasGemvParamsEx<int, cublasGemvTensorStridedBatched<const float>, cublasGemvTensorStridedBatched<const float>, cublasGemvTensorStridedBatched<float>, float>>(T13)",1.886,2026-09-11T18:05:34.802890,"32,1,1","16,16,1",159,1088,0,1088,,,,,,,,,,,,,,,,,,,
badd_f32,1.151,2026-09-11T18:05:34.802911,"1,1,1","1024,1,1",38,0,0,0,,,,,,,,,,,,,,,,,,,
urelu_f32,1.119,2026-09-11T18:05:34.802927,"1,1,1","1024,1,1",24,0,0,0,,,,,,,,,,,,,,,,,,,
"void gemv2T_kernel_val<int, int, float, float, float, float, (int)128, (int)16, (int)4, (int)4, (bool)0, (bool)0, cublasGemvParamsEx<int, cublasGemvTensorStridedBatched<const float>, cublasGemvTensorStridedBatched<const float>, cublasGemvTensorStridedBatched<float>, float>>(T13, T6, T6)",3.9,2026-09-11T18:05:34.802940,"512,1,1","128,1,1",59,2560,2560,0,,,,,,,,,,,,,,,,,,,
badd_f32,1.215,2026-09-11T18:05:34.802953,"4,1,1","1024,1,1",38,0,0,0,,,,,,,,,,,,,,,,,,,
im2col_f32,2.301,2026-09-11T18:05:34.802965,"7,1,1","1024,1,1",36,0,0,0,,,,,,,,,,,,,,,,,,,
ampere_sgemm_32x32_sliced1x4_tn,3.42,2026-09-11T18:05:34.802979,"1,24,9","128,1,1",86,32768,32768,0,,,,,,,,,,,,,,,,,,,
"void cublasLt::splitKreduce_kernel<(int)32, (int)16, int, float, float, float, float, (bool)0, float, float, float, (bool)1, (bool)0, (bool)0>(cublasLt::cublasSplitKParams<T6>, const T4 *, const T10 *, T9 *, T5 *, const T6 *, const T6 *, const T11 *, const T4 *, T11 *, void *, long, T6 *, int *, T6 *, T6 *, const T6 *, const T6 *, const T6 *, const T6 *, const T6 *)",1.471,2026-09-11T18:05:34.802992,"1,48,1","32,16,1",44,0,0,0,,,,,,,,,,,,,,,,,,,
ucopy_f32,2.365,2026-09-11T18:05:34.803004,"6,1,1","1024,1,1",24,0,0,0,,,,,,,,,,,,,,,,,,,
badd_f32,2.685,2026-09-11T18:05:34.803017,"6,1,1","1024,1,1",38,0,0,0,,,,,,,,,,,,,,,,,,,
urelu_f32,1.215,2026-09-11T18:05:34.803030,"6,1,1","1024,1,1",24,0,0,0,,,,,,,,,,,,,,,,,,,
im2col_f32,2.302,2026-09-11T18:05:34.803043,"14,1,1","1024,1,1",36,0,0,0,,,,,,,,,,,,,,,,,,,
ampere_sgemm_32x32_sliced1x4_tn,3.325,2026-09-11T18:05:34.803056,"1,6,36","128,1,1",86,32768,32768,0,,,,,,,,,,,,,,,,,,,
"void cublasLt::splitKreduce_kernel<(int)32, (int)16, int, float, float, float, float, (bool)0, float, float, float, (bool)1, (bool)0, (bool)0>(cublasLt::cublasSplitKParams<T6>, const T4 *, const T10 *, T9 *, T5 *, const T6 *, const T6 *, const T11 *, const T4 *, T11 *, void *, long, T6 *, int *, T6 *, T6 *, const T6 *, const T6 *, const T6 *, const T6 *, const T6 *)",1.917,2026-09-11T18:05:34.803073,"1,12,1","32,16,1",44,0,0,0,,,,,,,,,,,,,,,,,,,
ucopy_f32,2.334,2026-09-11T18:05:34.803086,"3,1,1","1024,1,1",24,0,0,0,,,,,,,,,,,,,,,,,,,
badd_f32,2.653,2026-09-11T18:05:34.803099,"3,1,1","1024,1,1",38,0,0,0,,,,,,,,,,,,,,,,,,,
urelu_f32,1.15,2026-09-11T18:05:34.803112,"3,1,1","1024,1,1",24,0,0,0,,,,,,,,,,,,,,,,,,,
im2col_f32,2.302,2026-09-11T18:05:34.803125,"7,1,1","1024,1,1",36,0,0,0,,,,,,,,,,,,,,,,,,,
ampere_sgemm_32x32_sliced1x4_tn,3.26,2026-09-11T18:05:34.803138,"1,2,72","128,1,1",86,32768,32768,0,,,,,,,,,,,,,,,,,,,
"void cublasLt::splitKreduce_kernel<(int)32, (int)16, int, float, float, float, float, (bool)0, float, float, float, (bool)1, (bool)0, (bool)0>(cublasLt::cublasSplitKParams<T6>, const T4 *, const T10 *, T9 *, T5 *, const T6 *, const T6 *, const T11 *, const T4 *, T11 *, void *, long, T6 *, int *, T6 *, T6 *, const T6 *, const T6 *, const T6 *, const T6 *, const T6 *)",3.228,2026-09-11T18:05:34.803151,"1,3,1","32,16,1",44,0,0,0,,,,,,,,,,,,,,,,,,,
ucopy_f32,2.494,2026-09-11T18:05:34.803172,"2,1,1","1024,1,1",24,0,0,0,,,,,,,,,,,,,,,,,,,
badd_f32,2.653,2026-09-11T18:05:34.803187,"2,1,1","1024,1,1",38,0,0,0,,,,,,,,,,,,,,,,,,,
urelu_f32,1.15,2026-09-11T18:05:34.803200,"2,1,1","1024,1,1",24,0,0,0,,,,,,,,,,,,,,,,,,,
"std::enable_if<!T7, void>::type internal::gemvx::kernel<int, int, float, float, float, float, (bool)0, (bool)1, (bool)1, (bool)0, (int)7, (bool)0, cublasGemvParamsEx<int, cublasGemvTensorStridedBatched<const float>, cublasGemvTensorStridedBatched<const float>, cublasGemvTensorStridedBatched<float>, float>>(T13)",2.43,2026-09-11T18:05:34.803213,"32,1,1","32,4,1",159,528,0,528,,,,,,,,,,,,,,,,,,,
badd_f32,1.087,2026-09-11T18:05:34.803226,"1,1,1","1024,1,1",38,0,0,0,,,,,,,,,,,,,,,,,,,
urelu_f32,1.087,2026-09-11T18:05:34.803239,"1,1,1","1024,1,1",24,0,0,0,,,,,,,,,,,,,,,,,,,
im2col1d_f32,2.045,2026-09-11T18:05:34.803255,"1,1,1","1024,1,1",40,0,0,0,,,,,,,,,,,,,,,,,,,
ampere_sgemm_32x32_sliced1x4_tn,2.813,2026-09-11T18:05:34.803270,"1,12,6","128,1,1",86,32768,32768,0,,,,,,,,,,,,,,,,,,,
"void cublasLt::splitKreduce_kernel<(int)32, (int)16, int, float, float, float, float, (bool)0, float, float, float, (bool)1, (bool)0, (bool)0>(cublasLt::cublasSplitKParams<T6>, const T4 *, const T10 *, T9 *, T5 *, const T6 *, const T6 *, const T11 *, const T4 *, T11 *, void *, long, T6 *, int *, T6 *, T6 *, const T6 *, const T6 *, const T6 *, const T6 *, const T6 *)",1.502,2026-09-11T18:05:34.803283,"1,23,1","32,16,1",44,0,0,0,,,,,,,,,,,,,,,,,,,
ucopy_f32,2.077,2026-09-11T18:05:34.803296,"3,1,1","1024,1,1",24,0,0,0,,,,,,,,,,,,,,,,,,,
badd_f32,2.43,2026-09-11T18:05:34.803309,"3,1,1","1024,1,1",38,0,0,0,,,,,,,,,,,,,,,,,,,
urelu_f32,1.183,2026-09-11T18:05:34.803322,"3,1,1","1024,1,1",24,0,0,0,,,,,,,,,,,,,,,,,,,
im2col1d_f32,2.27,2026-09-11T18:05:34.803334,"2,1,1","1024,1,1",40,0,0,0,,,,,,,,,,,,,,,,,,,
ampere_sgemm_32x32_sliced1x4_tn,3.42,2026-09-11T18:05:34.803347,"1,6,24","128,1,1",86,32768,32768,0,,,,,,,,,,,,,,,,,,,
"void cublasLt::splitKreduce_kernel<(int)32, (int)16, int, float, float, float, float, (bool)0, float, float, float, (bool)1, (bool)0, (bool)0>(cublasLt::cublasSplitKParams<T6>, const T4 *, const T10 *, T9 *, T5 *, const T6 *, const T6 *, const T11 *, const T4 *, T11 *, void *, long, T6 *, int *, T6 *, T6 *, const T6 *, const T6 *, const T6 *, const T6 *, const T6 *)",1.63,2026-09-11T18:05:34.803360,"1,12,1","32,16,1",44,0,0,0,,,,,,,,,,,,,,,,,,,
ucopy_f32,2.206,2026-09-11T18:05:34.803373,"3,1,1","1024,1,1",24,0,0,0,,,,,,,,,,,,,,,,,,,
badd_f32,2.493,2026-09-11T18:05:34.803386,"3,1,1","1024,1,1",38,0,0,0,,,,,,,,,,,,,,,,,,,
urelu_f32,1.151,2026-09-11T18:05:34.803398,"3,1,1","1024,1,1",24,0,0,0,,,,,,,,,,,,,,,,,,,
im2col1d_f32,2.302,2026-09-11T18:05:34.803422,"2,1,1","1024,1,1",40,0,0,0,,,,,,,,,,,,,,,,,,,
ampere_sgemm_32x32_sliced1x4_tn,3.357,2026-09-11T18:05:34.803435,"1,3,48","128,1,1",86,32768,32768,0,,,,,,,,,,,,,,,,,,,
"void cublasLt::splitKreduce_kernel<(int)32, (int)16, int, float, float, float, float, (bool)0, float, float, float, (bool)1, (bool)0, (bool)0>(cublasLt::cublasSplitKParams<T6>, const T4 *, const T10 *, T9 *, T5 *, const T6 *, const T6 *, const T11 *, const T4 *, T11 *, void *, long, T6 *, int *, T6 *, T6 *, const T6 *, const T6 *, const T6 *, const T6 *, const T6 *)",2.526,2026-09-11T18:05:34.803458,"1,6,1","32,16,1",44,0,0,0,,,,,,,,,,,,,,,,,,,
ucopy_f32,2.333,2026-09-11T18:05:34.803471,"3,1,1","1024,1,1",24,0,0,0,,,,,,,,,,,,,,,,,,,
badd_f32,2.43,2026-09-11T18:05:34.803484,"3,1,1","1024,1,1",38,0,0,0,,,,,,,,,,,,,,,,,,,
urelu_f32,1.151,2026-09-11T18:05:34.803497,"3,1,1","1024,1,1",24,0,0,0,,,,,,,,,,,,,,,,,,,
"void dot_kernel<float, (int)128, (int)0, cublasDotParams<cublasGemvTensorStridedBatched<const float>, cublasGemvTensorStridedBatched<float>>>(T4)",2.621,2026-09-11T18:05:34.803510,"18,1,96","128,1,1",28,512,512,0,,,,,,,,,,,,,,,,,,,
"void reduce_1Block_kernel<float, (int)128, (int)7, cublasGemvTensorStridedBatched<float>, cublasGemvTensorStridedBatched<const float>, cublasGemvTensorStridedBatched<float>>(const T1 *, T1, T4, int, const T1 *, T1, T5, T6, cublasPointerMode_t, cublasLtEpilogue_t, cublasGemvTensorStridedBatched<const biasType<T6::value_type, T1>::type>)",1.279,2026-09-11T18:05:34.803524,"1,1,96","128,1,1",28,768,768,0,,,,,,,,,,,,,,,,,,,
badd_f32,1.119,2026-09-11T18:05:34.803537,"1,1,1","1024,1,1",38,0,0,0,,,,,,,,,,,,,,,,,,,
urelu_f32,1.119,2026-09-11T18:05:34.803549,"1,1,1","1024,1,1",24,0,0,0,,,,,,,,,,,,,,,,,,,
"std::enable_if<!T7, void>::type internal::gemvx::kernel<int, int, float, float, float, float, (bool)0, (bool)1, (bool)1, (bool)0, (int)6, (bool)0, cublasGemvParamsEx<int, cublasGemvTensorStridedBatched<const float>, cublasGemvTensorStridedBatched<const float>, cublasGemvTensorStridedBatched<float>, float>>(T13)",1.503,2026-09-11T18:05:34.803562,"2,1,1","4,16,1",166,320,0,320,,,,,,,,,,,,,,,,,,,
badd_f32,1.087,2026-09-11T18:05:34.803577,"1,1,1","1024,1,1",38,0,0,0,,,,,,,,,,,,,,,,,,,
urelu_f32,1.055,2026-09-11T18:05:34.803590,"1,1,1","1024,1,1",24,0,0,0,,,,,,,,,,,,,,,,,,,
copy2d_f32,1.087,2026-09-11T18:05:34.803606,"1,1,1","1024,1,1",16,0,0,0,,,,,,,,,,,,,,,,,,,
copy2d_f32,1.087,2026-09-11T18:05:34.803619,"1,1,1","1024,1,1",16,0,0,0,,,,,,,,,,,,,,,,,,,
copy2d_f32,1.055,2026-09-11T18:05:34.803632,"1,1,1","1024,1,1",16,0,0,0,,,,,,,,,,,,,,,,,,,
layernorm_f32,2.589,2026-09-11T18:05:34.803644,"1,1,1","32,1,1",28,256,256,0,,,,,,,,,,,,,,,,,,,
copy2d_f32,1.055,2026-09-11T18:05:34.803657,"1,1,1","1024,1,1",16,0,0,0,,,,,,,,,,,,,,,,,,,
copy2d_f32,1.054,2026-09-11T18:05:34.803670,"1,1,1","1024,1,1",16,0,0,0,,,,,,,,,,,,,,,,,,,
copy2d_f32,1.055,2026-09-11T18:05:34.803684,"1,1,1","1024,1,1",16,0,0,0,,,,,,,,,,,,,,,,,,,
"std::enable_if<!T7, void>::type internal::gemvx::kernel<int, int, float, float, float, float, (bool)0, (bool)1, (bool)1, (bool)0, (int)8, (bool)0, cublasGemvParamsEx<int, cublasGemvTensorStridedBatched<const float>, cublasGemvTensorStridedBatched<const float>, cublasGemvTensorStridedBatched<float>, float>>(T13)",2.046,2026-09-11T18:05:34.803706,"32,1,1","16,16,1",159,1088,0,1088,,,,,,,,,,,,,,,,,,,
badd_f32,1.15,2026-09-11T18:05:34.803729,"1,1,1","1024,1,1",38,0,0,0,,,,,,,,,,,,,,,,,,,
urelu_f32,1.119,2026-09-11T18:05:34.803751,"1,1,1","1024,1,1",24,0,0,0,,,,,,,,,,,,,,,,,,,
"void gemv2T_kernel_val<int, int, float, float, float, float, (int)128, (int)16, (int)2, (int)2, (bool)0, (bool)0, cublasGemvParamsEx<int, cublasGemvTensorStridedBatched<const float>, cublasGemvTensorStridedBatched<const float>, cublasGemvTensorStridedBatched<float>, float>>(T13, T6, T6)",2.493,2026-09-11T18:05:34.803772,"64,1,1","128,1,1",47,1536,1536,0,,,,,,,,,,,,,,,,,,,
badd_f32,1.151,2026-09-11T18:05:34.803788,"1,1,1","1024,1,1",38,0,0,0,,,,,,,,,,,,,,,,,,,
bmaximum_f32,2.014,2026-09-11T18:05:34.803801,"1,1,1","1024,1,1",38,0,0,0,,,,,,,,,,,,,,,,,,,
bminimum_f32,1.982,2026-09-11T18:05:34.803816,"1,1,1","1024,1,1",38,0,0,0,,,,,,,,,,,,,,,,,,,
"std::enable_if<!T7, void>::type internal::gemvx::kernel<int, int, float, float, float, float, (bool)0, (bool)1, (bool)1, (bool)0, (int)8, (bool)0, cublasGemvParamsEx<int, cublasGemvTensorStridedBatched<const float>, cublasGemvTensorStridedBatched<const float>, cublasGemvTensorStridedBatched<float>, float>>(T13)",1.982,2026-09-11T18:05:34.803829,"64,1,1","16,16,1",159,1088,0,1088,,,,,,,,,,,,,,,,,,,
badd_f32,1.214,2026-09-11T18:05:34.803843,"1,1,1","1024,1,1",38,0,0,0,,,,,,,,,,,,,,,,,,,
"std::enable_if<!T7, void>::type internal::gemvx::kernel<int, int, float, float, float, float, (bool)0, (bool)1, (bool)1, (bool)0, (int)8, (bool)0, cublasGemvParamsEx<int, cublasGemvTensorStridedBatched<const float>, cublasGemvTensorStridedBatched<const float>, cublasGemvTensorStridedBatched<float>, float>>(T13)",1.95,2026-09-11T18:05:34.803856,"32,1,1","16,16,1",159,1088,0,1088,,,,,,,,,,,,,,,,,,,
badd_f32,1.183,2026-09-11T18:05:34.803869,"1,1,1","1024,1,1",38,0,0,0,,,,,,,,,,,,,,,,,,,
urelu_f32,1.119,2026-09-11T18:05:34.803882,"1,1,1","1024,1,1",24,0,0,0,,,,,,,,,,,,,,,,,,,
"void gemv2T_kernel_val<int, int, float, float, float, float, (int)128, (int)16, (int)4, (int)4, (bool)0, (bool)0, cublasGemvParamsEx<int, cublasGemvTensorStridedBatched<const float>, cublasGemvTensorStridedBatched<const float>, cublasGemvTensorStridedBatched<float>, float>>(T13, T6, T6)",3.868,2026-09-11T18:05:34.803896,"512,1,1","128,1,1",59,2560,2560,0,,,,,,,,,,,,,,,,,,,
badd_f32,1.215,2026-09-11T18:05:34.803909,"4,1,1","1024,1,1",38,0,0,0,,,,,,,,,,,,,,,,,,,
im2col_f32,2.333,2026-09-11T18:05:34.803922,"7,1,1","1024,1,1",36,0,0,0,,,,,,,,,,,,,,,,,,,
ampere_sgemm_32x32_sliced1x4_tn,3.484,2026-09-11T18:05:34.803935,"1,24,9","128,1,1",86,32768,32768,0,,,,,,,,,,,,,,,,,,,
"void cublasLt::splitKreduce_kernel<(int)32, (int)16, int, float, float, float, float, (bool)0, float, float, float, (bool)1, (bool)0, (bool)0>(cublasLt::cublasSplitKParams<T6>, const T4 *, const T10 *, T9 *, T5 *, const T6 *, const T6 *, const T11 *, const T4 *, T11 *, void *, long, T6 *, int *, T6 *, T6 *, const T6 *, const T6 *, const T6 *, const T6 *, const T6 *)",1.502,2026-09-11T18:05:34.803949,"1,48,1","32,16,1",44,0,0,0,,,,,,,,,,,,,,,,,,,
ucopy_f32,2.397,2026-09-11T18:05:34.803962,"6,1,1","1024,1,1",24,0,0,0,,,,,,,,,,,,,,,,,,,
badd_f32,2.749,2026-09-11T18:05:34.803996,"6,1,1","1024,1,1",38,0,0,0,,,,,,,,,,,,,,,,,,,
urelu_f32,1.215,2026-09-11T18:05:34.804015,"6,1,1","1024,1,1",24,0,0,0,,,,,,,,,,,,,,,,,,,
im2col_f32,2.333,2026-09-11T18:05:34.804030,"14,1,1","1024,1,1",36,0,0,0,,,,,,,,,,,,,,,,,,,
ampere_sgemm_32x32_sliced1x4_tn,3.324,2026-09-11T18:05:34.804053,"1,6,36","128,1,1",86,32768,32768,0,,,,,,,,,,,,,,,,,,,
"void cublasLt::splitKreduce_kernel<(int)32, (int)16, int, float, float, float, float, (bool)0, float, float, float, (bool)1, (bool)0, (bool)0>(cublasLt::cublasSplitKParams<T6>, const T4 *, const T10 *, T9 *, T5 *, const T6 *, const T6 *, const T11 *, const T4 *, T11 *, void *, long, T6 *, int *, T6 *, T6 *, const T6 *, const T6 *, const T6 *, const T6 *, const T6 *)",1.886,2026-09-11T18:05:34.804072,"1,12,1","32,16,1",44,0,0,0,,,,,,,,,,,,,,,,,,,
ucopy_f32,2.301,2026-09-11T18:05:34.804085,"3,1,1","1024,1,1",24,0,0,0,,,,,,,,,,,,,,,,,,,
badd_f32,2.717,2026-09-11T18:05:34.804098,"3,1,1","1024,1,1",38,0,0,0,,,,,,,,,,,,,,,,,,,
urelu_f32,1.151,2026-09-11T18:05:34.804111,"3,1,1","1024,1,1",24,0,0,0,,,,,,,,,,,,,,,,,,,
im2col_f32,2.302,2026-09-11T18:05:34.804124,"7,1,1","1024,1,1",36,0,0,0,,,,,,,,,,,,,,,,,,,
ampere_sgemm_32x32_sliced1x4_tn,3.261,2026-09-11T18:05:34.804137,"1,2,72","128,1,1",86,32768,32768,0,,,,,,,,,,,,,,,,,,,
"void cublasLt::splitKreduce_kernel<(int)32, (int)16, int, float, float, float, float, (bool)0, float, float, float, (bool)1, (bool)0, (bool)0>(cublasLt::cublasSplitKParams<T6>, const T4 *, const T10 *, T9 *, T5 *, const T6 *, const T6 *, const T11 *, const T4 *, T11 *, void *, long, T6 *, int *, T6 *, T6 *, const T6 *, const T6 *, const T6 *, const T6 *, const T6 *)",3.165,2026-09-11T18:05:34.804157,"1,3,1","32,16,1",44,0,0,0,,,,,,,,,,,,,,,,,,,
ucopy_f32,2.525,2026-09-11T18:05:34.804173,"2,1,1","1024,1,1",24,0,0,0,,,,,,,,,,,,,,,,,,,
badd_f32,2.653,2026-09-11T18:05:34.804186,"2,1,1","1024,1,1",38,0,0,0,,,,,,,,,,,,,,,,,,,
urelu_f32,1.182,2026-09-11T18:05:34.804201,"2,1,1","1024,1,1",24,0,0,0,,,,,,,,,,,,,,,,,,,
"std::enable_if<!T7, void>::type internal::gemvx::kernel<int, int, float, float, float, float, (bool)0, (bool)1, (bool)1, (bool)0, (int)7, (bool)0, cublasGemvParamsEx<int, cublasGemvTensorStridedBatched<const float>, cublasGemvTensorStridedBatched<const float>, cublasGemvTensorStridedBatched<float>, float>>(T13)",2.653,2026-09-11T18:05:34.804215,"32,1,1","32,4,1",159,528,0,528,,,,,,,,,,,,,,,,,,,
badd_f32,1.118,2026-09-11T18:05:34.804230,"1,1,1","1024,1,1",38,0,0,0,,,,,,,,,,,,,,,,,,,
urelu_f32,1.087,2026-09-11T18:05:34.804243,"1,1,1","1024,1,1",24,0,0,0,,,,,,,,,,,,,,,,,,,
im2col1d_f32,2.078,2026-09-11T18:05:34.804256,"1,1,1","1024,1,1",40,0,0,0,,,,,,,,,,,,,,,,,,,
ampere_sgemm_32x32_sliced1x4_tn,2.781,2026-09-11T18:05:34.804270,"1,12,6","128,1,1",86,32768,32768,0,,,,,,,,,,,,,,,,,,,
"void cublasLt::splitKreduce_kernel<(int)32, (int)16, int, float, float, float, float, (bool)0, float, float, float, (bool)1, (bool)0, (bool)0>(cublasLt::cublasSplitKParams<T6>, const T4 *, const T10 *, T9 *, T5 *, const T6 *, const T6 *, const T11 *, const T4 *, T11 *, void *, long, T6 *, int *, T6 *, T6 *, const T6 *, const T6 *, const T6 *, const T6 *, const T6 *)",1.534,2026-09-11T18:05:34.804283,"1,23,1","32,16,1",44,0,0,0,,,,,,,,,,,,,,,,,,,
ucopy_f32,2.173,2026-09-11T18:05:34.804296,"3,1,1","1024,1,1",24,0,0,0,,,,,,,,,,,,,,,,,,,
badd_f32,2.493,2026-09-11T18:05:34.804309,"3,1,1","1024,1,1",38,0,0,0,,,,,,,,,,,,,,,,,,,
urelu_f32,1.182,2026-09-11T18:05:34.804323,"3,1,1","1024,1,1",24,0,0,0,,,,,,,,,,,,,,,,,,,
im2col1d_f32,2.302,2026-09-11T18:05:34.804336,"2,1,1","1024,1,1",40,0,0,0,,,,,,,,,,,,,,,,,,,
ampere_sgemm_32x32_sliced1x4_tn,3.388,2026-09-11T18:05:34.804349,"1,6,24","128,1,1",86,32768,32768,0,,,,,,,,,,,,,,,,,,,
"void cublasLt::splitKreduce_kernel<(int)32, (int)16, int, float, float, float, float, (bool)0, float, float, float, (bool)1, (bool)0, (bool)0>(cublasLt::cublasSplitKParams<T6>, const T4 *, const T10 *, T9 *, T5 *, const T6 *, const T6 *, const T11 *, const T4 *, T11 *, void *, long, T6 *, int *, T6 *, T6 *, const T6 *, const T6 *, const T6 *, const T6 *, const T6 *)",1.63,2026-09-11T18:05:34.804363,"1,12,1","32,16,1",44,0,0,0,,,,,,,,,,,,,,,,,,,
ucopy_f32,2.174,2026-09-11T18:05:34.804377,"3,1,1","1024,1,1",24,0,0,0,,,,,,,,,,,,,,,,,,,
badd_f32,2.429,2026-09-11T18:05:34.804390,"3,1,1","1024,1,1",38,0,0,0,,,,,,,,,,,,,,,,,,,
urelu_f32,1.183,2026-09-11T18:05:34.804634,"3,1,1","1024,1,1",24,0,0,0,,,,,,,,,,,,,,,,,,,
im2col1d_f32,2.269,2026-09-11T18:05:34.804655,"2,1,1","1024,1,1",40,0,0,0,,,,,,,,,,,,,,,,,,,
ampere_sgemm_32x32_sliced1x4_tn,3.357,2026-09-11T18:05:34.804675,"1,3,48","128,1,1",86,32768,32768,0,,,,,,,,,,,,,,,,,,,
"void cublasLt::splitKreduce_kernel<(int)32, (int)16, int, float, float, float, float, (bool)0, float, float, float, (bool)1, (bool)0, (bool)0>(cublasLt::cublasSplitKParams<T6>, const T4 *, const T10 *, T9 *, T5 *, const T6 *, const T6 *, const T11 *, const T4 *, T11 *, void *, long, T6 *, int *, T6 *, T6 *, const T6 *, const T6 *, const T6 *, const T6 *, const T6 *)",2.525,2026-09-11T18:05:34.804691,"1,6,1","32,16,1",44,0,0,0,,,,,,,,,,,,,,,,,,,
ucopy_f32,2.333,2026-09-11T18:05:34.804704,"3,1,1","1024,1,1",24,0,0,0,,,,,,,,,,,,,,,,,,,
badd_f32,2.43,2026-09-11T18:05:34.804717,"3,1,1","1024,1,1",38,0,0,0,,,,,,,,,,,,,,,,,,,
urelu_f32,1.119,2026-09-11T18:05:34.804732,"3,1,1","1024,1,1",24,0,0,0,,,,,,,,,,,,,,,,,,,
"void dot_kernel<float, (int)128, (int)0, cublasDotParams<cublasGemvTensorStridedBatched<const float>, cublasGemvTensorStridedBatched<float>>>(T4)",2.75,2026-09-11T18:05:34.804745,"18,1,96","128,1,1",28,512,512,0,,,,,,,,,,,,,,,,,,,
"void reduce_1Block_kernel<float, (int)128, (int)7, cublasGemvTensorStridedBatched<float>, cublasGemvTensorStridedBatched<const float>, cublasGemvTensorStridedBatched<float>>(const T1 *, T1, T4, int, const T1 *, T1, T5, T6, cublasPointerMode_t, cublasLtEpilogue_t, cublasGemvTensorStridedBatched<const biasType<T6::value_type, T1>::type>)",1.311,2026-09-11T18:05:34.804759,"1,1,96","128,1,1",28,768,768,0,,,,,,,,,,,,,,,,,,,
badd_f32,1.119,2026-09-11T18:05:34.804772,"1,1,1","1024,1,1",38,0,0,0,,,,,,,,,,,,,,,,,,,
urelu_f32,1.087,2026-09-11T18:05:34.804784,"1,1,1","1024,1,1",24,0,0,0,,,,,,,,,,,,,,,,,,,
"std::enable_if<!T7, void>::type internal::gemvx::kernel<int, int, float, float, float, float, (bool)0, (bool)1, (bool)1, (bool)0, (int)6, (bool)0, cublasGemvParamsEx<int, cublasGemvTensorStridedBatched<const float>, cublasGemvTensorStridedBatched<const float>, cublasGemvTensorStridedBatched<float>, float>>(T13)",1.502,2026-09-11T18:05:34.804799,"2,1,1","4,16,1",166,320,0,320,,,,,,,,,,,,,,,,,,,
badd_f32,1.119,2026-09-11T18:05:34.804812,"1,1,1","1024,1,1",38,0,0,0,,,,,,,,,,,,,,,,,,,
urelu_f32,1.055,2026-09-11T18:05:34.804826,"1,1,1","1024,1,1",24,0,0,0,,,,,,,,,,,,,,,,,,,
copy2d_f32,1.087,2026-09-11T18:05:34.804839,"1,1,1","1024,1,1",16,0,0,0,,,,,,,,,,,,,,,,,,,
copy2d_f32,1.055,2026-09-11T18:05:34.804852,"1,1,1","1024,1,1",16,0,0,0,,,,,,,,,,,,,,,,,,,
copy2d_f32,1.055,2026-09-11T18:05:34.804865,"1,1,1","1024,1,1",16,0,0,0,,,,,,,,,,,,,,,,,,,
layernorm_f32,2.59,2026-09-11T18:05:34.804879,"1,1,1","32,1,1",28,256,256,0,,,,,,,,,,,,,,,,,,,
copy2d_f32,1.086,2026-09-11T18:05:34.804892,"1,1,1","1024,1,1",16,0,0,0,,,,,,,,,,,,,,,,,,,
copy2d_f32,1.055,2026-09-11T18:05:34.804912,"1,1,1","1024,1,1",16,0,0,0,,,,,,,,,,,,,,,,,,,
copy2d_f32,1.055,2026-09-11T18:05:34.804929,"1,1,1","1024,1,1",16,0,0,0,,,,,,,,,,,,,,,,,,,
"std::enable_if<!T7, void>::type internal::gemvx::kernel<int, int, float, float, float, float, (bool)0, (bool)1, (bool)1, (bool)0, (int)8, (bool)0, cublasGemvParamsEx<int, cublasGemvTensorStridedBatched<const float>, cublasGemvTensorStridedBatched<const float>, cublasGemvTensorStridedBatched<float>, float>>(T13)",2.078,2026-09-11T18:05:34.804942,"32,1,1","16,16,1",159,1088,0,1088,,,,,,,,,,,,,,,,,,,
badd_f32,1.151,2026-09-11T18:05:34.804955,"1,1,1","1024,1,1",38,0,0,0,,,,,,,,,,,,,,,,,,,
urelu_f32,1.119,2026-09-11T18:05:34.804968,"1,1,1","1024,1,1",24,0,0,0,,,,,,,,,,,,,,,,,,,
"void gemv2T_kernel_val<int, int, float, float, float, float, (int)128, (int)16, (int)2, (int)2, (bool)0, (bool)0, cublasGemvParamsEx<int, cublasGemvTensorStridedBatched<const float>, cublasGemvTensorStridedBatched<const float>, cublasGemvTensorStridedBatched<float>, float>>(T13, T6, T6)",2.525,2026-09-11T18:05:34.804984,"64,1,1","128,1,1",47,1536,1536,0,,,,,,,,,,,,,,,,,,,
badd_f32,1.183,2026-09-11T18:05:34.804997,"1,1,1","1024,1,1",38,0,0,0,,,,,,,,,,,,,,,,,,,
bmaximum_f32,1.982,2026-09-11T18:05:34.805010,"1,1,1","1024,1,1",38,0,0,0,,,,,,,,,,,,,,,,,,,
bminimum_f32,1.982,2026-09-11T18:05:34.805023,"1,1,1","1024,1,1",38,0,0,0,,,,,,,,,,,,,,,,,,,
"std::enable_if<!T7, void>::type internal::gemvx::kernel<int, int, float, float, float, float, (bool)0, (bool)1, (bool)1, (bool)0, (int)8, (bool)0, cublasGemvParamsEx<int, cublasGemvTensorStridedBatched<const float>, cublasGemvTensorStridedBatched<const float>, cublasGemvTensorStridedBatched<float>, float>>(T13)",2.685,2026-09-11T18:05:34.805036,"64,1,1","16,16,1",159,1088,0,1088,,,,,,,,,,,,,,,,,,,
badd_f32,1.214,2026-09-11T18:05:34.805058,"1,1,1","1024,1,1",38,0,0,0,,,,,,,,,,,,,,,,,,,
"std::enable_if<!T7, void>::type internal::gemvx::kernel<int, int, float, float, float, float, (bool)0, (bool)1, (bool)1, (bool)0, (int)8, (bool)0, cublasGemvParamsEx<int, cublasGemvTensorStridedBatched<const float>, cublasGemvTensorStridedBatched<const float>, cublasGemvTensorStridedBatched<float>, float>>(T13)",2.142,2026-09-11T18:05:34.805072,"32,1,1","16,16,1",159,1088,0,1088,,,,,,,,,,,,,,,,,,,
badd_f32,1.15,2026-09-11T18:05:34.805084,"1,1,1","1024,1,1",38,0,0,0,,,,,,,,,,,,,,,,,,,
urelu_f32,1.119,2026-09-11T18:05:34.805098,"1,1,1","1024,1,1",24,0,0,0,,,,,,,,,,,,,,,,,,,
"void gemv2T_kernel_val<int, int, float, float, float, float, (int)128, (int)16, (int)4, (int)4, (bool)0, (bool)0, cublasGemvParamsEx<int, cublasGemvTensorStridedBatched<const float>, cublasGemvTensorStridedBatched<const float>, cublasGemvTensorStridedBatched<float>, float>>(T13, T6, T6)",3.868,2026-09-11T18:05:34.805131,"512,1,1","128,1,1",59,2560,2560,0,,,,,,,,,,,,,,,,,,,
badd_f32,1.214,2026-09-11T18:05:34.805150,"4,1,1","1024,1,1",38,0,0,0,,,,,,,,,,,,,,,,,,,
im2col_f32,2.301,2026-09-11T18:05:34.805165,"7,1,1","1024,1,1",36,0,0,0,,,,,,,,,,,,,,,,,,,
ampere_sgemm_32x32_sliced1x4_tn,3.42,2026-09-11T18:05:34.805180,"1,24,9","128,1,1",86,32768,32768,0,,,,,,,,,,,,,,,,,,,
"void cublasLt::splitKreduce_kernel<(int)32, (int)16, int, float, float, float, float, (bool)0, float, float, float, (bool)1, (bool)0, (bool)0>(cublasLt::cublasSplitKParams<T6>, const T4 *, const T10 *, T9 *, T5 *, const T6 *, const T6 *, const T11 *, const T4 *, T11 *, void *, long, T6 *, int *, T6 *, T6 *, const T6 *, const T6 *, const T6 *, const T6 *, const T6 *)",1.502,2026-09-11T18:05:34.805194,"1,48,1","32,16,1",44,0,0,0,,,,,,,,,,,,,,,,,,,
ucopy_f32,2.397,2026-09-11T18:05:34.805207,"6,1,1","1024,1,1",24,0,0,0,,,,,,,,,,,,,,,,,,,
badd_f32,2.685,2026-09-11T18:05:34.805219,"6,1,1","1024,1,1",38,0,0,0,,,,,,,,,,,,,,,,,,,
urelu_f32,1.247,2026-09-11T18:05:34.805232,"6,1,1","1024,1,1",24,0,0,0,,,,,,,,,,,,,,,,,,,
im2col_f32,2.333,2026-09-11T18:05:34.805245,"14,1,1","1024,1,1",36,0,0,0,,,,,,,,,,,,,,,,,,,
ampere_sgemm_32x32_sliced1x4_tn,3.356,2026-09-11T18:05:34.805258,"1,6,36","128,1,1",86,32768,32768,0,,,,,,,,,,,,,,,,,,,
"void cublasLt::splitKreduce_kernel<(int)32, (int)16, int, float, float, float, float, (bool)0, float, float, float, (bool)1, (bool)0, (bool)0>(cublasLt::cublasSplitKParams<T6>, const T4 *, const T10 *, T9 *, T5 *, const T6 *, const T6 *, const T11 *, const T4 *, T11 *, void *, long, T6 *, int *, T6 *, T6 *, const T6 *, const T6 *, const T6 *, const T6 *, const T6 *)",1.886,2026-09-11T18:05:34.805271,"1,12,1","32,16,1",44,0,0,0,,,,,,,,,,,,,,,,,,,
ucopy_f32,2.365,2026-09-11T18:05:34.805284,"3,1,1","1024,1,1",24,0,0,0,,,,,,,,,,,,,,,,,,,
badd_f32,2.685,2026-09-11T18:05:34.805304,"3,1,1","1024,1,1",38,0,0,0,,,,,,,,,,,,,,,,,,,
urelu_f32,1.15,2026-09-11T18:05:34.805319,"3,1,1","1024,1,1",24,0,0,0,,,,,,,,,,,,,,,,,,,
im2col_f32,2.302,2026-09-11T18:05:34.805333,"7,1,1","1024,1,1",36,0,0,0,,,,,,,,,,,,,,,,,,,
ampere_sgemm_32x32_sliced1x4_tn,3.26,2026-09-11T18:05:34.805346,"1,2,72","128,1,1",86,32768,32768,0,,,,,,,,,,,,,,,,,,,
"void cublasLt::splitKreduce_kernel<(int)32, (int)16, int, float, float, float, float, (bool)0, float, float, float, (bool)1, (bool)0, (bool)0>(cublasLt::cublasSplitKParams<T6>, const T4 *, const T10 *, T9 *, T5 *, const T6 *, const T6 *, const T11 *, const T4 *, T11 *, void *, long, T6 *, int *, T6 *, T6 *, const T6 *, const T6 *, const T6 *, const T6 *, const T6 *)",3.164,2026-09-11T18:05:34.805361,"1,3,1","32,16,1",44,0,0,0,,,,,,,,,,,,,,,,,,,
ucopy_f32,2.462,2026-09-11T18:05:34.805377,"2,1,1","1024,1,1",24,0,0,0,,,,,,,,,,,,,,,,,,,
badd_f32,2.653,2026-09-11T18:05:34.805390,"2,1,1","1024,1,1",38,0,0,0,,,,,,,,,,,,,,,,,,,
urelu_f32,1.151,2026-09-11T18:05:34.805403,"2,1,1","1024,1,1",24,0,0,0,,,,,,,,,,,,,,,,,,,
"std::enable_if<!T7, void>::type internal::gemvx::kernel<int, int, float, float, float, float, (bool)0, (bool)1, (bool)1, (bool)0, (int)7, (bool)0, cublasGemvParamsEx<int, cublasGemvTensorStridedBatched<const float>, cublasGemvTensorStridedBatched<const float>, cublasGemvTensorStridedBatched<float>, float>>(T13)",2.557,2026-09-11T18:05:34.805416,"32,1,1","32,4,1",159,528,0,528,,,,,,,,,,,,,,,,,,,
badd_f32,1.119,2026-09-11T18:05:34.805430,"1,1,1","1024,1,1",38,0,0,0,,,,,,,,,,,,,,,,,,,
urelu_f32,1.087,2026-09-11T18:05:34.805443,"1,1,1","1024,1,1",24,0,0,0,,,,,,,,,,,,,,,,,,,
im2col1d_f32,2.078,2026-09-11T18:05:34.805456,"1,1,1","1024,1,1",40,0,0,0,,,,,,,,,,,,,,,,,,,
ampere_sgemm_32x32_sliced1x4_tn,2.813,2026-09-11T18:05:34.805469,"1,12,6","128,1,1",86,32768,32768,0,,,,,,,,,,,,,,,,,,,
"void cublasLt::splitKreduce_kernel<(int)32, (int)16, int, float, float, float, float, (bool)0, float, float, float, (bool)1, (bool)0, (bool)0>(cublasLt::cublasSplitKParams<T6>, const T4 *, const T10 *, T9 *, T5 *, const T6 *, const T6 *, const T11 *, const T4 *, T11 *, void *, long, T6 *, int *, T6 *, T6 *, const T6 *, const T6 *, const T6 *, const T6 *, const T6 *)",1.534,2026-09-11T18:05:34.805483,"1,23,1","32,16,1",44,0,0,0,,,,,,,,,,,,,,,,,,,
ucopy_f32,2.078,2026-09-11T18:05:34.805496,"3,1,1","1024,1,1",24,0,0,0,,,,,,,,,,,,,,,,,,,
badd_f32,2.43,2026-09-11T18:05:34.805509,"3,1,1","1024,1,1",38,0,0,0,,,,,,,,,,,,,,,,,,,
urelu_f32,1.151,2026-09-11T18:05:34.805522,"3,1,1","1024,1,1",24,0,0,0,,,,,,,,,,,,,,,,,,,
im2col1d_f32,2.238,2026-09-11T18:05:34.805547,"2,1,1","1024,1,1",40,0,0,0,,,,,,,,,,,,,,,,,,,
ampere_sgemm_32x32_sliced1x4_tn,3.42,2026-09-11T18:05:34.805567,"1,6,24","128,1,1",86,32768,32768,0,,,,,,,,,,,,,,,,,,,
"void cublasLt::splitKreduce_kernel<(int)32, (int)16, int, float, float, float, float, (bool)0, float, float, float, (bool)1, (bool)0, (bool)0>(cublasLt::cublasSplitKParams<T6>, const T4 *, const T10 *, T9 *, T5 *, const T6 *, const T6 *, const T11 *, const T4 *, T11 *, void *, long, T6 *, int *, T6 *, T6 *, const T6 *, const T6 *, const T6 *, const T6 *, const T6 *)",1.63,2026-09-11T18:05:34.805580,"1,12,1","32,16,1",44,0,0,0,,,,,,,,,,,,,,,,,,,
ucopy_f32,2.174,2026-09-11T18:05:34.805593,"3,1,1","1024,1,1",24,0,0,0,,,,,,,,,,,,,,,,,,,
badd_f32,2.462,2026-09-11T18:05:34.805608,"3,1,1","1024,1,1",38,0,0,0,,,,,,,,,,,,,,,,,,,
urelu_f32,1.15,2026-09-11T18:05:34.805621,"3,1,1","1024,1,1",24,0,0,0,,,,,,,,,,,,,,,,,,,
im2col1d_f32,2.334,2026-09-11T18:05:34.805634,"2,1,1","1024,1,1",40,0,0,0,,,,,,,,,,,,,,,,,,,
ampere_sgemm_32x32_sliced1x4_tn,3.389,2026-09-11T18:05:34.805647,"1,3,48","128,1,1",86,32768,32768,0,,,,,,,,,,,,,,,,,,,
"void cublasLt::splitKreduce_kernel<(int)32, (int)16, int, float, float, float, float, (bool)0, float, float, float, (bool)1, (bool)0, (bool)0>(cublasLt::cublasSplitKParams<T6>, const T4 *, const T10 *, T9 *, T5 *, const T6 *, const T6 *, const T11 *, const T4 *, T11 *, void *, long, T6 *, int *, T6 *, T6 *, const T6 *, const T6 *, const T6 *, const T6 *, const T6 *)",2.526,2026-09-11T18:05:34.805660,"1,6,1","32,16,1",44,0,0,0,,,,,,,,,,,,,,,,,,,
ucopy_f32,2.334,2026-09-11T18:05:34.805673,"3,1,1","1024,1,1",24,0,0,0,,,,,,,,,,,,,,,,,,,
badd_f32,2.461,2026-09-11T18:05:34.805686,"3,1,1","1024,1,1",38,0,0,0,,,,,,,,,,,,,,,,,,,
urelu_f32,1.151,2026-09-11T18:05:34.805699,"3,1,1","1024,1,1",24,0,0,0,,,,,,,,,,,,,,,,,,,
"void dot_kernel<float, (int)128, (int)0, cublasDotParams<cublasGemvTensorStridedBatched<const float>, cublasGemvTensorStridedBatched<float>>>(T4)",2.589,2026-09-11T18:05:34.805731,"18,1,96","128,1,1",28,512,512,0,,,,,,,,,,,,,,,,,,,
"void reduce_1Block_kernel<float, (int)128, (int)7, cublasGemvTensorStridedBatched<float>, cublasGemvTensorStridedBatched<const float>, cublasGemvTensorStridedBatched<float>>(const T1 *, T1, T4, int, const T1 *, T1, T5, T6, cublasPointerMode_t, cublasLtEpilogue_t, cublasGemvTensorStridedBatched<const biasType<T6::value_type, T1>::type>)",1.279,2026-09-11T18:05:34.805750,"1,1,96","128,1,1",28,768,768,0,,,,,,,,,,,,,,,,,,,
badd_f32,1.118,2026-09-11T18:05:34.805765,"1,1,1","1024,1,1",38,0,0,0,,,,,,,,,,,,,,,,,,,
urelu_f32,1.087,2026-09-11T18:05:34.805779,"1,1,1","1024,1,1",24,0,0,0,,,,,,,,,,,,,,,,,,,
"std::enable_if<!T7, void>::type internal::gemvx::kernel<int, int, float, float, float, float, (bool)0, (bool)1, (bool)1, (bool)0, (int)6, (bool)0, cublasGemvParamsEx<int, cublasGemvTensorStridedBatched<const float>, cublasGemvTensorStridedBatched<const float>, cublasGemvTensorStridedBatched<float>, float>>(T13)",1.471,2026-09-11T18:05:34.805793,"2,1,1","4,16,1",166,320,0,320,,,,,,,,,,,,,,,,,,,
badd_f32,1.119,2026-09-11T18:05:34.805807,"1,1,1","1024,1,1",38,0,0,0,,,,,,,,,,,,,,,,,,,
urelu_f32,1.087,2026-09-11T18:05:34.805822,"1,1,1","1024,1,1",24,0,0,0,,,,,,,,,,,,,,,,,,,
copy2d_f32,1.087,2026-09-11T18:05:34.805836,"1,1,1","1024,1,1",16,0,0,0,,,,,,,,,,,,,,,,,,,
copy2d_f32,1.055,2026-09-11T18:05:34.805851,"1,1,1","1024,1,1",16,0,0,0,,,,,,,,,,,,,,,,,,,
copy2d_f32,1.086,2026-09-11T18:05:34.805865,"1,1,1","1024,1,1",16,0,0,0,,,,,,,,,,,,,,,,,,,
layernorm_f32,2.653,2026-09-11T18:05:34.805878,"1,1,1","32,1,1",28,256,256,0,,,,,,,,,,,,,,,,,,,
copy2d_f32,1.086,2026-09-11T18:05:34.805891,"1,1,1","1024,1,1",16,0,0,0,,,,,,,,,,,,,,,,,,,
copy2d_f32,1.055,2026-09-11T18:05:34.805903,"1,1,1","1024,1,1",16,0,0,0,,,,,,,,,,,,,,,,,,,
copy2d_f32,1.055,2026-09-11T18:05:34.805917,"1,1,1","1024,1,1",16,0,0,0,,,,,,,,,,,,,,,,,,,
"std::enable_if<!T7, void>::type internal::gemvx::kernel<int, int, float, float, float, float, (bool)0, (bool)1, (bool)1, (bool)0, (int)8, (bool)0, cublasGemvParamsEx<int, cublasGemvTensorStridedBatched<const float>, cublasGemvTensorStridedBatched<const float>, cublasGemvTensorStridedBatched<float>, float>>(T13)",2.046,2026-09-11T18:05:34.805937,"32,1,1","16,16,1",159,1088,0,1088,,,,,,,,,,,,,,,,,,,
badd_f32,1.151,2026-09-11T18:05:34.805953,"1,1,1","1024,1,1",38,0,0,0,,,,,,,,,,,,,,,,,,,
urelu_f32,1.119,2026-09-11T18:05:34.805967,"1,1,1","1024,1,1",24,0,0,0,,,,,,,,,,,,,,,,,,,
"void gemv2T_kernel_val<int, int, float, float, float, float, (int)128, (int)16, (int)2, (int)2, (bool)0, (bool)0, cublasGemvParamsEx<int, cublasGemvTensorStridedBatched<const float>, cublasGemvTensorStridedBatched<const float>, cublasGemvTensorStridedBatched<float>, float>>(T13, T6, T6)",2.526,2026-09-11T18:05:34.805980,"64,1,1","128,1,1",47,1536,1536,0,,,,,,,,,,,,,,,,,,,
badd_f32,1.119,2026-09-11T18:05:34.805994,"1,1,1","1024,1,1",38,0,0,0,,,,,,,,,,,,,,,,,,,
bmaximum_f32,1.982,2026-09-11T18:05:34.806007,"1,1,1","1024,1,1",38,0,0,0,,,,,,,,,,,,,,,,,,,
bminimum_f32,1.982,2026-09-11T18:05:34.806020,"1,1,1","1024,1,1",38,0,0,0,,,,,,,,,,,,,,,,,,,
"std::enable_if<!T7, void>::type internal::gemvx::kernel<int, int, float, float, float, float, (bool)0, (bool)1, (bool)1, (bool)0, (int)8, (bool)0, cublasGemvParamsEx<int, cublasGemvTensorStridedBatched<const float>, cublasGemvTensorStridedBatched<const float>, cublasGemvTensorStridedBatched<float>, float>>(T13)",1.854,2026-09-11T18:05:34.806034,"64,1,1","16,16,1",159,1088,0,1088,,,,,,,,,,,,,,,,,,,
badd_f32,1.215,2026-09-11T18:05:34.806047,"1,1,1","1024,1,1",38,0,0,0,,,,,,,,,,,,,,,,,,,
"std::enable_if<!T7, void>::type internal::gemvx::kernel<int, int, float, float, float, float, (bool)0, (bool)1, (bool)1, (bool)0, (int)8, (bool)0, cublasGemvParamsEx<int, cublasGemvTensorStridedBatched<const float>, cublasGemvTensorStridedBatched<const float>, cublasGemvTensorStridedBatched<float>, float>>(T13)",2.078,2026-09-11T18:05:34.806060,"32,1,1","16,16,1",159,1088,0,1088,,,,,,,,,,,,,,,,,,,
badd_f32,1.183,2026-09-11T18:05:34.806073,"1,1,1","1024,1,1",38,0,0,0,,,,,,,,,,,,,,,,,,,
urelu_f32,1.119,2026-09-11T18:05:34.806087,"1,1,1","1024,1,1",24,0,0,0,,,,,,,,,,,,,,,,,,,
"void gemv2T_kernel_val<int, int, float, float, float, float, (int)128, (int)16, (int)4, (int)4, (bool)0, (bool)0, cublasGemvParamsEx<int, cublasGemvTensorStridedBatched<const float>, cublasGemvTensorStridedBatched<const float>, cublasGemvTensorStridedBatched<float>, float>>(T13, T6, T6)",3.868,2026-09-11T18:05:34.806103,"512,1,1","128,1,1",59,2560,2560,0,,,,,,,,,,,,,,,,,,,
badd_f32,1.182,2026-09-11T18:05:34.806116,"4,1,1","1024,1,1",38,0,0,0,,,,,,,,,,,,,,,,,,,
im2col_f32,2.301,2026-09-11T18:05:34.806135,"7,1,1","1024,1,1",36,0,0,0,,,,,,,,,,,,,,,,,,,
ampere_sgemm_32x32_sliced1x4_tn,3.485,2026-09-11T18:05:34.806152,"1,24,9","128,1,1",86,32768,32768,0,,,,,,,,,,,,,,,,,,,
"void cublasLt::splitKreduce_kernel<(int)32, (int)16, int, float, float, float, float, (bool)0, float, float, float, (bool)1, (bool)0, (bool)0>(cublasLt::cublasSplitKParams<T6>, const T4 *, const T10 *, T9 *, T5 *, const T6 *, const T6 *, const T11 *, const T4 *, T11 *, void *, long, T6 *, int *, T6 *, T6 *, const T6 *, const T6 *, const T6 *, const T6 *, const T6 *)",1.503,2026-09-11T18:05:34.806165,"1,48,1","32,16,1",44,0,0,0,,,,,,,,,,,,,,,,,,,
ucopy_f32,2.398,2026-09-11T18:05:34.806178,"6,1,1","1024,1,1",24,0,0,0,,,,,,,,,,,,,,,,,,,
badd_f32,2.749,2026-09-11T18:05:34.806200,"6,1,1","1024,1,1",38,0,0,0,,,,,,,,,,,,,,,,,,,
urelu_f32,1.215,2026-09-11T18:05:34.806213,"6,1,1","1024,1,1",24,0,0,0,,,,,,,,,,,,,,,,,,,
im2col_f32,2.494,2026-09-11T18:05:34.806226,"14,1,1","1024,1,1",36,0,0,0,,,,,,,,,,,,,,,,,,,
ampere_sgemm_32x32_sliced1x4_tn,3.356,2026-09-11T18:05:34.806239,"1,6,36","128,1,1",86,32768,32768,0,,,,,,,,,,,,,,,,,,,
"void cublasLt::splitKreduce_kernel<(int)32, (int)16, int, float, float, float, float, (bool)0, float, float, float, (bool)1, (bool)0, (bool)0>(cublasLt::cublasSplitKParams<T6>, const T4 *, const T10 *, T9 *, T5 *, const T6 *, const T6 *, const T11 *, const T4 *, T11 *, void *, long, T6 *, int *, T6 *, T6 *, const T6 *, const T6 *, const T6 *, const T6 *, const T6 *)",1.918,2026-09-11T18:05:34.806252,"1,12,1","32,16,1",44,0,0,0,,,,,,,,,,,,,,,,,,,
ucopy_f32,2.334,2026-09-11T18:05:34.806265,"3,1,1","1024,1,1",24,0,0,0,,,,,,,,,,,,,,,,,,,
badd_f32,2.685,2026-09-11T18:05:34.806278,"3,1,1","1024,1,1",38,0,0,0,,,,,,,,,,,,,,,,,,,
urelu_f32,1.151,2026-09-11T18:05:34.806293,"3,1,1","1024,1,1",24,0,0,0,,,,,,,,,,,,,,,,,,,
im2col_f32,2.301,2026-09-11T18:05:34.806307,"7,1,1","1024,1,1",36,0,0,0,,,,,,,,,,,,,,,,,,,
ampere_sgemm_32x32_sliced1x4_tn,3.26,2026-09-11T18:05:34.806321,"1,2,72","128,1,1",86,32768,32768,0,,,,,,,,,,,,,,,,,,,
"void cublasLt::splitKreduce_kernel<(int)32, (int)16, int, float, float, float, float, (bool)0, float, float, float, (bool)1, (bool)0, (bool)0>(cublasLt::cublasSplitKParams<T6>, const T4 *, const T10 *, T9 *, T5 *, const T6 *, const T6 *, const T11 *, const T4 *, T11 *, void *, long, T6 *, int *, T6 *, T6 *, const T6 *, const T6 *, const T6 *, const T6 *, const T6 *)",3.197,2026-09-11T18:05:34.806334,"1,3,1","32,16,1",44,0,0,0,,,,,,,,,,,,,,,,,,,
ucopy_f32,2.493,2026-09-11T18:05:34.806347,"2,1,1","1024,1,1",24,0,0,0,,,,,,,,,,,,,,,,,,,
badd_f32,2.622,2026-09-11T18:05:34.806360,"2,1,1","1024,1,1",38,0,0,0,,,,,,,,,,,,,,,,,,,
urelu_f32,1.151,2026-09-11T18:05:34.806373,"2,1,1","1024,1,1",24,0,0,0,,,,,,,,,,,,,,,,,,,
"std::enable_if<!T7, void>::type internal::gemvx::kernel<int, int, float, float, float, float, (bool)0, (bool)1, (bool)1, (bool)0, (int)7, (bool)0, cublasGemvParamsEx<int, cublasGemvTensorStridedBatched<const float>, cublasGemvTensorStridedBatched<const float>, cublasGemvTensorStridedBatched<float>, float>>(T13)",2.718,2026-09-11T18:05:34.806386,"32,1,1","32,4,1",159,528,0,528,,,,,,,,,,,,,,,,,,,
badd_f32,1.119,2026-09-11T18:05:34.806399,"1,1,1","1024,1,1",38,0,0,0,,,,,,,,,,,,,,,,,,,
urelu_f32,1.087,2026-09-11T18:05:34.806411,"1,1,1","1024,1,1",24,0,0,0,,,,,,,,,,,,,,,,,,,
im2col1d_f32,2.077,2026-09-11T18:05:34.806424,"1,1,1","1024,1,1",40,0,0,0,,,,,,,,,,,,,,,,,,,
ampere_sgemm_32x32_sliced1x4_tn,2.781,2026-09-11T18:05:34.806441,"1,12,6","128,1,1",86,32768,32768,0,,,,,,,,,,,,,,,,,,,
"void cublasLt::splitKreduce_kernel<(int)32, (int)16, int, float, float, float, float, (bool)0, float, float, float, (bool)1, (bool)0, (bool)0>(cublasLt::cublasSplitKParams<T6>, const T4 *, const T10 *, T9 *, T5 *, const T6 *, const T6 *, const T11 *, const T4 *, T11 *, void *, long, T6 *, int *, T6 *, T6 *, const T6 *, const T6 *, const T6 *, const T6 *, const T6 *)",1.534,2026-09-11T18:05:34.806454,"1,23,1","32,16,1",44,0,0,0,,,,,,,,,,,,,,,,,,,
ucopy_f32,2.045,2026-09-11T18:05:34.806468,"3,1,1","1024,1,1",24,0,0,0,,,,,,,,,,,,,,,,,,,
badd_f32,2.461,2026-09-11T18:05:34.806481,"3,1,1","1024,1,1",38,0,0,0,,,,,,,,,,,,,,,,,,,
urelu_f32,1.151,2026-09-11T18:05:34.806494,"3,1,1","1024,1,1",24,0,0,0,,,,,,,,,,,,,,,,,,,
im2col1d_f32,2.27,2026-09-11T18:05:34.806507,"2,1,1","1024,1,1",40,0,0,0,,,,,,,,,,,,,,,,,,,
ampere_sgemm_32x32_sliced1x4_tn,3.42,2026-09-11T18:05:34.806521,"1,6,24","128,1,1",86,32768,32768,0,,,,,,,,,,,,,,,,,,,
"void cublasLt::splitKreduce_kernel<(int)32, (int)16, int, float, float, float, float, (bool)0, float, float, float, (bool)1, (bool)0, (bool)0>(cublasLt::cublasSplitKParams<T6>, const T4 *, const T10 *, T9 *, T5 *, const T6 *, const T6 *, const T11 *, const T4 *, T11 *, void *, long, T6 *, int *, T6 *, T6 *, const T6 *, const T6 *, const T6 *, const T6 *, const T6 *)",1.631,2026-09-11T18:05:34.806534,"1,12,1","32,16,1",44,0,0,0,,,,,,,,,,,,,,,,,,,
ucopy_f32,2.174,2026-09-11T18:05:34.806547,"3,1,1","1024,1,1",24,0,0,0,,,,,,,,,,,,,,,,,,,
badd_f32,2.43,2026-09-11T18:05:34.806560,"3,1,1","1024,1,1",38,0,0,0,,,,,,,,,,,,,,,,,,,
urelu_f32,1.151,2026-09-11T18:05:34.806573,"3,1,1","1024,1,1",24,0,0,0,,,,,,,,,,,,,,,,,,,
im2col1d_f32,2.237,2026-09-11T18:05:34.806595,"2,1,1","1024,1,1",40,0,0,0,,,,,,,,,,,,,,,,,,,
ampere_sgemm_32x32_sliced1x4_tn,3.388,2026-09-11T18:05:34.806621,"1,3,48","128,1,1",86,32768,32768,0,,,,,,,,,,,,,,,,,,,
"void cublasLt::splitKreduce_kernel<(int)32, (int)16, int, float, float, float, float, (bool)0, float, float, float, (bool)1, (bool)0, (bool)0>(cublasLt::cublasSplitKParams<T6>, const T4 *, const T10 *, T9 *, T5 *, const T6 *, const T6 *, const T11 *, const T4 *, T11 *, void *, long, T6 *, int *, T6 *, T6 *, const T6 *, const T6 *, const T6 *, const T6 *, const T6 *)",2.525,2026-09-11T18:05:34.806635,"1,6,1","32,16,1",44,0,0,0,,,,,,,,,,,,,,,,,,,
ucopy_f32,2.334,2026-09-11T18:05:34.806649,"3,1,1","1024,1,1",24,0,0,0,,,,,,,,,,,,,,,,,,,
badd_f32,2.462,2026-09-11T18:05:34.806663,"3,1,1","1024,1,1",38,0,0,0,,,,,,,,,,,,,,,,,,,
urelu_f32,1.151,2026-09-11T18:05:34.806676,"3,1,1","1024,1,1",24,0,0,0,,,,,,,,,,,,,,,,,,,
"void dot_kernel<float, (int)128, (int)0, cublasDotParams<cublasGemvTensorStridedBatched<const float>, cublasGemvTensorStridedBatched<float>>>(T4)",2.685,2026-09-11T18:05:34.806689,"18,1,96","128,1,1",28,512,512,0,,,,,,,,,,,,,,,,,,,
"void reduce_1Block_kernel<float, (int)128, (int)7, cublasGemvTensorStridedBatched<float>, cublasGemvTensorStridedBatched<const float>, cublasGemvTensorStridedBatched<float>>(const T1 *, T1, T4, int, const T1 *, T1, T5, T6, cublasPointerMode_t, cublasLtEpilogue_t, cublasGemvTensorStridedBatched<const biasType<T6::value_type, T1>::type>)",1.31,2026-09-11T18:05:34.806702,"1,1,96","128,1,1",28,768,768,0,,,,,,,,,,,,,,,,,,,
badd_f32,1.087,2026-09-11T18:05:34.806715,"1,1,1","1024,1,1",38,0,0,0,,,,,,,,,,,,,,,,,,,
urelu_f32,1.087,2026-09-11T18:05:34.806728,"1,1,1","1024,1,1",24,0,0,0,,,,,,,,,,,,,,,,,,,
"std::enable_if<!T7, void>::type internal::gemvx::kernel<int, int, float, float, float, float, (bool)0, (bool)1, (bool)1, (bool)0, (int)6, (bool)0, cublasGemvParamsEx<int, cublasGemvTensorStridedBatched<const float>, cublasGemvTensorStridedBatched<const float>, cublasGemvTensorStridedBatched<float>, float>>(T13)",1.694,2026-09-11T18:05:34.806741,"2,1,1","4,16,1",166,320,0,320,,,,,,,,,,,,,,,,,,,
badd_f32,1.119,2026-09-11T18:05:34.806755,"1,1,1","1024,1,1",38,0,0,0,,,,,,,,,,,,,,,,,,,
urelu_f32,1.087,2026-09-11T18:05:34.806768,"1,1,1","1024,1,1",24,0,0,0,,,,,,,,,,,,,,,,,,,
copy2d_f32,1.087,2026-09-11T18:05:34.806781,"1,1,1","1024,1,1",16,0,0,0,,,,,,,,,,,,,,,,,,,
copy2d_f32,1.054,2026-09-11T18:05:34.806793,"1,1,1","1024,1,1",16,0,0,0,,,,,,,,,,,,,,,,,,,
copy2d_f32,1.087,2026-09-11T18:05:34.806806,"1,1,1","1024,1,1",16,0,0,0,,,,,,,,,,,,,,,,,,,
layernorm_f32,2.621,2026-09-11T18:05:34.806829,"1,1,1","32,1,1",28,256,256,0,,,,,,,,,,,,,,,,,,,
copy2d_f32,1.087,2026-09-11T18:05:34.806866,"1,1,1","1024,1,1",16,0,0,0,,,,,,,,,,,,,,,,,,,
copy2d_f32,1.087,2026-09-11T18:05:34.806881,"1,1,1","1024,1,1",16,0,0,0,,,,,,,,,,,,,,,,,,,
copy2d_f32,1.055,2026-09-11T18:05:34.806895,"1,1,1","1024,1,1",16,0,0,0,,,,,,,,,,,,,,,,,,,
"std::enable_if<!T7, void>::type internal::gemvx::kernel<int, int, float, float, float, float, (bool)0, (bool)1, (bool)1, (bool)0, (int)8, (bool)0, cublasGemvParamsEx<int, cublasGemvTensorStridedBatched<const float>, cublasGemvTensorStridedBatched<const float>, cublasGemvTensorStridedBatched<float>, float>>(T13)",2.622,2026-09-11T18:05:34.806908,"32,1,1","16,16,1",159,1088,0,1088,,,,,,,,,,,,,,,,,,,
badd_f32,1.15,2026-09-11T18:05:34.806922,"1,1,1","1024,1,1",38,0,0,0,,,,,,,,,,,,,,,,,,,
urelu_f32,1.118,2026-09-11T18:05:34.806935,"1,1,1","1024,1,1",24,0,0,0,,,,,,,,,,,,,,,,,,,
"void gemv2T_kernel_val<int, int, float, float, float, float, (int)128, (int)16, (int)2, (int)2, (bool)0, (bool)0, cublasGemvParamsEx<int, cublasGemvTensorStridedBatched<const float>, cublasGemvTensorStridedBatched<const float>, cublasGemvTensorStridedBatched<float>, float>>(T13, T6, T6)",2.557,2026-09-11T18:05:34.806948,"64,1,1","128,1,1",47,1536,1536,0,,,,,,,,,,,,,,,,,,,
badd_f32,1.15,2026-09-11T18:05:34.806961,"1,1,1","1024,1,1",38,0,0,0,,,,,,,,,,,,,,,,,,,
bmaximum_f32,1.982,2026-09-11T18:05:34.806973,"1,1,1","1024,1,1",38,0,0,0,,,,,,,,,,,,,,,,,,,
bminimum_f32,2.013,2026-09-11T18:05:34.806986,"1,1,1","1024,1,1",38,0,0,0,,,,,,,,,,,,,,,,,,,
"std::enable_if<!T7, void>::type internal::gemvx::kernel<int, int, float, float, float, float, (bool)0, (bool)1, (bool)1, (bool)0, (int)8, (bool)0, cublasGemvParamsEx<int, cublasGemvTensorStridedBatched<const float>, cublasGemvTensorStridedBatched<const float>, cublasGemvTensorStridedBatched<float>, float>>(T13)",2.908,2026-09-11T18:05:34.806999,"64,1,1","16,16,1",159,1088,0,1088,,,,,,,,,,,,,,,,,,,
badd_f32,1.215,2026-09-11T18:05:34.807012,"1,1,1","1024,1,1",38,0,0,0,,,,,,,,,,,,,,,,,,,
"std::enable_if<!T7, void>::type internal::gemvx::kernel<int, int, float, float, float, float, (bool)0, (bool)1, (bool)1, (bool)0, (int)8, (bool)0, cublasGemvParamsEx<int, cublasGemvTensorStridedBatched<const float>, cublasGemvTensorStridedBatched<const float>, cublasGemvTensorStridedBatched<float>, float>>(T13)",2.333,2026-09-11T18:05:34.807029,"32,1,1","16,16,1",159,1088,0,1088,,,,,,,,,,,,,,,,,,,
badd_f32,1.151,2026-09-11T18:05:34.807043,"1,1,1","1024,1,1",38,0,0,0,,,,,,,,,,,,,,,,,,,
urelu_f32,1.119,2026-09-11T18:05:34.807056,"1,1,1","1024,1,1",24,0,0,0,,,,,,,,,,,,,,,,,,,
"void gemv2T_kernel_val<int, int, float, float, float, float, (int)128, (int)16, (int)4, (int)4, (bool)0, (bool)0, cublasGemvParamsEx<int, cublasGemvTensorStridedBatched<const float>, cublasGemvTensorStridedBatched<const float>, cublasGemvTensorStridedBatched<float>, float>>(T13, T6, T6)",3.9,2026-09-11T18:05:34.807069,"512,1,1","128,1,1",59,2560,2560,0,,,,,,,,,,,,,,,,,,,
badd_f32,1.215,2026-09-11T18:05:34.807082,"4,1,1","1024,1,1",38,0,0,0,,,,,,,,,,,,,,,,,,,
im2col_f32,2.301,2026-09-11T18:05:34.807095,"7,1,1","1024,1,1",36,0,0,0,,,,,,,,,,,,,,,,,,,
ampere_sgemm_32x32_sliced1x4_tn,3.388,2026-09-11T18:05:34.807108,"1,24,9","128,1,1",86,32768,32768,0,,,,,,,,,,,,,,,,,,,
"void cublasLt::splitKreduce_kernel<(int)32, (int)16, int, float, float, float, float, (bool)0, float, float, float, (bool)1, (bool)0, (bool)0>(cublasLt::cublasSplitKParams<T6>, const T4 *, const T10 *, T9 *, T5 *, const T6 *, const T6 *, const T11 *, const T4 *, T11 *, void *, long, T6 *, int *, T6 *, T6 *, const T6 *, const T6 *, const T6 *, const T6 *, const T6 *)",1.502,2026-09-11T18:05:34.807121,"1,48,1","32,16,1",44,0,0,0,,,,,,,,,,,,,,,,,,,
ucopy_f32,2.397,2026-09-11T18:05:34.807134,"6,1,1","1024,1,1",24,0,0,0,,,,,,,,,,,,,,,,,,,
badd_f32,2.653,2026-09-11T18:05:34.807147,"6,1,1","1024,1,1",38,0,0,0,,,,,,,,,,,,,,,,,,,
urelu_f32,1.215,2026-09-11T18:05:34.807160,"6,1,1","1024,1,1",24,0,0,0,,,,,,,,,,,,,,,,,,,
im2col_f32,2.301,2026-09-11T18:05:34.807173,"14,1,1","1024,1,1",36,0,0,0,,,,,,,,,,,,,,,,,,,
ampere_sgemm_32x32_sliced1x4_tn,3.293,2026-09-11T18:05:34.807186,"1,6,36","128,1,1",86,32768,32768,0,,,,,,,,,,,,,,,,,,,
"void cublasLt::splitKreduce_kernel<(int)32, (int)16, int, float, float, float, float, (bool)0, float, float, float, (bool)1, (bool)0, (bool)0>(cublasLt::cublasSplitKParams<T6>, const T4 *, const T10 *, T9 *, T5 *, const T6 *, const T6 *, const T11 *, const T4 *, T11 *, void *, long, T6 *, int *, T6 *, T6 *, const T6 *, const T6 *, const T6 *, const T6 *, const T6 *)",1.886,2026-09-11T18:05:34.807200,"1,12,1","32,16,1",44,0,0,0,,,,,,,,,,,,,,,,,,,
ucopy_f32,2.302,2026-09-11T18:05:34.807215,"3,1,1","1024,1,1",24,0,0,0,,,,,,,,,,,,,,,,,,,
badd_f32,2.653,2026-09-11T18:05:34.807233,"3,1,1","1024,1,1",38,0,0,0,,,,,,,,,,,,,,,,,,,
urelu_f32,1.151,2026-09-11T18:05:34.807251,"3,1,1","1024,1,1",24,0,0,0,,,,,,,,,,,,,,,,,,,
im2col_f32,2.302,2026-09-11T18:05:34.807264,"7,1,1","1024,1,1",36,0,0,0,,,,,,,,,,,,,,,,,,,
ampere_sgemm_32x32_sliced1x4_tn,3.26,2026-09-11T18:05:34.807277,"1,2,72","128,1,1",86,32768,32768,0,,,,,,,,,,,,,,,,,,,
"void cublasLt::splitKreduce_kernel<(int)32, (int)16, int, float, float, float, float, (bool)0, float, float, float, (bool)1, (bool)0, (bool)0>(cublasLt::cublasSplitKParams<T6>, const T4 *, const T10 *, T9 *, T5 *, const T6 *, const T6 *, const T11 *, const T4 *, T11 *, void *, long, T6 *, int *, T6 *, T6 *, const T6 *, const T6 *, const T6 *, const T6 *, const T6 *)",3.197,2026-09-11T18:05:34.807290,"1,3,1","32,16,1",44,0,0,0,,,,,,,,,,,,,,,,,,,
ucopy_f32,2.461,2026-09-11T18:05:34.807305,"2,1,1","1024,1,1",24,0,0,0,,,,,,,,,,,,,,,,,,,
badd_f32,2.622,2026-09-11T18:05:34.807318,"2,1,1","1024,1,1",38,0,0,0,,,,,,,,,,,,,,,,,,,
urelu_f32,1.151,2026-09-11T18:05:34.807331,"2,1,1","1024,1,1",24,0,0,0,,,,,,,,,,,,,,,,,,,
"std::enable_if<!T7, void>::type internal::gemvx::kernel<int, int, float, float, float, float, (bool)0, (bool)1, (bool)1, (bool)0, (int)7, (bool)0, cublasGemvParamsEx<int, cublasGemvTensorStridedBatched<const float>, cublasGemvTensorStridedBatched<const float>, cublasGemvTensorStridedBatched<float>, float>>(T13)",2.525,2026-09-11T18:05:34.807344,"32,1,1","32,4,1",159,528,0,528,,,,,,,,,,,,,,,,,,,
badd_f32,1.118,2026-09-11T18:05:34.807356,"1,1,1","1024,1,1",38,0,0,0,,,,,,,,,,,,,,,,,,,
urelu_f32,1.087,2026-09-11T18:05:34.807371,"1,1,1","1024,1,1",24,0,0,0,,,,,,,,,,,,,,,,,,,
im2col1d_f32,2.046,2026-09-11T18:05:34.807384,"1,1,1","1024,1,1",40,0,0,0,,,,,,,,,,,,,,,,,,,
ampere_sgemm_32x32_sliced1x4_tn,2.813,2026-09-11T18:05:34.807397,"1,12,6","128,1,1",86,32768,32768,0,,,,,,,,,,,,,,,,,,,
"void cublasLt::splitKreduce_kernel<(int)32, (int)16, int, float, float, float, float, (bool)0, float, float, float, (bool)1, (bool)0, (bool)0>(cublasLt::cublasSplitKParams<T6>, const T4 *, const T10 *, T9 *, T5 *, const T6 *, const T6 *, const T11 *, const T4 *, T11 *, void *, long, T6 *, int *, T6 *, T6 *, const T6 *, const T6 *, const T6 *, const T6 *, const T6 *)",1.535,2026-09-11T18:05:34.807409,"1,23,1","32,16,1",44,0,0,0,,,,,,,,,,,,,,,,,,,
ucopy_f32,2.077,2026-09-11T18:05:34.807422,"3,1,1","1024,1,1",24,0,0,0,,,,,,,,,,,,,,,,,,,
badd_f32,2.462,2026-09-11T18:05:34.807435,"3,1,1","1024,1,1",38,0,0,0,,,,,,,,,,,,,,,,,,,
urelu_f32,1.182,2026-09-11T18:05:34.807448,"3,1,1","1024,1,1",24,0,0,0,,,,,,,,,,,,,,,,,,,
im2col1d_f32,2.269,2026-09-11T18:05:34.807461,"2,1,1","1024,1,1",40,0,0,0,,,,,,,,,,,,,,,,,,,
ampere_sgemm_32x32_sliced1x4_tn,3.388,2026-09-11T18:05:34.807474,"1,6,24","128,1,1",86,32768,32768,0,,,,,,,,,,,,,,,,,,,
"void cublasLt::splitKreduce_kernel<(int)32, (int)16, int, float, float, float, float, (bool)0, float, float, float, (bool)1, (bool)0, (bool)0>(cublasLt::cublasSplitKParams<T6>, const T4 *, const T10 *, T9 *, T5 *, const T6 *, const T6 *, const T11 *, const T4 *, T11 *, void *, long, T6 *, int *, T6 *, T6 *, const T6 *, const T6 *, const T6 *, const T6 *, const T6 *)",1.63,2026-09-11T18:05:34.807487,"1,12,1","32,16,1",44,0,0,0,,,,,,,,,,,,,,,,,,,
ucopy_f32,2.142,2026-09-11T18:05:34.807500,"3,1,1","1024,1,1",24,0,0,0,,,,,,,,,,,,,,,,,,,
badd_f32,2.43,2026-09-11T18:05:34.807513,"3,1,1","1024,1,1",38,0,0,0,,,,,,,,,,,,,,,,,,,
urelu_f32,1.119,2026-09-11T18:05:34.807525,"3,1,1","1024,1,1",24,0,0,0,,,,,,,,,,,,,,,,,,,
im2col1d_f32,2.301,2026-09-11T18:05:34.807540,"2,1,1","1024,1,1",40,0,0,0,,,,,,,,,,,,,,,,,,,
ampere_sgemm_32x32_sliced1x4_tn,3.357,2026-09-11T18:05:34.807561,"1,3,48","128,1,1",86,32768,32768,0,,,,,,,,,,,,,,,,,,,
"void cublasLt::splitKreduce_kernel<(int)32, (int)16, int, float, float, float, float, (bool)0, float, float, float, (bool)1, (bool)0, (bool)0>(cublasLt::cublasSplitKParams<T6>, const T4 *, const T10 *, T9 *, T5 *, const T6 *, const T6 *, const T11 *, const T4 *, T11 *, void *, long, T6 *, int *, T6 *, T6 *, const T6 *, const T6 *, const T6 *, const T6 *, const T6 *)",2.525,2026-09-11T18:05:34.807584,"1,6,1","32,16,1",44,0,0,0,,,,,,,,,,,,,,,,,,,
ucopy_f32,2.301,2026-09-11T18:05:34.807600,"3,1,1","1024,1,1",24,0,0,0,,,,,,,,,,,,,,,,,,,
badd_f32,2.429,2026-09-11T18:05:34.807613,"3,1,1","1024,1,1",38,0,0,0,,,,,,,,,,,,,,,,,,,
urelu_f32,1.151,2026-09-11T18:05:34.807626,"3,1,1","1024,1,1",24,0,0,0,,,,,,,,,,,,,,,,,,,
"void dot_kernel<float, (int)128, (int)0, cublasDotParams<cublasGemvTensorStridedBatched<const float>, cublasGemvTensorStridedBatched<float>>>(T4)",2.557,2026-09-11T18:05:34.807639,"18,1,96","128,1,1",28,512,512,0,,,,,,,,,,,,,,,,,,,
"void reduce_1Block_kernel<float, (int)128, (int)7, cublasGemvTensorStridedBatched<float>, cublasGemvTensorStridedBatched<const float>, cublasGemvTensorStridedBatched<float>>(const T1 *, T1, T4, int, const T1 *, T1, T5, T6, cublasPointerMode_t, cublasLtEpilogue_t, cublasGemvTensorStridedBatched<const biasType<T6::value_type, T1>::type>)",1.279,2026-09-11T18:05:34.807652,"1,1,96","128,1,1",28,768,768,0,,,,,,,,,,,,,,,,,,,
badd_f32,1.087,2026-09-11T18:05:34.807668,"1,1,1","1024,1,1",38,0,0,0,,,,,,,,,,,,,,,,,,,
urelu_f32,1.087,2026-09-11T18:05:34.807680,"1,1,1","1024,1,1",24,0,0,0,,,,,,,,,,,,,,,,,,,
"std::enable_if<!T7, void>::type internal::gemvx::kernel<int, int, float, float, float, float, (bool)0, (bool)1, (bool)1, (bool)0, (int)6, (bool)0, cublasGemvParamsEx<int, cublasGemvTensorStridedBatched<const float>, cublasGemvTensorStridedBatched<const float>, cublasGemvTensorStridedBatched<float>, float>>(T13)",1.471,2026-09-11T18:05:34.807694,"2,1,1","4,16,1",166,320,0,320,,,,,,,,,,,,,,,,,,,
badd_f32,1.119,2026-09-11T18:05:34.807707,"1,1,1","1024,1,1",38,0,0,0,,,,,,,,,,,,,,,,,,,
urelu_f32,1.055,2026-09-11T18:05:34.807743,"1,1,1","1024,1,1",24,0,0,0,,,,,,,,,,,,,,,,,,,
copy2d_f32,1.087,2026-09-11T18:05:34.807761,"1,1,1","1024,1,1",16,0,0,0,,,,,,,,,,,,,,,,,,,
copy2d_f32,1.055,2026-09-11T18:05:34.807777,"1,1,1","1024,1,1",16,0,0,0,,,,,,,,,,,,,,,,,,,
copy2d_f32,1.055,2026-09-11T18:05:34.807789,"1,1,1","1024,1,1",16,0,0,0,,,,,,,,,,,,,,,,,,,
layernorm_f32,2.589,2026-09-11T18:05:34.807803,"1,1,1","32,1,1",28,256,256,0,,,,,,,,,,,,,,,,,,,
copy2d_f32,1.055,2026-09-11T18:05:34.807816,"1,1,1","1024,1,1",16,0,0,0,,,,,,,,,,,,,,,,,,,
copy2d_f32,1.055,2026-09-11T18:05:34.807829,"1,1,1","1024,1,1",16,0,0,0,,,,,,,,,,,,,,,,,,,
copy2d_f32,1.055,2026-09-11T18:05:34.807842,"1,1,1","1024,1,1",16,0,0,0,,,,,,,,,,,,,,,,,,,
"std::enable_if<!T7, void>::type internal::gemvx::kernel<int, int, float, float, float, float, (bool)0, (bool)1, (bool)1, (bool)0, (int)8, (bool)0, cublasGemvParamsEx<int, cublasGemvTensorStridedBatched<const float>, cublasGemvTensorStridedBatched<const float>, cublasGemvTensorStridedBatched<float>, float>>(T13)",2.046,2026-09-11T18:05:34.807855,"32,1,1","16,16,1",159,1088,0,1088,,,,,,,,,,,,,,,,,,,
badd_f32,1.151,2026-09-11T18:05:34.807868,"1,1,1","1024,1,1",38,0,0,0,,,,,,,,,,,,,,,,,,,
urelu_f32,1.119,2026-09-11T18:05:34.807882,"1,1,1","1024,1,1",24,0,0,0,,,,,,,,,,,,,,,,,,,
"void gemv2T_kernel_val<int, int, float, float, float, float, (int)128, (int)16, (int)2, (int)2, (bool)0, (bool)0, cublasGemvParamsEx<int, cublasGemvTensorStridedBatched<const float>, cublasGemvTensorStridedBatched<const float>, cublasGemvTensorStridedBatched<float>, float>>(T13, T6, T6)",2.493,2026-09-11T18:05:34.807895,"64,1,1","128,1,1",47,1536,1536,0,,,,,,,,,,,,,,,,,,,
badd_f32,1.151,2026-09-11T18:05:34.807908,"1,1,1","1024,1,1",38,0,0,0,,,,,,,,,,,,,,,,,,,
bmaximum_f32,1.982,2026-09-11T18:05:34.807921,"1,1,1","1024,1,1",38,0,0,0,,,,,,,,,,,,,,,,,,,
bminimum_f32,2.014,2026-09-11T18:05:34.807935,"1,1,1","1024,1,1",38,0,0,0,,,,,,,,,,,,,,,,,,,
"std::enable_if<!T7, void>::type internal::gemvx::kernel<int, int, float, float, float, float, (bool)0, (bool)1, (bool)1, (bool)0, (int)8, (bool)0, cublasGemvParamsEx<int, cublasGemvTensorStridedBatched<const float>, cublasGemvTensorStridedBatched<const float>, cublasGemvTensorStridedBatched<float>, float>>(T13)",2.078,2026-09-11T18:05:34.807948,"64,1,1","16,16,1",159,1088,0,1088,,,,,,,,,,,,,,,,,,,
badd_f32,1.214,2026-09-11T18:05:34.807961,"1,1,1","1024,1,1",38,0,0,0,,,,,,,,,,,,,,,,,,,
"std::enable_if<!T7, void>::type internal::gemvx::kernel<int, int, float, float, float, float, (bool)0, (bool)1, (bool)1, (bool)0, (int)8, (bool)0, cublasGemvParamsEx<int, cublasGemvTensorStridedBatched<const float>, cublasGemvTensorStridedBatched<const float>, cublasGemvTensorStridedBatched<float>, float>>(T13)",2.11,2026-09-11T18:05:34.807974,"32,1,1","16,16,1",159,1088,0,1088,,,,,,,,,,,,,,,,,,,
badd_f32,1.183,2026-09-11T18:05:34.807987,"1,1,1","1024,1,1",38,0,0,0,,,,,,,,,,,,,,,,,,,
urelu_f32,1.15,2026-09-11T18:05:34.808000,"1,1,1","1024,1,1",24,0,0,0,,,,,,,,,,,,,,,,,,,
"void gemv2T_kernel_val<int, int, float, float, float, float, (int)128, (int)16, (int)4, (int)4, (bool)0, (bool)0, cublasGemvParamsEx<int, cublasGemvTensorStridedBatched<const float>, cublasGemvTensorStridedBatched<const float>, cublasGemvTensorStridedBatched<float>, float>>(T13, T6, T6)",3.836,2026-09-11T18:05:34.808013,"512,1,1","128,1,1",59,2560,2560,0,,,,,,,,,,,,,,,,,,,
badd_f32,1.215,2026-09-11T18:05:34.808026,"4,1,1","1024,1,1",38,0,0,0,,,,,,,,,,,,,,,,,,,
im2col_f32,2.366,2026-09-11T18:05:34.808039,"7,1,1","1024,1,1",36,0,0,0,,,,,,,,,,,,,,,,,,,
ampere_sgemm_32x32_sliced1x4_tn,3.452,2026-09-11T18:05:34.808052,"1,24,9","128,1,1",86,32768,32768,0,,,,,,,,,,,,,,,,,,,
"void cublasLt::splitKreduce_kernel<(int)32, (int)16, int, float, float, float, float, (bool)0, float, float, float, (bool)1, (bool)0, (bool)0>(cublasLt::cublasSplitKParams<T6>, const T4 *, const T10 *, T9 *, T5 *, const T6 *, const T6 *, const T11 *, const T4 *, T11 *, void *, long, T6 *, int *, T6 *, T6 *, const T6 *, const T6 *, const T6 *, const T6 *, const T6 *)",1.502,2026-09-11T18:05:34.808066,"1,48,1","32,16,1",44,0,0,0,,,,,,,,,,,,,,,,,,,
ucopy_f32,2.397,2026-09-11T18:05:34.808078,"6,1,1","1024,1,1",24,0,0,0,,,,,,,,,,,,,,,,,,,
badd_f32,2.749,2026-09-11T18:05:34.808120,"6,1,1","1024,1,1",38,0,0,0,,,,,,,,,,,,,,,,,,,
urelu_f32,1.215,2026-09-11T18:05:34.808142,"6,1,1","1024,1,1",24,0,0,0,,,,,,,,,,,,,,,,,,,
im2col_f32,2.365,2026-09-11T18:05:34.808158,"14,1,1","1024,1,1",36,0,0,0,,,,,,,,,,,,,,,,,,,
ampere_sgemm_32x32_sliced1x4_tn,3.325,2026-09-11T18:05:34.808171,"1,6,36","128,1,1",86,32768,32768,0,,,,,,,,,,,,,,,,,,,
"void cublasLt::splitKreduce_kernel<(int)32, (int)16, int, float, float, float, float, (bool)0, float, float, float, (bool)1, (bool)0, (bool)0>(cublasLt::cublasSplitKParams<T6>, const T4 *, const T10 *, T9 *, T5 *, const T6 *, const T6 *, const T11 *, const T4 *, T11 *, void *, long, T6 *, int *, T6 *, T6 *, const T6 *, const T6 *, const T6 *, const T6 *, const T6 *)",1.918,2026-09-11T18:05:34.808187,"1,12,1","32,16,1",44,0,0,0,,,,,,,,,,,,,,,,,,,
ucopy_f32,2.302,2026-09-11T18:05:34.808204,"3,1,1","1024,1,1",24,0,0,0,,,,,,,,,,,,,,,,,,,
badd_f32,2.749,2026-09-11T18:05:34.808224,"3,1,1","1024,1,1",38,0,0,0,,,,,,,,,,,,,,,,,,,
urelu_f32,1.151,2026-09-11T18:05:34.808245,"3,1,1","1024,1,1",24,0,0,0,,,,,,,,,,,,,,,,,,,
im2col_f32,2.301,2026-09-11T18:05:34.808268,"7,1,1","1024,1,1",36,0,0,0,,,,,,,,,,,,,,,,,,,
ampere_sgemm_32x32_sliced1x4_tn,3.261,2026-09-11T18:05:34.808283,"1,2,72","128,1,1",86,32768,32768,0,,,,,,,,,,,,,,,,,,,
"void cublasLt::splitKreduce_kernel<(int)32, (int)16, int, float, float, float, float, (bool)0, float, float, float, (bool)1, (bool)0, (bool)0>(cublasLt::cublasSplitKParams<T6>, const T4 *, const T10 *, T9 *, T5 *, const T6 *, const T6 *, const T11 *, const T4 *, T11 *, void *, long, T6 *, int *, T6 *, T6 *, const T6 *, const T6 *, const T6 *, const T6 *, const T6 *)",3.196,2026-09-11T18:05:34.808297,"1,3,1","32,16,1",44,0,0,0,,,,,,,,,,,,,,,,,,,
ucopy_f32,2.429,2026-09-11T18:05:34.808310,"2,1,1","1024,1,1",24,0,0,0,,,,,,,,,,,,,,,,,,,
badd_f32,2.653,2026-09-11T18:05:34.808322,"2,1,1","1024,1,1",38,0,0,0,,,,,,,,,,,,,,,,,,,
urelu_f32,1.182,2026-09-11T18:05:34.808337,"2,1,1","1024,1,1",24,0,0,0,,,,,,,,,,,,,,,,,,,
"std::enable_if<!T7, void>::type internal::gemvx::kernel<int, int, float, float, float, float, (bool)0, (bool)1, (bool)1, (bool)0, (int)7, (bool)0, cublasGemvParamsEx<int, cublasGemvTensorStridedBatched<const float>, cublasGemvTensorStridedBatched<const float>, cublasGemvTensorStridedBatched<float>, float>>(T13)",2.78,2026-09-11T18:05:34.808351,"32,1,1","32,4,1",159,528,0,528,,,,,,,,,,,,,,,,,,,
badd_f32,1.119,2026-09-11T18:05:34.808364,"1,1,1","1024,1,1",38,0,0,0,,,,,,,,,,,,,,,,,,,
urelu_f32,1.087,2026-09-11T18:05:34.808376,"1,1,1","1024,1,1",24,0,0,0,,,,,,,,,,,,,,,,,,,
im2col1d_f32,2.11,2026-09-11T18:05:34.808389,"1,1,1","1024,1,1",40,0,0,0,,,,,,,,,,,,,,,,,,,
ampere_sgemm_32x32_sliced1x4_tn,2.781,2026-09-11T18:05:34.808402,"1,12,6","128,1,1",86,32768,32768,0,,,,,,,,,,,,,,,,,,,
"void cublasLt::splitKreduce_kernel<(int)32, (int)16, int, float, float, float, float, (bool)0, float, float, float, (bool)1, (bool)0, (bool)0>(cublasLt::cublasSplitKParams<T6>, const T4 *, const T10 *, T9 *, T5 *, const T6 *, const T6 *, const T11 *, const T4 *, T11 *, void *, long, T6 *, int *, T6 *, T6 *, const T6 *, const T6 *, const T6 *, const T6 *, const T6 *)",1.534,2026-09-11T18:05:34.808415,"1,23,1","32,16,1",44,0,0,0,,,,,,,,,,,,,,,,,,,
ucopy_f32,2.046,2026-09-11T18:05:34.808428,"3,1,1","1024,1,1",24,0,0,0,,,,,,,,,,,,,,,,,,,
badd_f32,2.493,2026-09-11T18:05:34.808441,"3,1,1","1024,1,1",38,0,0,0,,,,,,,,,,,,,,,,,,,
urelu_f32,1.151,2026-09-11T18:05:34.808454,"3,1,1","1024,1,1",24,0,0,0,,,,,,,,,,,,,,,,,,,
im2col1d_f32,2.302,2026-09-11T18:05:34.808467,"2,1,1","1024,1,1",40,0,0,0,,,,,,,,,,,,,,,,,,,
ampere_sgemm_32x32_sliced1x4_tn,3.42,2026-09-11T18:05:34.808480,"1,6,24","128,1,1",86,32768,32768,0,,,,,,,,,,,,,,,,,,,
"void cublasLt::splitKreduce_kernel<(int)32, (int)16, int, float, float, float, float, (bool)0, float, float, float, (bool)1, (bool)0, (bool)0>(cublasLt::cublasSplitKParams<T6>, const T4 *, const T10 *, T9 *, T5 *, const T6 *, const T6 *, const T11 *, const T4 *, T11 *, void *, long, T6 *, int *, T6 *, T6 *, const T6 *, const T6 *, const T6 *, const T6 *, const T6 *)",1.63,2026-09-11T18:05:34.808493,"1,12,1","32,16,1",44,0,0,0,,,,,,,,,,,,,,,,,,,
ucopy_f32,2.174,2026-09-11T18:05:34.808508,"3,1,1","1024,1,1",24,0,0,0,,,,,,,,,,,,,,,,,,,
badd_f32,2.397,2026-09-11T18:05:34.808521,"3,1,1","1024,1,1",38,0,0,0,,,,,,,,,,,,,,,,,,,
urelu_f32,1.151,2026-09-11T18:05:34.808534,"3,1,1","1024,1,1",24,0,0,0,,,,,,,,,,,,,,,,,,,
im2col1d_f32,2.301,2026-09-11T18:05:34.808547,"2,1,1","1024,1,1",40,0,0,0,,,,,,,,,,,,,,,,,,,
ampere_sgemm_32x32_sliced1x4_tn,3.356,2026-09-11T18:05:34.808560,"1,3,48","128,1,1",86,32768,32768,0,,,,,,,,,,,,,,,,,,,
"void cublasLt::splitKreduce_kernel<(int)32, (int)16, int, float, float, float, float, (bool)0, float, float, float, (bool)1, (bool)0, (bool)0>(cublasLt::cublasSplitKParams<T6>, const T4 *, const T10 *, T9 *, T5 *, const T6 *, const T6 *, const T11 *, const T4 *, T11 *, void *, long, T6 *, int *, T6 *, T6 *, const T6 *, const T6 *, const T6 *, const T6 *, const T6 *)",2.525,2026-09-11T18:05:34.808573,"1,6,1","32,16,1",44,0,0,0,,,,,,,,,,,,,,,,,,,
ucopy_f32,2.27,2026-09-11T18:05:34.808585,"3,1,1","1024,1,1",24,0,0,0,,,,,,,,,,,,,,,,,,,
badd_f32,2.429,2026-09-11T18:05:34.808598,"3,1,1","1024,1,1",38,0,0,0,,,,,,,,,,,,,,,,,,,
urelu_f32,1.151,2026-09-11T18:05:34.808613,"3,1,1","1024,1,1",24,0,0,0,,,,,,,,,,,,,,,,,,,
"void dot_kernel<float, (int)128, (int)0, cublasDotParams<cublasGemvTensorStridedBatched<const float>, cublasGemvTensorStridedBatched<float>>>(T4)",2.717,2026-09-11T18:05:34.808626,"18,1,96","128,1,1",28,512,512,0,,,,,,,,,,,,,,,,,,,
"void reduce_1Block_kernel<float, (int)128, (int)7, cublasGemvTensorStridedBatched<float>, cublasGemvTensorStridedBatched<const float>, cublasGemvTensorStridedBatched<float>>(const T1 *, T1, T4, int, const T1 *, T1, T5, T6, cublasPointerMode_t, cublasLtEpilogue_t, cublasGemvTensorStridedBatched<const biasType<T6::value_type, T1>::type>)",1.31,2026-09-11T18:05:34.808639,"1,1,96","128,1,1",28,768,768,0,,,,,,,,,,,,,,,,,,,
badd_f32,1.087,2026-09-11T18:05:34.808652,"1,1,1","1024,1,1",38,0,0,0,,,,,,,,,,,,,,,,,,,
urelu_f32,1.087,2026-09-11T18:05:34.808665,"1,1,1","1024,1,1",24,0,0,0,,,,,,,,,,,,,,,,,,,
"std::enable_if<!T7, void>::type internal::gemvx::kernel<int, int, float, float, float, float, (bool)0, (bool)1, (bool)1, (bool)0, (int)6, (bool)0, cublasGemvParamsEx<int, cublasGemvTensorStridedBatched<const float>, cublasGemvTensorStridedBatched<const float>, cublasGemvTensorStridedBatched<float>, float>>(T13)",1.534,2026-09-11T18:05:34.808680,"2,1,1","4,16,1",166,320,0,320,,,,,,,,,,,,,,,,,,,
badd_f32,1.118,2026-09-11T18:05:34.808693,"1,1,1","1024,1,1",38,0,0,0,,,,,,,,,,,,,,,,,,,
urelu_f32,1.087,2026-09-11T18:05:34.808706,"1,1,1","1024,1,1",24,0,0,0,,,,,,,,,,,,,,,,,,,
copy2d_f32,1.119,2026-09-11T18:05:34.808718,"1,1,1","1024,1,1",16,0,0,0,,,,,,,,,,,,,,,,,,,
copy2d_f32,1.055,2026-09-11T18:05:34.808731,"1,1,1","1024,1,1",16,0,0,0,,,,,,,,,,,,,,,,,,,
copy2d_f32,1.055,2026-09-11T18:05:34.808744,"1,1,1","1024,1,1",16,0,0,0,,,,,,,,,,,,,,,,,,,
layernorm_f32,2.59,2026-09-11T18:05:34.808757,"1,1,1","32,1,1",28,256,256,0,,,,,,,,,,,,,,,,,,,
copy2d_f32,1.087,2026-09-11T18:05:34.808770,"1,1,1","1024,1,1",16,0,0,0,,,,,,,,,,,,,,,,,,,
copy2d_f32,1.055,2026-09-11T18:05:34.808782,"1,1,1","1024,1,1",16,0,0,0,,,,,,,,,,,,,,,,,,,
copy2d_f32,1.055,2026-09-11T18:05:34.808795,"1,1,1","1024,1,1",16,0,0,0,,,,,,,,,,,,,,,,,,,
"std::enable_if<!T7, void>::type internal::gemvx::kernel<int, int, float, float, float, float, (bool)0, (bool)1, (bool)1, (bool)0, (int)8, (bool)0, cublasGemvParamsEx<int, cublasGemvTensorStridedBatched<const float>, cublasGemvTensorStridedBatched<const float>, cublasGemvTensorStridedBatched<float>, float>>(T13)",2.078,2026-09-11T18:05:34.808808,"32,1,1","16,16,1",159,1088,0,1088,,,,,,,,,,,,,,,,,,,
badd_f32,1.182,2026-09-11T18:05:34.808821,"1,1,1","1024,1,1",38,0,0,0,,,,,,,,,,,,,,,,,,,
urelu_f32,1.119,2026-09-11T18:05:34.808836,"1,1,1","1024,1,1",24,0,0,0,,,,,,,,,,,,,,,,,,,
"void gemv2T_kernel_val<int, int, float, float, float, float, (int)128, (int)16, (int)2, (int)2, (bool)0, (bool)0, cublasGemvParamsEx<int, cublasGemvTensorStridedBatched<const float>, cublasGemvTensorStridedBatched<const float>, cublasGemvTensorStridedBatched<float>, float>>(T13, T6, T6)",2.557,2026-09-11T18:05:34.808849,"64,1,1","128,1,1",47,1536,1536,0,,,,,,,,,,,,,,,,,,,
badd_f32,1.151,2026-09-11T18:05:34.808862,"1,1,1","1024,1,1",38,0,0,0,,,,,,,,,,,,,,,,,,,
bmaximum_f32,2.013,2026-09-11T18:05:34.808875,"1,1,1","1024,1,1",38,0,0,0,,,,,,,,,,,,,,,,,,,
bminimum_f32,2.015,2026-09-11T18:05:34.808887,"1,1,1","1024,1,1",38,0,0,0,,,,,,,,,,,,,,,,,,,
"std::enable_if<!T7, void>::type internal::gemvx::kernel<int, int, float, float, float, float, (bool)0, (bool)1, (bool)1, (bool)0, (int)8, (bool)0, cublasGemvParamsEx<int, cublasGemvTensorStridedBatched<const float>, cublasGemvTensorStridedBatched<const float>, cublasGemvTensorStridedBatched<float>, float>>(T13)",2.685,2026-09-11T18:05:34.808900,"64,1,1","16,16,1",159,1088,0,1088,,,,,,,,,,,,,,,,,,,
badd_f32,1.215,2026-09-11T18:05:34.808913,"1,1,1","1024,1,1",38,0,0,0,,,,,,,,,,,,,,,,,,,
"std::enable_if<!T7, void>::type internal::gemvx::kernel<int, int, float, float, float, float, (bool)0, (bool)1, (bool)1, (bool)0, (int)8, (bool)0, cublasGemvParamsEx<int, cublasGemvTensorStridedBatched<const float>, cublasGemvTensorStridedBatched<const float>, cublasGemvTensorStridedBatched<float>, float>>(T13)",2.142,2026-09-11T18:05:34.808926,"32,1,1","16,16,1",159,1088,0,1088,,,,,,,,,,,,,,,,,,,
badd_f32,1.151,2026-09-11T18:05:34.808939,"1,1,1","1024,1,1",38,0,0,0,,,,,,,,,,,,,,,,,,,
urelu_f32,1.119,2026-09-11T18:05:34.808952,"1,1,1","1024,1,1",24,0,0,0,,,,,,,,,,,,,,,,,,,
"void gemv2T_kernel_val<int, int, float, float, float, float, (int)128, (int)16, (int)4, (int)4, (bool)0, (bool)0, cublasGemvParamsEx<int, cublasGemvTensorStridedBatched<const float>, cublasGemvTensorStridedBatched<const float>, cublasGemvTensorStridedBatched<float>, float>>(T13, T6, T6)",3.868,2026-09-11T18:05:34.808965,"512,1,1","128,1,1",59,2560,2560,0,,,,,,,,,,,,,,,,,,,
badd_f32,1.215,2026-09-11T18:05:34.808983,"4,1,1","1024,1,1",38,0,0,0,,,,,,,,,,,,,,,,,,,
im2col_f32,2.269,2026-09-11T18:05:34.809026,"7,1,1","1024,1,1",36,0,0,0,,,,,,,,,,,,,,,,,,,
ampere_sgemm_32x32_sliced1x4_tn,3.421,2026-09-11T18:05:34.809042,"1,24,9","128,1,1",86,32768,32768,0,,,,,,,,,,,,,,,,,,,
"void cublasLt::splitKreduce_kernel<(int)32, (int)16, int, float, float, float, float, (bool)0, float, float, float, (bool)1, (bool)0, (bool)0>(cublasLt::cublasSplitKParams<T6>, const T4 *, const T10 *, T9 *, T5 *, const T6 *, const T6 *, const T11 *, const T4 *, T11 *, void *, long, T6 *, int *, T6 *, T6 *, const T6 *, const T6 *, const T6 *, const T6 *, const T6 *)",1.47,2026-09-11T18:05:34.809057,"1,48,1","32,16,1",44,0,0,0,,,,,,,,,,,,,,,,,,,
ucopy_f32,2.397,2026-09-11T18:05:34.809070,"6,1,1","1024,1,1",24,0,0,0,,,,,,,,,,,,,,,,,,,
badd_f32,2.717,2026-09-11T18:05:34.809083,"6,1,1","1024,1,1",38,0,0,0,,,,,,,,,,,,,,,,,,,
urelu_f32,1.215,2026-09-11T18:05:34.809096,"6,1,1","1024,1,1",24,0,0,0,,,,,,,,,,,,,,,,,,,
im2col_f32,2.334,2026-09-11T18:05:34.809109,"14,1,1","1024,1,1",36,0,0,0,,,,,,,,,,,,,,,,,,,
ampere_sgemm_32x32_sliced1x4_tn,3.325,2026-09-11T18:05:34.809122,"1,6,36","128,1,1",86,32768,32768,0,,,,,,,,,,,,,,,,,,,
"void cublasLt::splitKreduce_kernel<(int)32, (int)16, int, float, float, float, float, (bool)0, float, float, float, (bool)1, (bool)0, (bool)0>(cublasLt::cublasSplitKParams<T6>, const T4 *, const T10 *, T9 *, T5 *, const T6 *, const T6 *, const T11 *, const T4 *, T11 *, void *, long, T6 *, int *, T6 *, T6 *, const T6 *, const T6 *, const T6 *, const T6 *, const T6 *)",1.886,2026-09-11T18:05:34.809136,"1,12,1","32,16,1",44,0,0,0,,,,,,,,,,,,,,,,,,,
ucopy_f32,2.302,2026-09-11T18:05:34.809149,"3,1,1","1024,1,1",24,0,0,0,,,,,,,,,,,,,,,,,,,
badd_f32,2.653,2026-09-11T18:05:34.809168,"3,1,1","1024,1,1",38,0,0,0,,,,,,,,,,,,,,,,,,,
urelu_f32,1.151,2026-09-11T18:05:34.809184,"3,1,1","1024,1,1",24,0,0,0,,,,,,,,,,,,,,,,,,,
im2col_f32,2.302,2026-09-11T18:05:34.809197,"7,1,1","1024,1,1",36,0,0,0,,,,,,,,,,,,,,,,,,,
ampere_sgemm_32x32_sliced1x4_tn,3.261,2026-09-11T18:05:34.809210,"1,2,72","128,1,1",86,32768,32768,0,,,,,,,,,,,,,,,,,,,
"void cublasLt::splitKreduce_kernel<(int)32, (int)16, int, float, float, float, float, (bool)0, float, float, float, (bool)1, (bool)0, (bool)0>(cublasLt::cublasSplitKParams<T6>, const T4 *, const T10 *, T9 *, T5 *, const T6 *, const T6 *, const T11 *, const T4 *, T11 *, void *, long, T6 *, int *, T6 *, T6 *, const T6 *, const T6 *, const T6 *, const T6 *, const T6 *)",3.165,2026-09-11T18:05:34.809225,"1,3,1","32,16,1",44,0,0,0,,,,,,,,,,,,,,,,,,,
ucopy_f32,2.461,2026-09-11T18:05:34.809238,"2,1,1","1024,1,1",24,0,0,0,,,,,,,,,,,,,,,,,,,
badd_f32,2.653,2026-09-11T18:05:34.809251,"2,1,1","1024,1,1",38,0,0,0,,,,,,,,,,,,,,,,,,,
urelu_f32,1.151,2026-09-11T18:05:34.809264,"2,1,1","1024,1,1",24,0,0,0,,,,,,,,,,,,,,,,,,,
"std::enable_if<!T7, void>::type internal::gemvx::kernel<int, int, float, float, float, float, (bool)0, (bool)1, (bool)1, (bool)0, (int)7, (bool)0, cublasGemvParamsEx<int, cublasGemvTensorStridedBatched<const float>, cublasGemvTensorStridedBatched<const float>, cublasGemvTensorStridedBatched<float>, float>>(T13)",2.398,2026-09-11T18:05:34.809277,"32,1,1","32,4,1",159,528,0,528,,,,,,,,,,,,,,,,,,,
badd_f32,1.119,2026-09-11T18:05:34.809290,"1,1,1","1024,1,1",38,0,0,0,,,,,,,,,,,,,,,,,,,
urelu_f32,1.086,2026-09-11T18:05:34.809303,"1,1,1","1024,1,1",24,0,0,0,,,,,,,,,,,,,,,,,,,
im2col1d_f32,2.045,2026-09-11T18:05:34.809316,"1,1,1","1024,1,1",40,0,0,0,,,,,,,,,,,,,,,,,,,
ampere_sgemm_32x32_sliced1x4_tn,2.813,2026-09-11T18:05:34.809329,"1,12,6","128,1,1",86,32768,32768,0,,,,,,,,,,,,,,,,,,,
"void cublasLt::splitKreduce_kernel<(int)32, (int)16, int, float, float, float, float, (bool)0, float, float, float, (bool)1, (bool)0, (bool)0>(cublasLt::cublasSplitKParams<T6>, const T4 *, const T10 *, T9 *, T5 *, const T6 *, const T6 *, const T11 *, const T4 *, T11 *, void *, long, T6 *, int *, T6 *, T6 *, const T6 *, const T6 *, const T6 *, const T6 *, const T6 *)",1.502,2026-09-11T18:05:34.809342,"1,23,1","32,16,1",44,0,0,0,,,,,,,,,,,,,,,,,,,
ucopy_f32,2.109,2026-09-11T18:05:34.809354,"3,1,1","1024,1,1",24,0,0,0,,,,,,,,,,,,,,,,,,,
badd_f32,2.462,2026-09-11T18:05:34.809367,"3,1,1","1024,1,1",38,0,0,0,,,,,,,,,,,,,,,,,,,
urelu_f32,1.151,2026-09-11T18:05:34.809380,"3,1,1","1024,1,1",24,0,0,0,,,,,,,,,,,,,,,,,,,
im2col1d_f32,2.237,2026-09-11T18:05:34.809395,"2,1,1","1024,1,1",40,0,0,0,,,,,,,,,,,,,,,,,,,
ampere_sgemm_32x32_sliced1x4_tn,3.42,2026-09-11T18:05:34.809408,"1,6,24","128,1,1",86,32768,32768,0,,,,,,,,,,,,,,,,,,,
"void cublasLt::splitKreduce_kernel<(int)32, (int)16, int, float, float, float, float, (bool)0, float, float, float, (bool)1, (bool)0, (bool)0>(cublasLt::cublasSplitKParams<T6>, const T4 *, const T10 *, T9 *, T5 *, const T6 *, const T6 *, const T11 *, const T4 *, T11 *, void *, long, T6 *, int *, T6 *, T6 *, const T6 *, const T6 *, const T6 *, const T6 *, const T6 *)",1.63,2026-09-11T18:05:34.809421,"1,12,1","32,16,1",44,0,0,0,,,,,,,,,,,,,,,,,,,
ucopy_f32,2.109,2026-09-11T18:05:34.809434,"3,1,1","1024,1,1",24,0,0,0,,,,,,,,,,,,,,,,,,,
badd_f32,2.429,2026-09-11T18:05:34.809449,"3,1,1","1024,1,1",38,0,0,0,,,,,,,,,,,,,,,,,,,
urelu_f32,1.119,2026-09-11T18:05:34.809462,"3,1,1","1024,1,1",24,0,0,0,,,,,,,,,,,,,,,,,,,
im2col1d_f32,2.334,2026-09-11T18:05:34.809478,"2,1,1","1024,1,1",40,0,0,0,,,,,,,,,,,,,,,,,,,
ampere_sgemm_32x32_sliced1x4_tn,3.356,2026-09-11T18:05:34.809507,"1,3,48","128,1,1",86,32768,32768,0,,,,,,,,,,,,,,,,,,,
"void cublasLt::splitKreduce_kernel<(int)32, (int)16, int, float, float, float, float, (bool)0, float, float, float, (bool)1, (bool)0, (bool)0>(cublasLt::cublasSplitKParams<T6>, const T4 *, const T10 *, T9 *, T5 *, const T6 *, const T6 *, const T11 *, const T4 *, T11 *, void *, long, T6 *, int *, T6 *, T6 *, const T6 *, const T6 *, const T6 *, const T6 *, const T6 *)",2.525,2026-09-11T18:05:34.809532,"1,6,1","32,16,1",44,0,0,0,,,,,,,,,,,,,,,,,,,
ucopy_f32,2.302,2026-09-11T18:05:34.809554,"3,1,1","1024,1,1",24,0,0,0,,,,,,,,,,,,,,,,,,,
badd_f32,2.429,2026-09-11T18:05:34.809569,"3,1,1","1024,1,1",38,0,0,0,,,,,,,,,,,,,,,,,,,
urelu_f32,1.151,2026-09-11T18:05:34.809582,"3,1,1","1024,1,1",24,0,0,0,,,,,,,,,,,,,,,,,,,
"void dot_kernel<float, (int)128, (int)0, cublasDotParams<cublasGemvTensorStridedBatched<const float>, cublasGemvTensorStridedBatched<float>>>(T4)",2.685,2026-09-11T18:05:34.809597,"18,1,96","128,1,1",28,512,512,0,,,,,,,,,,,,,,,,,,,
"void reduce_1Block_kernel<float, (int)128, (int)7, cublasGemvTensorStridedBatched<float>, cublasGemvTensorStridedBatched<const float>, cublasGemvTensorStridedBatched<float>>(const T1 *, T1, T4, int, const T1 *, T1, T5, T6, cublasPointerMode_t, cublasLtEpilogue_t, cublasGemvTensorStridedBatched<const biasType<T6::value_type, T1>::type>)",1.278,2026-09-11T18:05:34.809611,"1,1,96","128,1,1",28,768,768,0,,,,,,,,,,,,,,,,,,,
badd_f32,1.119,2026-09-11T18:05:34.809624,"1,1,1","1024,1,1",38,0,0,0,,,,,,,,,,,,,,,,,,,
urelu_f32,1.087,2026-09-11T18:05:34.809637,"1,1,1","1024,1,1",24,0,0,0,,,,,,,,,,,,,,,,,,,
"std::enable_if<!T7, void>::type internal::gemvx::kernel<int, int, float, float, float, float, (bool)0, (bool)1, (bool)1, (bool)0, (int)6, (bool)0, cublasGemvParamsEx<int, cublasGemvTensorStridedBatched<const float>, cublasGemvTensorStridedBatched<const float>, cublasGemvTensorStridedBatched<float>, float>>(T13)",1.471,2026-09-11T18:05:34.809650,"2,1,1","4,16,1",166,320,0,320,,,,,,,,,,,,,,,,,,,
badd_f32,1.118,2026-09-11T18:05:34.809663,"1,1,1","1024,1,1",38,0,0,0,,,,,,,,,,,,,,,,,,,
urelu_f32,1.055,2026-09-11T18:05:34.809676,"1,1,1","1024,1,1",24,0,0,0,,,,,,,,,,,,,,,,,,,
copy2d_f32,1.087,2026-09-11T18:05:34.809698,"1,1,1","1024,1,1",16,0,0,0,,,,,,,,,,,,,,,,,,,
copy2d_f32,1.055,2026-09-11T18:05:34.809726,"1,1,1","1024,1,1",16,0,0,0,,,,,,,,,,,,,,,,,,,
copy2d_f32,1.055,2026-09-11T18:05:34.809749,"1,1,1","1024,1,1",16,0,0,0,,,,,,,,,,,,,,,,,,,
layernorm_f32,2.621,2026-09-11T18:05:34.809765,"1,1,1","32,1,1",28,256,256,0,,,,,,,,,,,,,,,,,,,
copy2d_f32,1.087,2026-09-11T18:05:34.809779,"1,1,1","1024,1,1",16,0,0,0,,,,,,,,,,,,,,,,,,,
copy2d_f32,1.087,2026-09-11T18:05:34.809792,"1,1,1","1024,1,1",16,0,0,0,,,,,,,,,,,,,,,,,,,
copy2d_f32,1.055,2026-09-11T18:05:34.809807,"1,1,1","1024,1,1",16,0,0,0,,,,,,,,,,,,,,,,,,,
"std::enable_if<!T7, void>::type internal::gemvx::kernel<int, int, float, float, float, float, (bool)0, (bool)1, (bool)1, (bool)0, (int)8, (bool)0, cublasGemvParamsEx<int, cublasGemvTensorStridedBatched<const float>, cublasGemvTensorStridedBatched<const float>, cublasGemvTensorStridedBatched<float>, float>>(T13)",2.046,2026-09-11T18:05:34.809821,"32,1,1","16,16,1",159,1088,0,1088,,,,,,,,,,,,,,,,,,,
badd_f32,1.183,2026-09-11T18:05:34.809834,"1,1,1","1024,1,1",38,0,0,0,,,,,,,,,,,,,,,,,,,
urelu_f32,1.119,2026-09-11T18:05:34.809847,"1,1,1","1024,1,1",24,0,0,0,,,,,,,,,,,,,,,,,,,
"void gemv2T_kernel_val<int, int, float, float, float, float, (int)128, (int)16, (int)2, (int)2, (bool)0, (bool)0, cublasGemvParamsEx<int, cublasGemvTensorStridedBatched<const float>, cublasGemvTensorStridedBatched<const float>, cublasGemvTensorStridedBatched<float>, float>>(T13, T6, T6)",2.494,2026-09-11T18:05:34.809860,"64,1,1","128,1,1",47,1536,1536,0,,,,,,,,,,,,,,,,,,,
badd_f32,1.183,2026-09-11T18:05:34.809874,"1,1,1","1024,1,1",38,0,0,0,,,,,,,,,,,,,,,,,,,
bmaximum_f32,1.982,2026-09-11T18:05:34.809886,"1,1,1","1024,1,1",38,0,0,0,,,,,,,,,,,,,,,,,,,
bminimum_f32,1.982,2026-09-11T18:05:34.809899,"1,1,1","1024,1,1",38,0,0,0,,,,,,,,,,,,,,,,,,,
"std::enable_if<!T7, void>::type internal::gemvx::kernel<int, int, float, float, float, float, (bool)0, (bool)1, (bool)1, (bool)0, (int)8, (bool)0, cublasGemvParamsEx<int, cublasGemvTensorStridedBatched<const float>, cublasGemvTensorStridedBatched<const float>, cublasGemvTensorStridedBatched<float>, float>>(T13)",1.854,2026-09-11T18:05:34.809912,"64,1,1","16,16,1",159,1088,0,1088,,,,,,,,,,,,,,,,,,,
badd_f32,1.215,2026-09-11T18:05:34.809928,"1,1,1","1024,1,1",38,0,0,0,,,,,,,,,,,,,,,,,,,
"std::enable_if<!T7, void>::type internal::gemvx::kernel<int, int, float, float, float, float, (bool)0, (bool)1, (bool)1, (bool)0, (int)8, (bool)0, cublasGemvParamsEx<int, cublasGemvTensorStridedBatched<const float>, cublasGemvTensorStridedBatched<const float>, cublasGemvTensorStridedBatched<float>, float>>(T13)",2.046,2026-09-11T18:05:34.809941,"32,1,1","16,16,1",159,1088,0,1088,,,,,,,,,,,,,,,,,,,
badd_f32,1.151,2026-09-11T18:05:34.809954,"1,1,1","1024,1,1",38,0,0,0,,,,,,,,,,,,,,,,,,,
urelu_f32,1.119,2026-09-11T18:05:34.809973,"1,1,1","1024,1,1",24,0,0,0,,,,,,,,,,,,,,,,,,,
"void gemv2T_kernel_val<int, int, float, float, float, float, (int)128, (int)16, (int)4, (int)4, (bool)0, (bool)0, cublasGemvParamsEx<int, cublasGemvTensorStridedBatched<const float>, cublasGemvTensorStridedBatched<const float>, cublasGemvTensorStridedBatched<float>, float>>(T13, T6, T6)",3.836,2026-09-11T18:05:34.809994,"512,1,1","128,1,1",59,2560,2560,0,,,,,,,,,,,,,,,,,,,
badd_f32,1.214,2026-09-11T18:05:34.810034,"4,1,1","1024,1,1",38,0,0,0,,,,,,,,,,,,,,,,,,,
im2col_f32,2.27,2026-09-11T18:05:34.810049,"7,1,1","1024,1,1",36,0,0,0,,,,,,,,,,,,,,,,,,,
ampere_sgemm_32x32_sliced1x4_tn,3.452,2026-09-11T18:05:34.810062,"1,24,9","128,1,1",86,32768,32768,0,,,,,,,,,,,,,,,,,,,
"void cublasLt::splitKreduce_kernel<(int)32, (int)16, int, float, float, float, float, (bool)0, float, float, float, (bool)1, (bool)0, (bool)0>(cublasLt::cublasSplitKParams<T6>, const T4 *, const T10 *, T9 *, T5 *, const T6 *, const T6 *, const T11 *, const T4 *, T11 *, void *, long, T6 *, int *, T6 *, T6 *, const T6 *, const T6 *, const T6 *, const T6 *, const T6 *)",1.47,2026-09-11T18:05:34.810080,"1,48,1","32,16,1",44,0,0,0,,,,,,,,,,,,,,,,,,,
ucopy_f32,2.398,2026-09-11T18:05:34.810098,"6,1,1","1024,1,1",24,0,0,0,,,,,,,,,,,,,,,,,,,
badd_f32,2.717,2026-09-11T18:05:34.810111,"6,1,1","1024,1,1",38,0,0,0,,,,,,,,,,,,,,,,,,,
urelu_f32,1.247,2026-09-11T18:05:34.810123,"6,1,1","1024,1,1",24,0,0,0,,,,,,,,,,,,,,,,,,,
im2col_f32,2.333,2026-09-11T18:05:34.810136,"14,1,1","1024,1,1",36,0,0,0,,,,,,,,,,,,,,,,,,,
ampere_sgemm_32x32_sliced1x4_tn,3.324,2026-09-11T18:05:34.810149,"1,6,36","128,1,1",86,32768,32768,0,,,,,,,,,,,,,,,,,,,
"void cublasLt::splitKreduce_kernel<(int)32, (int)16, int, float, float, float, float, (bool)0, float, float, float, (bool)1, (bool)0, (bool)0>(cublasLt::cublasSplitKParams<T6>, const T4 *, const T10 *, T9 *, T5 *, const T6 *, const T6 *, const T11 *, const T4 *, T11 *, void *, long, T6 *, int *, T6 *, T6 *, const T6 *, const T6 *, const T6 *, const T6 *, const T6 *)",1.886,2026-09-11T18:05:34.810163,"1,12,1","32,16,1",44,0,0,0,,,,,,,,,,,,,,,,,,,
ucopy_f32,2.333,2026-09-11T18:05:34.810176,"3,1,1","1024,1,1",24,0,0,0,,,,,,,,,,,,,,,,,,,
badd_f32,2.685,2026-09-11T18:05:34.810188,"3,1,1","1024,1,1",38,0,0,0,,,,,,,,,,,,,,,,,,,
urelu_f32,1.151,2026-09-11T18:05:34.810204,"3,1,1","1024,1,1",24,0,0,0,,,,,,,,,,,,,,,,,,,
im2col_f32,2.301,2026-09-11T18:05:34.810216,"7,1,1","1024,1,1",36,0,0,0,,,,,,,,,,,,,,,,,,,
ampere_sgemm_32x32_sliced1x4_tn,3.261,2026-09-11T18:05:34.810230,"1,2,72","128,1,1",86,32768,32768,0,,,,,,,,,,,,,,,,,,,
"void cublasLt::splitKreduce_kernel<(int)32, (int)16, int, float, float, float, float, (bool)0, float, float, float, (bool)1, (bool)0, (bool)0>(cublasLt::cublasSplitKParams<T6>, const T4 *, const T10 *, T9 *, T5 *, const T6 *, const T6 *, const T11 *, const T4 *, T11 *, void *, long, T6 *, int *, T6 *, T6 *, const T6 *, const T6 *, const T6 *, const T6 *, const T6 *)",3.165,2026-09-11T18:05:34.810243,"1,3,1","32,16,1",44,0,0,0,,,,,,,,,,,,,,,,,,,
ucopy_f32,2.462,2026-09-11T18:05:34.810268,"2,1,1","1024,1,1",24,0,0,0,,,,,,,,,,,,,,,,,,,
badd_f32,2.653,2026-09-11T18:05:34.810291,"2,1,1","1024,1,1",38,0,0,0,,,,,,,,,,,,,,,,,,,
urelu_f32,1.151,2026-09-11T18:05:34.810313,"2,1,1","1024,1,1",24,0,0,0,,,,,,,,,,,,,,,,,,,
"std::enable_if<!T7, void>::type internal::gemvx::kernel<int, int, float, float, float, float, (bool)0, (bool)1, (bool)1, (bool)0, (int)7, (bool)0, cublasGemvParamsEx<int, cublasGemvTensorStridedBatched<const float>, cublasGemvTensorStridedBatched<const float>, cublasGemvTensorStridedBatched<float>, float>>(T13)",2.557,2026-09-11T18:05:34.810326,"32,1,1","32,4,1",159,528,0,528,,,,,,,,,,,,,,,,,,,
badd_f32,1.119,2026-09-11T18:05:34.810340,"1,1,1","1024,1,1",38,0,0,0,,,,,,,,,,,,,,,,,,,
urelu_f32,1.119,2026-09-11T18:05:34.810354,"1,1,1","1024,1,1",24,0,0,0,,,,,,,,,,,,,,,,,,,
im2col1d_f32,2.046,2026-09-11T18:05:34.810367,"1,1,1","1024,1,1",40,0,0,0,,,,,,,,,,,,,,,,,,,
ampere_sgemm_32x32_sliced1x4_tn,2.813,2026-09-11T18:05:34.810381,"1,12,6","128,1,1",86,32768,32768,0,,,,,,,,,,,,,,,,,,,
"void cublasLt::splitKreduce_kernel<(int)32, (int)16, int, float, float, float, float, (bool)0, float, float, float, (bool)1, (bool)0, (bool)0>(cublasLt::cublasSplitKParams<T6>, const T4 *, const T10 *, T9 *, T5 *, const T6 *, const T6 *, const T11 *, const T4 *, T11 *, void *, long, T6 *, int *, T6 *, T6 *, const T6 *, const T6 *, const T6 *, const T6 *, const T6 *)",1.503,2026-09-11T18:05:34.810397,"1,23,1","32,16,1",44,0,0,0,,,,,,,,,,,,,,,,,,,
ucopy_f32,2.078,2026-09-11T18:05:34.810410,"3,1,1","1024,1,1",24,0,0,0,,,,,,,,,,,,,,,,,,,
badd_f32,2.43,2026-09-11T18:05:34.810423,"3,1,1","1024,1,1",38,0,0,0,,,,,,,,,,,,,,,,,,,
urelu_f32,1.151,2026-09-11T18:05:34.810436,"3,1,1","1024,1,1",24,0,0,0,,,,,,,,,,,,,,,,,,,
im2col1d_f32,2.238,2026-09-11T18:05:34.810449,"2,1,1","1024,1,1",40,0,0,0,,,,,,,,,,,,,,,,,,,
ampere_sgemm_32x32_sliced1x4_tn,3.421,2026-09-11T18:05:34.810462,"1,6,24","128,1,1",86,32768,32768,0,,,,,,,,,,,,,,,,,,,
"void cublasLt::splitKreduce_kernel<(int)32, (int)16, int, float, float, float, float, (bool)0, float, float, float, (bool)1, (bool)0, (bool)0>(cublasLt::cublasSplitKParams<T6>, const T4 *, const T10 *, T9 *, T5 *, const T6 *, const T6 *, const T11 *, const T4 *, T11 *, void *, long, T6 *, int *, T6 *, T6 *, const T6 *, const T6 *, const T6 *, const T6 *, const T6 *)",1.63,2026-09-11T18:05:34.810475,"1,12,1","32,16,1",44,0,0,0,,,,,,,,,,,,,,,,,,,
ucopy_f32,2.174,2026-09-11T18:05:34.810487,"3,1,1","1024,1,1",24,0,0,0,,,,,,,,,,,,,,,,,,,
badd_f32,2.429,2026-09-11T18:05:34.810503,"3,1,1","1024,1,1",38,0,0,0,,,,,,,,,,,,,,,,,,,
urelu_f32,1.15,2026-09-11T18:05:34.810516,"3,1,1","1024,1,1",24,0,0,0,,,,,,,,,,,,,,,,,,,
im2col1d_f32,2.334,2026-09-11T18:05:34.810529,"2,1,1","1024,1,1",40,0,0,0,,,,,,,,,,,,,,,,,,,
ampere_sgemm_32x32_sliced1x4_tn,3.356,2026-09-11T18:05:34.810542,"1,3,48","128,1,1",86,32768,32768,0,,,,,,,,,,,,,,,,,,,
"void cublasLt::splitKreduce_kernel<(int)32, (int)16, int, float, float, float, float, (bool)0, float, float, float, (bool)1, (bool)0, (bool)0>(cublasLt::cublasSplitKParams<T6>, const T4 *, const T10 *, T9 *, T5 *, const T6 *, const T6 *, const T11 *, const T4 *, T11 *, void *, long, T6 *, int *, T6 *, T6 *, const T6 *, const T6 *, const T6 *, const T6 *, const T6 *)",2.525,2026-09-11T18:05:34.810555,"1,6,1","32,16,1",44,0,0,0,,,,,,,,,,,,,,,,,,,
ucopy_f32,2.333,2026-09-11T18:05:34.810569,"3,1,1","1024,1,1",24,0,0,0,,,,,,,,,,,,,,,,,,,
badd_f32,2.557,2026-09-11T18:05:34.810582,"3,1,1","1024,1,1",38,0,0,0,,,,,,,,,,,,,,,,,,,
urelu_f32,1.215,2026-09-11T18:05:34.810595,"3,1,1","1024,1,1",24,0,0,0,,,,,,,,,,,,,,,,,,,
"void dot_kernel<float, (int)128, (int)0, cublasDotParams<cublasGemvTensorStridedBatched<const float>, cublasGemvTensorStridedBatched<float>>>(T4)",2.749,2026-09-11T18:05:34.810608,"18,1,96","128,1,1",28,512,512,0,,,,,,,,,,,,,,,,,,,
"void reduce_1Block_kernel<float, (int)128, (int)7, cublasGemvTensorStridedBatched<float>, cublasGemvTensorStridedBatched<const float>, cublasGemvTensorStridedBatched<float>>(const T1 *, T1, T4, int, const T1 *, T1, T5, T6, cublasPointerMode_t, cublasLtEpilogue_t, cublasGemvTensorStridedBatched<const biasType<T6::value_type, T1>::type>)",1.311,2026-09-11T18:05:34.810621,"1,1,96","128,1,1",28,768,768,0,,,,,,,,,,,,,,,,,,,
badd_f32,1.119,2026-09-11T18:05:34.810644,"1,1,1","1024,1,1",38,0,0,0,,,,,,,,,,,,,,,,,,,
urelu_f32,1.087,2026-09-11T18:05:34.810657,"1,1,1","1024,1,1",24,0,0,0,,,,,,,,,,,,,,,,,,,
"std::enable_if<!T7, void>::type internal::gemvx::kernel<int, int, float, float, float, float, (bool)0, (bool)1, (bool)1, (bool)0, (int)6, (bool)0, cublasGemvParamsEx<int, cublasGemvTensorStridedBatched<const float>, cublasGemvTensorStridedBatched<const float>, cublasGemvTensorStridedBatched<float>, float>>(T13)",1.662,2026-09-11T18:05:34.810670,"2,1,1","4,16,1",166,320,0,320,,,,,,,,,,,,,,,,,,,
badd_f32,1.087,2026-09-11T18:05:34.810683,"1,1,1","1024,1,1",38,0,0,0,,,,,,,,,,,,,,,,,,,
urelu_f32,1.055,2026-09-11T18:05:34.810696,"1,1,1","1024,1,1",24,0,0,0,,,,,,,,,,,,,,,,,,,
copy2d_f32,1.087,2026-09-11T18:05:34.810709,"1,1,1","1024,1,1",16,0,0,0,,,,,,,,,,,,,,,,,,,
copy2d_f32,1.055,2026-09-11T18:05:34.810722,"1,1,1","1024,1,1",16,0,0,0,,,,,,,,,,,,,,,,,,,
copy2d_f32,1.055,2026-09-11T18:05:34.810747,"1,1,1","1024,1,1",16,0,0,0,,,,,,,,,,,,,,,,,,,
layernorm_f32,2.621,2026-09-11T18:05:34.810765,"1,1,1","32,1,1",28,256,256,0,,,,,,,,,,,,,,,,,,,
copy2d_f32,1.055,2026-09-11T18:05:34.810780,"1,1,1","1024,1,1",16,0,0,0,,,,,,,,,,,,,,,,,,,
copy2d_f32,1.055,2026-09-11T18:05:34.810793,"1,1,1","1024,1,1",16,0,0,0,,,,,,,,,,,,,,,,,,,
copy2d_f32,1.055,2026-09-11T18:05:34.810807,"1,1,1","1024,1,1",16,0,0,0,,,,,,,,,,,,,,,,,,,
"std::enable_if<!T7, void>::type internal::gemvx::kernel<int, int, float, float, float, float, (bool)0, (bool)1, (bool)1, (bool)0, (int)8, (bool)0, cublasGemvParamsEx<int, cublasGemvTensorStridedBatched<const float>, cublasGemvTensorStridedBatched<const float>, cublasGemvTensorStridedBatched<float>, float>>(T13)",2.173,2026-09-11T18:05:34.810820,"32,1,1","16,16,1",159,1088,0,1088,,,,,,,,,,,,,,,,,,,
badd_f32,1.15,2026-09-11T18:05:34.810834,"1,1,1","1024,1,1",38,0,0,0,,,,,,,,,,,,,,,,,,,
urelu_f32,1.118,2026-09-11T18:05:34.810847,"1,1,1","1024,1,1",24,0,0,0,,,,,,,,,,,,,,,,,,,
"void gemv2T_kernel_val<int, int, float, float, float, float, (int)128, (int)16, (int)2, (int)2, (bool)0, (bool)0, cublasGemvParamsEx<int, cublasGemvTensorStridedBatched<const float>, cublasGemvTensorStridedBatched<const float>, cublasGemvTensorStridedBatched<float>, float>>(T13, T6, T6)",2.558,2026-09-11T18:05:34.810861,"64,1,1","128,1,1",47,1536,1536,0,,,,,,,,,,,,,,,,,,,
badd_f32,1.183,2026-09-11T18:05:34.810874,"1,1,1","1024,1,1",38,0,0,0,,,,,,,,,,,,,,,,,,,
bmaximum_f32,2.014,2026-09-11T18:05:34.810887,"1,1,1","1024,1,1",38,0,0,0,,,,,,,,,,,,,,,,,,,
bminimum_f32,2.014,2026-09-11T18:05:34.810900,"1,1,1","1024,1,1",38,0,0,0,,,,,,,,,,,,,,,,,,,
"std::enable_if<!T7, void>::type internal::gemvx::kernel<int, int, float, float, float, float, (bool)0, (bool)1, (bool)1, (bool)0, (int)8, (bool)0, cublasGemvParamsEx<int, cublasGemvTensorStridedBatched<const float>, cublasGemvTensorStridedBatched<const float>, cublasGemvTensorStridedBatched<float>, float>>(T13)",2.686,2026-09-11T18:05:34.810919,"64,1,1","16,16,1",159,1088,0,1088,,,,,,,,,,,,,,,,,,,
badd_f32,1.215,2026-09-11T18:05:34.810936,"1,1,1","1024,1,1",38,0,0,0,,,,,,,,,,,,,,,,,,,
"std::enable_if<!T7, void>::type internal::gemvx::kernel<int, int, float, float, float, float, (bool)0, (bool)1, (bool)1, (bool)0, (int)8, (bool)0, cublasGemvParamsEx<int, cublasGemvTensorStridedBatched<const float>, cublasGemvTensorStridedBatched<const float>, cublasGemvTensorStridedBatched<float>, float>>(T13)",2.173,2026-09-11T18:05:34.810951,"32,1,1","16,16,1",159,1088,0,1088,,,,,,,,,,,,,,,,,,,
badd_f32,1.15,2026-09-11T18:05:34.810965,"1,1,1","1024,1,1",38,0,0,0,,,,,,,,,,,,,,,,,,,
urelu_f32,1.119,2026-09-11T18:05:34.810979,"1,1,1","1024,1,1",24,0,0,0,,,,,,,,,,,,,,,,,,,
"void gemv2T_kernel_val<int, int, float, float, float, float, (int)128, (int)16, (int)4, (int)4, (bool)0, (bool)0, cublasGemvParamsEx<int, cublasGemvTensorStridedBatched<const float>, cublasGemvTensorStridedBatched<const float>, cublasGemvTensorStridedBatched<float>, float>>(T13, T6, T6)",3.868,2026-09-11T18:05:34.810992,"512,1,1","128,1,1",59,2560,2560,0,,,,,,,,,,,,,,,,,,,
badd_f32,1.247,2026-09-11T18:05:34.811005,"4,1,1","1024,1,1",38,0,0,0,,,,,,,,,,,,,,,,,,,
im2col_f32,2.269,2026-09-11T18:05:34.811019,"7,1,1","1024,1,1",36,0,0,0,,,,,,,,,,,,,,,,,,,
ampere_sgemm_32x32_sliced1x4_tn,3.484,2026-09-11T18:05:34.811032,"1,24,9","128,1,1",86,32768,32768,0,,,,,,,,,,,,,,,,,,,
"void cublasLt::splitKreduce_kernel<(int)32, (int)16, int, float, float, float, float, (bool)0, float, float, float, (bool)1, (bool)0, (bool)0>(cublasLt::cublasSplitKParams<T6>, const T4 *, const T10 *, T9 *, T5 *, const T6 *, const T6 *, const T11 *, const T4 *, T11 *, void *, long, T6 *, int *, T6 *, T6 *, const T6 *, const T6 *, const T6 *, const T6 *, const T6 *)",1.534,2026-09-11T18:05:34.811045,"1,48,1","32,16,1",44,0,0,0,,,,,,,,,,,,,,,,,,,
ucopy_f32,2.397,2026-09-11T18:05:34.811058,"6,1,1","1024,1,1",24,0,0,0,,,,,,,,,,,,,,,,,,,
badd_f32,2.717,2026-09-11T18:05:34.811070,"6,1,1","1024,1,1",38,0,0,0,,,,,,,,,,,,,,,,,,,
urelu_f32,1.215,2026-09-11T18:05:34.811083,"6,1,1","1024,1,1",24,0,0,0,,,,,,,,,,,,,,,,,,,
im2col_f32,2.334,2026-09-11T18:05:34.811096,"14,1,1","1024,1,1",36,0,0,0,,,,,,,,,,,,,,,,,,,
ampere_sgemm_32x32_sliced1x4_tn,3.292,2026-09-11T18:05:34.811110,"1,6,36","128,1,1",86,32768,32768,0,,,,,,,,,,,,,,,,,,,
"void cublasLt::splitKreduce_kernel<(int)32, (int)16, int, float, float, float, float, (bool)0, float, float, float, (bool)1, (bool)0, (bool)0>(cublasLt::cublasSplitKParams<T6>, const T4 *, const T10 *, T9 *, T5 *, const T6 *, const T6 *, const T11 *, const T4 *, T11 *, void *, long, T6 *, int *, T6 *, T6 *, const T6 *, const T6 *, const T6 *, const T6 *, const T6 *)",1.886,2026-09-11T18:05:34.811124,"1,12,1","32,16,1",44,0,0,0,,,,,,,,,,,,,,,,,,,
ucopy_f32,2.27,2026-09-11T18:05:34.811136,"3,1,1","1024,1,1",24,0,0,0,,,,,,,,,,,,,,,,,,,
badd_f32,2.717,2026-09-11T18:05:34.811149,"3,1,1","1024,1,1",38,0,0,0,,,,,,,,,,,,,,,,,,,
urelu_f32,1.151,2026-09-11T18:05:34.811162,"3,1,1","1024,1,1",24,0,0,0,,,,,,,,,,,,,,,,,,,
im2col_f32,2.302,2026-09-11T18:05:34.811174,"7,1,1","1024,1,1",36,0,0,0,,,,,,,,,,,,,,,,,,,
ampere_sgemm_32x32_sliced1x4_tn,3.26,2026-09-11T18:05:34.811187,"1,2,72","128,1,1",86,32768,32768,0,,,,,,,,,,,,,,,,,,,
"void cublasLt::splitKreduce_kernel<(int)32, (int)16, int, float, float, float, float, (bool)0, float, float, float, (bool)1, (bool)0, (bool)0>(cublasLt::cublasSplitKParams<T6>, const T4 *, const T10 *, T9 *, T5 *, const T6 *, const T6 *, const T11 *, const T4 *, T11 *, void *, long, T6 *, int *, T6 *, T6 *, const T6 *, const T6 *, const T6 *, const T6 *, const T6 *)",3.229,2026-09-11T18:05:34.811200,"1,3,1","32,16,1",44,0,0,0,,,,,,,,,,,,,,,,,,,
ucopy_f32,2.462,2026-09-11T18:05:34.811219,"2,1,1","1024,1,1",24,0,0,0,,,,,,,,,,,,,,,,,,,
badd_f32,2.685,2026-09-11T18:05:34.811235,"2,1,1","1024,1,1",38,0,0,0,,,,,,,,,,,,,,,,,,,
urelu_f32,1.182,2026-09-11T18:05:34.811248,"2,1,1","1024,1,1",24,0,0,0,,,,,,,,,,,,,,,,,,,
"std::enable_if<!T7, void>::type internal::gemvx::kernel<int, int, float, float, float, float, (bool)0, (bool)1, (bool)1, (bool)0, (int)7, (bool)0, cublasGemvParamsEx<int, cublasGemvTensorStridedBatched<const float>, cublasGemvTensorStridedBatched<const float>, cublasGemvTensorStridedBatched<float>, float>>(T13)",2.589,2026-09-11T18:05:34.811261,"32,1,1","32,4,1",159,528,0,528,,,,,,,,,,,,,,,,,,,
badd_f32,1.119,2026-09-11T18:05:34.811274,"1,1,1","1024,1,1",38,0,0,0,,,,,,,,,,,,,,,,,,,
urelu_f32,1.086,2026-09-11T18:05:34.811289,"1,1,1","1024,1,1",24,0,0,0,,,,,,,,,,,,,,,,,,,
im2col1d_f32,2.078,2026-09-11T18:05:34.811302,"1,1,1","1024,1,1",40,0,0,0,,,,,,,,,,,,,,,,,,,
ampere_sgemm_32x32_sliced1x4_tn,2.813,2026-09-11T18:05:34.811315,"1,12,6","128,1,1",86,32768,32768,0,,,,,,,,,,,,,,,,,,,
"void cublasLt::splitKreduce_kernel<(int)32, (int)16, int, float, float, float, float, (bool)0, float, float, float, (bool)1, (bool)0, (bool)0>(cublasLt::cublasSplitKParams<T6>, const T4 *, const T10 *, T9 *, T5 *, const T6 *, const T6 *, const T11 *, const T4 *, T11 *, void *, long, T6 *, int *, T6 *, T6 *, const T6 *, const T6 *, const T6 *, const T6 *, const T6 *)",1.534,2026-09-11T18:05:34.811328,"1,23,1","32,16,1",44,0,0,0,,,,,,,,,,,,,,,,,,,
ucopy_f32,2.078,2026-09-11T18:05:34.811341,"3,1,1","1024,1,1",24,0,0,0,,,,,,,,,,,,,,,,,,,
badd_f32,2.493,2026-09-11T18:05:34.811354,"3,1,1","1024,1,1",38,0,0,0,,,,,,,,,,,,,,,,,,,
urelu_f32,1.151,2026-09-11T18:05:34.811367,"3,1,1","1024,1,1",24,0,0,0,,,,,,,,,,,,,,,,,,,
im2col1d_f32,2.27,2026-09-11T18:05:34.811380,"2,1,1","1024,1,1",40,0,0,0,,,,,,,,,,,,,,,,,,,
ampere_sgemm_32x32_sliced1x4_tn,3.42,2026-09-11T18:05:34.811395,"1,6,24","128,1,1",86,32768,32768,0,,,,,,,,,,,,,,,,,,,
"void cublasLt::splitKreduce_kernel<(int)32, (int)16, int, float, float, float, float, (bool)0, float, float, float, (bool)1, (bool)0, (bool)0>(cublasLt::cublasSplitKParams<T6>, const T4 *, const T10 *, T9 *, T5 *, const T6 *, const T6 *, const T11 *, const T4 *, T11 *, void *, long, T6 *, int *, T6 *, T6 *, const T6 *, const T6 *, const T6 *, const T6 *, const T6 *)",1.663,2026-09-11T18:05:34.811408,"1,12,1","32,16,1",44,0,0,0,,,,,,,,,,,,,,,,,,,
ucopy_f32,2.142,2026-09-11T18:05:34.811421,"3,1,1","1024,1,1",24,0,0,0,,,,,,,,,,,,,,,,,,,
badd_f32,2.43,2026-09-11T18:05:34.811433,"3,1,1","1024,1,1",38,0,0,0,,,,,,,,,,,,,,,,,,,
urelu_f32,1.151,2026-09-11T18:05:34.811447,"3,1,1","1024,1,1",24,0,0,0,,,,,,,,,,,,,,,,,,,
im2col1d_f32,2.27,2026-09-11T18:05:34.811461,"2,1,1","1024,1,1",40,0,0,0,,,,,,,,,,,,,,,,,,,
ampere_sgemm_32x32_sliced1x4_tn,3.325,2026-09-11T18:05:34.811474,"1,3,48","128,1,1",86,32768,32768,0,,,,,,,,,,,,,,,,,,,
"void cublasLt::splitKreduce_kernel<(int)32, (int)16, int, float, float, float, float, (bool)0, float, float, float, (bool)1, (bool)0, (bool)0>(cublasLt::cublasSplitKParams<T6>, const T4 *, const T10 *, T9 *, T5 *, const T6 *, const T6 *, const T11 *, const T4 *, T11 *, void *, long, T6 *, int *, T6 *, T6 *, const T6 *, const T6 *, const T6 *, const T6 *, const T6 *)",2.525,2026-09-11T18:05:34.811487,"1,6,1","32,16,1",44,0,0,0,,,,,,,,,,,,,,,,,,,
ucopy_f32,2.301,2026-09-11T18:05:34.811500,"3,1,1","1024,1,1",24,0,0,0,,,,,,,,,,,,,,,,,,,
badd_f32,2.462,2026-09-11T18:05:34.811513,"3,1,1","1024,1,1",38,0,0,0,,,,,,,,,,,,,,,,,,,
urelu_f32,1.151,2026-09-11T18:05:34.811526,"3,1,1","1024,1,1",24,0,0,0,,,,,,,,,,,,,,,,,,,
"void dot_kernel<float, (int)128, (int)0, cublasDotParams<cublasGemvTensorStridedBatched<const float>, cublasGemvTensorStridedBatched<float>>>(T4)",2.653,2026-09-11T18:05:34.811539,"18,1,96","128,1,1",28,512,512,0,,,,,,,,,,,,,,,,,,,
"void reduce_1Block_kernel<float, (int)128, (int)7, cublasGemvTensorStridedBatched<float>, cublasGemvTensorStridedBatched<const float>, cublasGemvTensorStridedBatched<float>>(const T1 *, T1, T4, int, const T1 *, T1, T5, T6, cublasPointerMode_t, cublasLtEpilogue_t, cublasGemvTensorStridedBatched<const biasType<T6::value_type, T1>::type>)",1.278,2026-09-11T18:05:34.811552,"1,1,96","128,1,1",28,768,768,0,,,,,,,,,,,,,,,,,,,
badd_f32,1.087,2026-09-11T18:05:34.811566,"1,1,1","1024,1,1",38,0,0,0,,,,,,,,,,,,,,,,,,,
urelu_f32,1.086,2026-09-11T18:05:34.811579,"1,1,1","1024,1,1",24,0,0,0,,,,,,,,,,,,,,,,,,,
"std::enable_if<!T7, void>::type internal::gemvx::kernel<int, int, float, float, float, float, (bool)0, (bool)1, (bool)1, (bool)0, (int)6, (bool)0, cublasGemvParamsEx<int, cublasGemvTensorStridedBatched<const float>, cublasGemvTensorStridedBatched<const float>, cublasGemvTensorStridedBatched<float>, float>>(T13)",1.47,2026-09-11T18:05:34.811592,"2,1,1","4,16,1",166,320,0,320,,,,,,,,,,,,,,,,,,,
badd_f32,1.119,2026-09-11T18:05:34.811604,"1,1,1","1024,1,1",38,0,0,0,,,,,,,,,,,,,,,,,,,
urelu_f32,1.087,2026-09-11T18:05:34.811617,"1,1,1","1024,1,1",24,0,0,0,,,,,,,,,,,,,,,,,,,
copy2d_f32,1.086,2026-09-11T18:05:34.811634,"1,1,1","1024,1,1",16,0,0,0,,,,,,,,,,,,,,,,,,,
copy2d_f32,1.088,2026-09-11T18:05:34.811647,"1,1,1","1024,1,1",16,0,0,0,,,,,,,,,,,,,,,,,,,
copy2d_f32,1.055,2026-09-11T18:05:34.811660,"1,1,1","1024,1,1",16,0,0,0,,,,,,,,,,,,,,,,,,,
layernorm_f32,2.622,2026-09-11T18:05:34.811673,"1,1,1","32,1,1",28,256,256,0,,,,,,,,,,,,,,,,,,,
copy2d_f32,1.054,2026-09-11T18:05:34.811686,"1,1,1","1024,1,1",16,0,0,0,,,,,,,,,,,,,,,,,,,
copy2d_f32,1.087,2026-09-11T18:05:34.811711,"1,1,1","1024,1,1",16,0,0,0,,,,,,,,,,,,,,,,,,,
copy2d_f32,1.055,2026-09-11T18:05:34.811759,"1,1,1","1024,1,1",16,0,0,0,,,,,,,,,,,,,,,,,,,
"std::enable_if<!T7, void>::type internal::gemvx::kernel<int, int, float, float, float, float, (bool)0, (bool)1, (bool)1, (bool)0, (int)8, (bool)0, cublasGemvParamsEx<int, cublasGemvTensorStridedBatched<const float>, cublasGemvTensorStridedBatched<const float>, cublasGemvTensorStridedBatched<float>, float>>(T13)",2.045,2026-09-11T18:05:34.811785,"32,1,1","16,16,1",159,1088,0,1088,,,,,,,,,,,,,,,,,,,
badd_f32,1.15,2026-09-11T18:05:34.811809,"1,1,1","1024,1,1",38,0,0,0,,,,,,,,,,,,,,,,,,,
urelu_f32,1.119,2026-09-11T18:05:34.811823,"1,1,1","1024,1,1",24,0,0,0,,,,,,,,,,,,,,,,,,,
"void gemv2T_kernel_val<int, int, float, float, float, float, (int)128, (int)16, (int)2, (int)2, (bool)0, (bool)0, cublasGemvParamsEx<int, cublasGemvTensorStridedBatched<const float>, cublasGemvTensorStridedBatched<const float>, cublasGemvTensorStridedBatched<float>, float>>(T13, T6, T6)",2.493,2026-09-11T18:05:34.811836,"64,1,1","128,1,1",47,1536,1536,0,,,,,,,,,,,,,,,,,,,
badd_f32,1.151,2026-09-11T18:05:34.811850,"1,1,1","1024,1,1",38,0,0,0,,,,,,,,,,,,,,,,,,,
bmaximum_f32,2.014,2026-09-11T18:05:34.811865,"1,1,1","1024,1,1",38,0,0,0,,,,,,,,,,,,,,,,,,,
bminimum_f32,1.982,2026-09-11T18:05:34.811879,"1,1,1","1024,1,1",38,0,0,0,,,,,,,,,,,,,,,,,,,
"std::enable_if<!T7, void>::type internal::gemvx::kernel<int, int, float, float, float, float, (bool)0, (bool)1, (bool)1, (bool)0, (int)8, (bool)0, cublasGemvParamsEx<int, cublasGemvTensorStridedBatched<const float>, cublasGemvTensorStridedBatched<const float>, cublasGemvTensorStridedBatched<float>, float>>(T13)",1.886,2026-09-11T18:05:34.811893,"64,1,1","16,16,1",159,1088,0,1088,,,,,,,,,,,,,,,,,,,
badd_f32,1.215,2026-09-11T18:05:34.811907,"1,1,1","1024,1,1",38,0,0,0,,,,,,,,,,,,,,,,,,,
"std::enable_if<!T7, void>::type internal::gemvx::kernel<int, int, float, float, float, float, (bool)0, (bool)1, (bool)1, (bool)0, (int)8, (bool)0, cublasGemvParamsEx<int, cublasGemvTensorStridedBatched<const float>, cublasGemvTensorStridedBatched<const float>, cublasGemvTensorStridedBatched<float>, float>>(T13)",2.046,2026-09-11T18:05:34.811920,"32,1,1","16,16,1",159,1088,0,1088,,,,,,,,,,,,,,,,,,,
badd_f32,1.183,2026-09-11T18:05:34.811934,"1,1,1","1024,1,1",38,0,0,0,,,,,,,,,,,,,,,,,,,
urelu_f32,1.119,2026-09-11T18:05:34.811947,"1,1,1","1024,1,1",24,0,0,0,,,,,,,,,,,,,,,,,,,
"void gemv2T_kernel_val<int, int, float, float, float, float, (int)128, (int)16, (int)4, (int)4, (bool)0, (bool)0, cublasGemvParamsEx<int, cublasGemvTensorStridedBatched<const float>, cublasGemvTensorStridedBatched<const float>, cublasGemvTensorStridedBatched<float>, float>>(T13, T6, T6)",3.804,2026-09-11T18:05:34.811961,"512,1,1","128,1,1",59,2560,2560,0,,,,,,,,,,,,,,,,,,,
badd_f32,1.214,2026-09-11T18:05:34.811981,"4,1,1","1024,1,1",38,0,0,0,,,,,,,,,,,,,,,,,,,
im2col_f32,2.302,2026-09-11T18:05:34.812006,"7,1,1","1024,1,1",36,0,0,0,,,,,,,,,,,,,,,,,,,
ampere_sgemm_32x32_sliced1x4_tn,3.484,2026-09-11T18:05:34.812020,"1,24,9","128,1,1",86,32768,32768,0,,,,,,,,,,,,,,,,,,,
"void cublasLt::splitKreduce_kernel<(int)32, (int)16, int, float, float, float, float, (bool)0, float, float, float, (bool)1, (bool)0, (bool)0>(cublasLt::cublasSplitKParams<T6>, const T4 *, const T10 *, T9 *, T5 *, const T6 *, const T6 *, const T11 *, const T4 *, T11 *, void *, long, T6 *, int *, T6 *, T6 *, const T6 *, const T6 *, const T6 *, const T6 *, const T6 *)",1.502,2026-09-11T18:05:34.812033,"1,48,1","32,16,1",44,0,0,0,,,,,,,,,,,,,,,,,,,
ucopy_f32,2.43,2026-09-11T18:05:34.812047,"6,1,1","1024,1,1",24,0,0,0,,,,,,,,,,,,,,,,,,,
badd_f32,2.749,2026-09-11T18:05:34.812061,"6,1,1","1024,1,1",38,0,0,0,,,,,,,,,,,,,,,,,,,
urelu_f32,1.247,2026-09-11T18:05:34.812074,"6,1,1","1024,1,1",24,0,0,0,,,,,,,,,,,,,,,,,,,
im2col_f32,2.334,2026-09-11T18:05:34.812092,"14,1,1","1024,1,1",36,0,0,0,,,,,,,,,,,,,,,,,,,
ampere_sgemm_32x32_sliced1x4_tn,3.357,2026-09-11T18:05:34.812110,"1,6,36","128,1,1",86,32768,32768,0,,,,,,,,,,,,,,,,,,,
"void cublasLt::splitKreduce_kernel<(int)32, (int)16, int, float, float, float, float, (bool)0, float, float, float, (bool)1, (bool)0, (bool)0>(cublasLt::cublasSplitKParams<T6>, const T4 *, const T10 *, T9 *, T5 *, const T6 *, const T6 *, const T11 *, const T4 *, T11 *, void *, long, T6 *, int *, T6 *, T6 *, const T6 *, const T6 *, const T6 *, const T6 *, const T6 *)",1.886,2026-09-11T18:05:34.812123,"1,12,1","32,16,1",44,0,0,0,,,,,,,,,,,,,,,,,,,
ucopy_f32,2.334,2026-09-11T18:05:34.812136,"3,1,1","1024,1,1",24,0,0,0,,,,,,,,,,,,,,,,,,,
badd_f32,2.686,2026-09-11T18:05:34.812149,"3,1,1","1024,1,1",38,0,0,0,,,,,,,,,,,,,,,,,,,
urelu_f32,1.15,2026-09-11T18:05:34.812162,"3,1,1","1024,1,1",24,0,0,0,,,,,,,,,,,,,,,,,,,
im2col_f32,2.302,2026-09-11T18:05:34.812175,"7,1,1","1024,1,1",36,0,0,0,,,,,,,,,,,,,,,,,,,
ampere_sgemm_32x32_sliced1x4_tn,3.261,2026-09-11T18:05:34.812188,"1,2,72","128,1,1",86,32768,32768,0,,,,,,,,,,,,,,,,,,,
"void cublasLt::splitKreduce_kernel<(int)32, (int)16, int, float, float, float, float, (bool)0, float, float, float, (bool)1, (bool)0, (bool)0>(cublasLt::cublasSplitKParams<T6>, const T4 *, const T10 *, T9 *, T5 *, const T6 *, const T6 *, const T11 *, const T4 *, T11 *, void *, long, T6 *, int *, T6 *, T6 *, const T6 *, const T6 *, const T6 *, const T6 *, const T6 *)",3.133,2026-09-11T18:05:34.812210,"1,3,1","32,16,1",44,0,0,0,,,,,,,,,,,,,,,,,,,
ucopy_f32,2.461,2026-09-11T18:05:34.812233,"2,1,1","1024,1,1",24,0,0,0,,,,,,,,,,,,,,,,,,,
badd_f32,2.622,2026-09-11T18:05:34.812247,"2,1,1","1024,1,1",38,0,0,0,,,,,,,,,,,,,,,,,,,
urelu_f32,1.183,2026-09-11T18:05:34.812262,"2,1,1","1024,1,1",24,0,0,0,,,,,,,,,,,,,,,,,,,
"std::enable_if<!T7, void>::type internal::gemvx::kernel<int, int, float, float, float, float, (bool)0, (bool)1, (bool)1, (bool)0, (int)7, (bool)0, cublasGemvParamsEx<int, cublasGemvTensorStridedBatched<const float>, cublasGemvTensorStridedBatched<const float>, cublasGemvTensorStridedBatched<float>, float>>(T13)",2.717,2026-09-11T18:05:34.812276,"32,1,1","32,4,1",159,528,0,528,,,,,,,,,,,,,,,,,,,
badd_f32,1.119,2026-09-11T18:05:34.812289,"1,1,1","1024,1,1",38,0,0,0,,,,,,,,,,,,,,,,,,,
urelu_f32,1.087,2026-09-11T18:05:34.812302,"1,1,1","1024,1,1",24,0,0,0,,,,,,,,,,,,,,,,,,,
im2col1d_f32,2.11,2026-09-11T18:05:34.812316,"1,1,1","1024,1,1",40,0,0,0,,,,,,,,,,,,,,,,,,,
ampere_sgemm_32x32_sliced1x4_tn,2.781,2026-09-11T18:05:34.812329,"1,12,6","128,1,1",86,32768,32768,0,,,,,,,,,,,,,,,,,,,
"void cublasLt::splitKreduce_kernel<(int)32, (int)16, int, float, float, float, float, (bool)0, float, float, float, (bool)1, (bool)0, (bool)0>(cublasLt::cublasSplitKParams<T6>, const T4 *, const T10 *, T9 *, T5 *, const T6 *, const T6 *, const T11 *, const T4 *, T11 *, void *, long, T6 *, int *, T6 *, T6 *, const T6 *, const T6 *, const T6 *, const T6 *, const T6 *)",1.502,2026-09-11T18:05:34.812342,"1,23,1","32,16,1",44,0,0,0,,,,,,,,,,,,,,,,,,,
ucopy_f32,2.046,2026-09-11T18:05:34.812364,"3,1,1","1024,1,1",24,0,0,0,,,,,,,,,,,,,,,,,,,
badd_f32,2.461,2026-09-11T18:05:34.812380,"3,1,1","1024,1,1",38,0,0,0,,,,,,,,,,,,,,,,,,,
urelu_f32,1.15,2026-09-11T18:05:34.812393,"3,1,1","1024,1,1",24,0,0,0,,,,,,,,,,,,,,,,,,,
im2col1d_f32,2.238,2026-09-11T18:05:34.812406,"2,1,1","1024,1,1",40,0,0,0,,,,,,,,,,,,,,,,,,,
ampere_sgemm_32x32_sliced1x4_tn,3.42,2026-09-11T18:05:34.812419,"1,6,24","128,1,1",86,32768,32768,0,,,,,,,,,,,,,,,,,,,
"void cublasLt::splitKreduce_kernel<(int)32, (int)16, int, float, float, float, float, (bool)0, float, float, float, (bool)1, (bool)0, (bool)0>(cublasLt::cublasSplitKParams<T6>, const T4 *, const T10 *, T9 *, T5 *, const T6 *, const T6 *, const T11 *, const T4 *, T11 *, void *, long, T6 *, int *, T6 *, T6 *, const T6 *, const T6 *, const T6 *, const T6 *, const T6 *)",1.662,2026-09-11T18:05:34.812432,"1,12,1","32,16,1",44,0,0,0,,,,,,,,,,,,,,,,,,,
ucopy_f32,2.141,2026-09-11T18:05:34.812446,"3,1,1","1024,1,1",24,0,0,0,,,,,,,,,,,,,,,,,,,
badd_f32,2.461,2026-09-11T18:05:34.812459,"3,1,1","1024,1,1",38,0,0,0,,,,,,,,,,,,,,,,,,,
urelu_f32,1.119,2026-09-11T18:05:34.812472,"3,1,1","1024,1,1",24,0,0,0,,,,,,,,,,,,,,,,,,,
im2col1d_f32,2.365,2026-09-11T18:05:34.812485,"2,1,1","1024,1,1",40,0,0,0,,,,,,,,,,,,,,,,,,,
ampere_sgemm_32x32_sliced1x4_tn,3.357,2026-09-11T18:05:34.812498,"1,3,48","128,1,1",86,32768,32768,0,,,,,,,,,,,,,,,,,,,
"void cublasLt::splitKreduce_kernel<(int)32, (int)16, int, float, float, float, float, (bool)0, float, float, float, (bool)1, (bool)0, (bool)0>(cublasLt::cublasSplitKParams<T6>, const T4 *, const T10 *, T9 *, T5 *, const T6 *, const T6 *, const T11 *, const T4 *, T11 *, void *, long, T6 *, int *, T6 *, T6 *, const T6 *, const T6 *, const T6 *, const T6 *, const T6 *)",2.526,2026-09-11T18:05:34.812511,"1,6,1","32,16,1",44,0,0,0,,,,,,,,,,,,,,,,,,,
ucopy_f32,2.302,2026-09-11T18:05:34.812524,"3,1,1","1024,1,1",24,0,0,0,,,,,,,,,,,,,,,,,,,
badd_f32,2.43,2026-09-11T18:05:34.812537,"3,1,1","1024,1,1",38,0,0,0,,,,,,,,,,,,,,,,,,,
urelu_f32,1.151,2026-09-11T18:05:34.812550,"3,1,1","1024,1,1",24,0,0,0,,,,,,,,,,,,,,,,,,,
"void dot_kernel<float, (int)128, (int)0, cublasDotParams<cublasGemvTensorStridedBatched<const float>, cublasGemvTensorStridedBatched<float>>>(T4)",2.685,2026-09-11T18:05:34.812563,"18,1,96","128,1,1",28,512,512,0,,,,,,,,,,,,,,,,,,,
"void reduce_1Block_kernel<float, (int)128, (int)7, cublasGemvTensorStridedBatched<float>, cublasGemvTensorStridedBatched<const float>, cublasGemvTensorStridedBatched<float>>(const T1 *, T1, T4, int, const T1 *, T1, T5, T6, cublasPointerMode_t, cublasLtEpilogue_t, cublasGemvTensorStridedBatched<const biasType<T6::value_type, T1>::type>)",1.343,2026-09-11T18:05:34.812584,"1,1,96","128,1,1",28,768,768,0,,,,,,,,,,,,,,,,,,,
badd_f32,1.087,2026-09-11T18:05:34.812600,"1,1,1","1024,1,1",38,0,0,0,,,,,,,,,,,,,,,,,,,
urelu_f32,1.087,2026-09-11T18:05:34.812615,"1,1,1","1024,1,1",24,0,0,0,,,,,,,,,,,,,,,,,,,
"std::enable_if<!T7, void>::type internal::gemvx::kernel<int, int, float, float, float, float, (bool)0, (bool)1, (bool)1, (bool)0, (int)6, (bool)0, cublasGemvParamsEx<int, cublasGemvTensorStridedBatched<const float>, cublasGemvTensorStridedBatched<const float>, cublasGemvTensorStridedBatched<float>, float>>(T13)",1.662,2026-09-11T18:05:34.812628,"2,1,1","4,16,1",166,320,0,320,,,,,,,,,,,,,,,,,,,
badd_f32,1.118,2026-09-11T18:05:34.812641,"1,1,1","1024,1,1",38,0,0,0,,,,,,,,,,,,,,,,,,,
urelu_f32,1.087,2026-09-11T18:05:34.812654,"1,1,1","1024,1,1",24,0,0,0,,,,,,,,,,,,,,,,,,,
copy2d_f32,1.087,2026-09-11T18:05:34.812667,"1,1,1","1024,1,1",16,0,0,0,,,,,,,,,,,,,,,,,,,
copy2d_f32,1.055,2026-09-11T18:05:34.812680,"1,1,1","1024,1,1",16,0,0,0,,,,,,,,,,,,,,,,,,,
copy2d_f32,1.086,2026-09-11T18:05:34.812693,"1,1,1","1024,1,1",16,0,0,0,,,,,,,,,,,,,,,,,,,
layernorm_f32,2.622,2026-09-11T18:05:34.812706,"1,1,1","32,1,1",28,256,256,0,,,,,,,,,,,,,,,,,,,
copy2d_f32,1.087,2026-09-11T18:05:34.812719,"1,1,1","1024,1,1",16,0,0,0,,,,,,,,,,,,,,,,,,,
copy2d_f32,1.055,2026-09-11T18:05:34.812732,"1,1,1","1024,1,1",16,0,0,0,,,,,,,,,,,,,,,,,,,
copy2d_f32,1.023,2026-09-11T18:05:34.812745,"1,1,1","1024,1,1",16,0,0,0,,,,,,,,,,,,,,,,,,,
"std::enable_if<!T7, void>::type internal::gemvx::kernel<int, int, float, float, float, float, (bool)0, (bool)1, (bool)1, (bool)0, (int)8, (bool)0, cublasGemvParamsEx<int, cublasGemvTensorStridedBatched<const float>, cublasGemvTensorStridedBatched<const float>, cublasGemvTensorStridedBatched<float>, float>>(T13)",2.589,2026-09-11T18:05:34.812758,"32,1,1","16,16,1",159,1088,0,1088,,,,,,,,,,,,,,,,,,,
badd_f32,1.15,2026-09-11T18:05:34.812771,"1,1,1","1024,1,1",38,0,0,0,,,,,,,,,,,,,,,,,,,
urelu_f32,1.119,2026-09-11T18:05:34.812785,"1,1,1","1024,1,1",24,0,0,0,,,,,,,,,,,,,,,,,,,
"void gemv2T_kernel_val<int, int, float, float, float, float, (int)128, (int)16, (int)2, (int)2, (bool)0, (bool)0, cublasGemvParamsEx<int, cublasGemvTensorStridedBatched<const float>, cublasGemvTensorStridedBatched<const float>, cublasGemvTensorStridedBatched<float>, float>>(T13, T6, T6)",2.525,2026-09-11T18:05:34.812800,"64,1,1","128,1,1",47,1536,1536,0,,,,,,,,,,,,,,,,,,,
badd_f32,1.151,2026-09-11T18:05:34.812813,"1,1,1","1024,1,1",38,0,0,0,,,,,,,,,,,,,,,,,,,
bmaximum_f32,2.014,2026-09-11T18:05:34.812826,"1,1,1","1024,1,1",38,0,0,0,,,,,,,,,,,,,,,,,,,
bminimum_f32,1.982,2026-09-11T18:05:34.812840,"1,1,1","1024,1,1",38,0,0,0,,,,,,,,,,,,,,,,,,,
"std::enable_if<!T7, void>::type internal::gemvx::kernel<int, int, float, float, float, float, (bool)0, (bool)1, (bool)1, (bool)0, (int)8, (bool)0, cublasGemvParamsEx<int, cublasGemvTensorStridedBatched<const float>, cublasGemvTensorStridedBatched<const float>, cublasGemvTensorStridedBatched<float>, float>>(T13)",2.749,2026-09-11T18:05:34.812853,"64,1,1","16,16,1",159,1088,0,1088,,,,,,,,,,,,,,,,,,,
badd_f32,1.215,2026-09-11T18:05:34.812893,"1,1,1","1024,1,1",38,0,0,0,,,,,,,,,,,,,,,,,,,
"std::enable_if<!T7, void>::type internal::gemvx::kernel<int, int, float, float, float, float, (bool)0, (bool)1, (bool)1, (bool)0, (int)8, (bool)0, cublasGemvParamsEx<int, cublasGemvTensorStridedBatched<const float>, cublasGemvTensorStridedBatched<const float>, cublasGemvTensorStridedBatched<float>, float>>(T13)",2.301,2026-09-11T18:05:34.812912,"32,1,1","16,16,1",159,1088,0,1088,,,,,,,,,,,,,,,,,,,
badd_f32,1.182,2026-09-11T18:05:34.812926,"1,1,1","1024,1,1",38,0,0,0,,,,,,,,,,,,,,,,,,,
urelu_f32,1.118,2026-09-11T18:05:34.812940,"1,1,1","1024,1,1",24,0,0,0,,,,,,,,,,,,,,,,,,,
"void gemv2T_kernel_val<int, int, float, float, float, float, (int)128, (int)16, (int)4, (int)4, (bool)0, (bool)0, cublasGemvParamsEx<int, cublasGemvTensorStridedBatched<const float>, cublasGemvTensorStridedBatched<const float>, cublasGemvTensorStridedBatched<float>, float>>(T13, T6, T6)",3.868,2026-09-11T18:05:34.812953,"512,1,1","128,1,1",59,2560,2560,0,,,,,,,,,,,,,,,,,,,
badd_f32,1.214,2026-09-11T18:05:34.812966,"4,1,1","1024,1,1",38,0,0,0,,,,,,,,,,,,,,,,,,,
im2col_f32,2.302,2026-09-11T18:05:34.812980,"7,1,1","1024,1,1",36,0,0,0,,,,,,,,,,,,,,,,,,,
ampere_sgemm_32x32_sliced1x4_tn,3.452,2026-09-11T18:05:34.812994,"1,24,9","128,1,1",86,32768,32768,0,,,,,,,,,,,,,,,,,,,
"void cublasLt::splitKreduce_kernel<(int)32, (int)16, int, float, float, float, float, (bool)0, float, float, float, (bool)1, (bool)0, (bool)0>(cublasLt::cublasSplitKParams<T6>, const T4 *, const T10 *, T9 *, T5 *, const T6 *, const T6 *, const T11 *, const T4 *, T11 *, void *, long, T6 *, int *, T6 *, T6 *, const T6 *, const T6 *, const T6 *, const T6 *, const T6 *)",1.47,2026-09-11T18:05:34.813008,"1,48,1","32,16,1",44,0,0,0,,,,,,,,,,,,,,,,,,,
ucopy_f32,2.365,2026-09-11T18:05:34.813021,"6,1,1","1024,1,1",24,0,0,0,,,,,,,,,,,,,,,,,,,
badd_f32,2.685,2026-09-11T18:05:34.813034,"6,1,1","1024,1,1",38,0,0,0,,,,,,,,,,,,,,,,,,,
urelu_f32,1.215,2026-09-11T18:05:34.813047,"6,1,1","1024,1,1",24,0,0,0,,,,,,,,,,,,,,,,,,,
im2col_f32,2.334,2026-09-11T18:05:34.813060,"14,1,1","1024,1,1",36,0,0,0,,,,,,,,,,,,,,,,,,,
ampere_sgemm_32x32_sliced1x4_tn,3.325,2026-09-11T18:05:34.813073,"1,6,36","128,1,1",86,32768,32768,0,,,,,,,,,,,,,,,,,,,
"void cublasLt::splitKreduce_kernel<(int)32, (int)16, int, float, float, float, float, (bool)0, float, float, float, (bool)1, (bool)0, (bool)0>(cublasLt::cublasSplitKParams<T6>, const T4 *, const T10 *, T9 *, T5 *, const T6 *, const T6 *, const T11 *, const T4 *, T11 *, void *, long, T6 *, int *, T6 *, T6 *, const T6 *, const T6 *, const T6 *, const T6 *, const T6 *)",1.885,2026-09-11T18:05:34.813086,"1,12,1","32,16,1",44,0,0,0,,,,,,,,,,,,,,,,,,,
ucopy_f32,2.334,2026-09-11T18:05:34.813099,"3,1,1","1024,1,1",24,0,0,0,,,,,,,,,,,,,,,,,,,
badd_f32,2.654,2026-09-11T18:05:34.813112,"3,1,1","1024,1,1",38,0,0,0,,,,,,,,,,,,,,,,,,,
urelu_f32,1.151,2026-09-11T18:05:34.813131,"3,1,1","1024,1,1",24,0,0,0,,,,,,,,,,,,,,,,,,,
im2col_f32,2.302,2026-09-11T18:05:34.813154,"7,1,1","1024,1,1",36,0,0,0,,,,,,,,,,,,,,,,,,,
ampere_sgemm_32x32_sliced1x4_tn,3.26,2026-09-11T18:05:34.813168,"1,2,72","128,1,1",86,32768,32768,0,,,,,,,,,,,,,,,,,,,
"void cublasLt::splitKreduce_kernel<(int)32, (int)16, int, float, float, float, float, (bool)0, float, float, float, (bool)1, (bool)0, (bool)0>(cublasLt::cublasSplitKParams<T6>, const T4 *, const T10 *, T9 *, T5 *, const T6 *, const T6 *, const T11 *, const T4 *, T11 *, void *, long, T6 *, int *, T6 *, T6 *, const T6 *, const T6 *, const T6 *, const T6 *, const T6 *)",3.196,2026-09-11T18:05:34.813184,"1,3,1","32,16,1",44,0,0,0,,,,,,,,,,,,,,,,,,,
ucopy_f32,2.461,2026-09-11T18:05:34.813197,"2,1,1","1024,1,1",24,0,0,0,,,,,,,,,,,,,,,,,,,
badd_f32,2.653,2026-09-11T18:05:34.813209,"2,1,1","1024,1,1",38,0,0,0,,,,,,,,,,,,,,,,,,,
urelu_f32,1.151,2026-09-11T18:05:34.813222,"2,1,1","1024,1,1",24,0,0,0,,,,,,,,,,,,,,,,,,,
"std::enable_if<!T7, void>::type internal::gemvx::kernel<int, int, float, float, float, float, (bool)0, (bool)1, (bool)1, (bool)0, (int)7, (bool)0, cublasGemvParamsEx<int, cublasGemvTensorStridedBatched<const float>, cublasGemvTensorStridedBatched<const float>, cublasGemvTensorStridedBatched<float>, float>>(T13)",2.526,2026-09-11T18:05:34.813238,"32,1,1","32,4,1",159,528,0,528,,,,,,,,,,,,,,,,,,,
badd_f32,1.119,2026-09-11T18:05:34.813252,"1,1,1","1024,1,1",38,0,0,0,,,,,,,,,,,,,,,,,,,
urelu_f32,1.087,2026-09-11T18:05:34.813265,"1,1,1","1024,1,1",24,0,0,0,,,,,,,,,,,,,,,,,,,
im2col1d_f32,2.078,2026-09-11T18:05:34.813279,"1,1,1","1024,1,1",40,0,0,0,,,,,,,,,,,,,,,,,,,
ampere_sgemm_32x32_sliced1x4_tn,2.781,2026-09-11T18:05:34.813292,"1,12,6","128,1,1",86,32768,32768,0,,,,,,,,,,,,,,,,,,,
"void cublasLt::splitKreduce_kernel<(int)32, (int)16, int, float, float, float, float, (bool)0, float, float, float, (bool)1, (bool)0, (bool)0>(cublasLt::cublasSplitKParams<T6>, const T4 *, const T10 *, T9 *, T5 *, const T6 *, const T6 *, const T11 *, const T4 *, T11 *, void *, long, T6 *, int *, T6 *, T6 *, const T6 *, const T6 *, const T6 *, const T6 *, const T6 *)",1.534,2026-09-11T18:05:34.813305,"1,23,1","32,16,1",44,0,0,0,,,,,,,,,,,,,,,,,,,
ucopy_f32,2.078,2026-09-11T18:05:34.813318,"3,1,1","1024,1,1",24,0,0,0,,,,,,,,,,,,,,,,,,,
badd_f32,2.462,2026-09-11T18:05:34.813331,"3,1,1","1024,1,1",38,0,0,0,,,,,,,,,,,,,,,,,,,
urelu_f32,1.183,2026-09-11T18:05:34.813345,"3,1,1","1024,1,1",24,0,0,0,,,,,,,,,,,,,,,,,,,
im2col1d_f32,2.301,2026-09-11T18:05:34.813358,"2,1,1","1024,1,1",40,0,0,0,,,,,,,,,,,,,,,,,,,
ampere_sgemm_32x32_sliced1x4_tn,3.42,2026-09-11T18:05:34.813371,"1,6,24","128,1,1",86,32768,32768,0,,,,,,,,,,,,,,,,,,,
"void cublasLt::splitKreduce_kernel<(int)32, (int)16, int, float, float, float, float, (bool)0, float, float, float, (bool)1, (bool)0, (bool)0>(cublasLt::cublasSplitKParams<T6>, const T4 *, const T10 *, T9 *, T5 *, const T6 *, const T6 *, const T11 *, const T4 *, T11 *, void *, long, T6 *, int *, T6 *, T6 *, const T6 *, const T6 *, const T6 *, const T6 *, const T6 *)",1.663,2026-09-11T18:05:34.813384,"1,12,1","32,16,1",44,0,0,0,,,,,,,,,,,,,,,,,,,
ucopy_f32,2.142,2026-09-11T18:05:34.813397,"3,1,1","1024,1,1",24,0,0,0,,,,,,,,,,,,,,,,,,,
badd_f32,2.461,2026-09-11T18:05:34.813415,"3,1,1","1024,1,1",38,0,0,0,,,,,,,,,,,,,,,,,,,
urelu_f32,1.151,2026-09-11T18:05:34.813439,"3,1,1","1024,1,1",24,0,0,0,,,,,,,,,,,,,,,,,,,
im2col1d_f32,2.302,2026-09-11T18:05:34.813455,"2,1,1","1024,1,1",40,0,0,0,,,,,,,,,,,,,,,,,,,
ampere_sgemm_32x32_sliced1x4_tn,3.325,2026-09-11T18:05:34.813476,"1,3,48","128,1,1",86,32768,32768,0,,,,,,,,,,,,,,,,,,,
"void cublasLt::splitKreduce_kernel<(int)32, (int)16, int, float, float, float, float, (bool)0, float, float, float, (bool)1, (bool)0, (bool)0>(cublasLt::cublasSplitKParams<T6>, const T4 *, const T10 *, T9 *, T5 *, const T6 *, const T6 *, const T11 *, const T4 *, T11 *, void *, long, T6 *, int *, T6 *, T6 *, const T6 *, const T6 *, const T6 *, const T6 *, const T6 *)",2.526,2026-09-11T18:05:34.813499,"1,6,1","32,16,1",44,0,0,0,,,,,,,,,,,,,,,,,,,
ucopy_f32,2.334,2026-09-11T18:05:34.813513,"3,1,1","1024,1,1",24,0,0,0,,,,,,,,,,,,,,,,,,,
badd_f32,2.493,2026-09-11T18:05:34.813526,"3,1,1","1024,1,1",38,0,0,0,,,,,,,,,,,,,,,,,,,
urelu_f32,1.151,2026-09-11T18:05:34.813539,"3,1,1","1024,1,1",24,0,0,0,,,,,,,,,,,,,,,,,,,
"void dot_kernel<float, (int)128, (int)0, cublasDotParams<cublasGemvTensorStridedBatched<const float>, cublasGemvTensorStridedBatched<float>>>(T4)",2.749,2026-09-11T18:05:34.813554,"18,1,96","128,1,1",28,512,512,0,,,,,,,,,,,,,,,,,,,
"void reduce_1Block_kernel<float, (int)128, (int)7, cublasGemvTensorStridedBatched<float>, cublasGemvTensorStridedBatched<const float>, cublasGemvTensorStridedBatched<float>>(const T1 *, T1, T4, int, const T1 *, T1, T5, T6, cublasPointerMode_t, cublasLtEpilogue_t, cublasGemvTensorStridedBatched<const biasType<T6::value_type, T1>::type>)",1.31,2026-09-11T18:05:34.813567,"1,1,96","128,1,1",28,768,768,0,,,,,,,,,,,,,,,,,,,
badd_f32,1.119,2026-09-11T18:05:34.813580,"1,1,1","1024,1,1",38,0,0,0,,,,,,,,,,,,,,,,,,,
urelu_f32,1.119,2026-09-11T18:05:34.813593,"1,1,1","1024,1,1",24,0,0,0,,,,,,,,,,,,,,,,,,,
"std::enable_if<!T7, void>::type internal::gemvx::kernel<int, int, float, float, float, float, (bool)0, (bool)1, (bool)1, (bool)0, (int)6, (bool)0, cublasGemvParamsEx<int, cublasGemvTensorStridedBatched<const float>, cublasGemvTensorStridedBatched<const float>, cublasGemvTensorStridedBatched<float>, float>>(T13)",1.502,2026-09-11T18:05:34.813606,"2,1,1","4,16,1",166,320,0,320,,,,,,,,,,,,,,,,,,,
badd_f32,1.119,2026-09-11T18:05:34.813619,"1,1,1","1024,1,1",38,0,0,0,,,,,,,,,,,,,,,,,,,
urelu_f32,1.086,2026-09-11T18:05:34.813632,"1,1,1","1024,1,1",24,0,0,0,,,,,,,,,,,,,,,,,,,
copy2d_f32,1.119,2026-09-11T18:05:34.813645,"1,1,1","1024,1,1",16,0,0,0,,,,,,,,,,,,,,,,,,,
copy2d_f32,1.087,2026-09-11T18:05:34.813658,"1,1,1","1024,1,1",16,0,0,0,,,,,,,,,,,,,,,,,,,
copy2d_f32,1.086,2026-09-11T18:05:34.813671,"1,1,1","1024,1,1",16,0,0,0,,,,,,,,,,,,,,,,,,,
layernorm_f32,2.621,2026-09-11T18:05:34.813683,"1,1,1","32,1,1",28,256,256,0,,,,,,,,,,,,,,,,,,,
copy2d_f32,1.087,2026-09-11T18:05:34.813696,"1,1,1","1024,1,1",16,0,0,0,,,,,,,,,,,,,,,,,,,
copy2d_f32,1.087,2026-09-11T18:05:34.813709,"1,1,1","1024,1,1",16,0,0,0,,,,,,,,,,,,,,,,,,,
copy2d_f32,1.054,2026-09-11T18:05:34.813740,"1,1,1","1024,1,1",16,0,0,0,,,,,,,,,,,,,,,,,,,
"std::enable_if<!T7, void>::type internal::gemvx::kernel<int, int, float, float, float, float, (bool)0, (bool)1, (bool)1, (bool)0, (int)8, (bool)0, cublasGemvParamsEx<int, cublasGemvTensorStridedBatched<const float>, cublasGemvTensorStridedBatched<const float>, cublasGemvTensorStridedBatched<float>, float>>(T13)",2.27,2026-09-11T18:05:34.813758,"32,1,1","16,16,1",159,1088,0,1088,,,,,,,,,,,,,,,,,,,
badd_f32,1.247,2026-09-11T18:05:34.813773,"1,1,1","1024,1,1",38,0,0,0,,,,,,,,,,,,,,,,,,,
urelu_f32,1.151,2026-09-11T18:05:34.813786,"1,1,1","1024,1,1",24,0,0,0,,,,,,,,,,,,,,,,,,,
"void gemv2T_kernel_val<int, int, float, float, float, float, (int)128, (int)16, (int)2, (int)2, (bool)0, (bool)0, cublasGemvParamsEx<int, cublasGemvTensorStridedBatched<const float>, cublasGemvTensorStridedBatched<const float>, cublasGemvTensorStridedBatched<float>, float>>(T13, T6, T6)",2.429,2026-09-11T18:05:34.813799,"64,1,1","128,1,1",47,1536,1536,0,,,,,,,,,,,,,,,,,,,
badd_f32,1.151,2026-09-11T18:05:34.813813,"1,1,1","1024,1,1",38,0,0,0,,,,,,,,,,,,,,,,,,,
bmaximum_f32,1.951,2026-09-11T18:05:34.813826,"1,1,1","1024,1,1",38,0,0,0,,,,,,,,,,,,,,,,,,,
bminimum_f32,1.982,2026-09-11T18:05:34.813839,"1,1,1","1024,1,1",38,0,0,0,,,,,,,,,,,,,,,,,,,
"std::enable_if<!T7, void>::type internal::gemvx::kernel<int, int, float, float, float, float, (bool)0, (bool)1, (bool)1, (bool)0, (int)8, (bool)0, cublasGemvParamsEx<int, cublasGemvTensorStridedBatched<const float>, cublasGemvTensorStridedBatched<const float>, cublasGemvTensorStridedBatched<float>, float>>(T13)",2.909,2026-09-11T18:05:34.813853,"64,1,1","16,16,1",159,1088,0,1088,,,,,,,,,,,,,,,,,,,
badd_f32,1.215,2026-09-11T18:05:34.813866,"1,1,1","1024,1,1",38,0,0,0,,,,,,,,,,,,,,,,,,,
"std::enable_if<!T7, void>::type internal::gemvx::kernel<int, int, float, float, float, float, (bool)0, (bool)1, (bool)1, (bool)0, (int)8, (bool)0, cublasGemvParamsEx<int, cublasGemvTensorStridedBatched<const float>, cublasGemvTensorStridedBatched<const float>, cublasGemvTensorStridedBatched<float>, float>>(T13)",2.301,2026-09-11T18:05:34.813879,"32,1,1","16,16,1",159,1088,0,1088,,,,,,,,,,,,,,,,,,,
badd_f32,1.183,2026-09-11T18:05:34.813911,"1,1,1","1024,1,1",38,0,0,0,,,,,,,,,,,,,,,,,,,
urelu_f32,1.119,2026-09-11T18:05:34.813927,"1,1,1","1024,1,1",24,0,0,0,,,,,,,,,,,,,,,,,,,
"void gemv2T_kernel_val<int, int, float, float, float, float, (int)128, (int)16, (int)4, (int)4, (bool)0, (bool)0, cublasGemvParamsEx<int, cublasGemvTensorStridedBatched<const float>, cublasGemvTensorStridedBatched<const float>, cublasGemvTensorStridedBatched<float>, float>>(T13, T6, T6)",3.836,2026-09-11T18:05:34.813943,"512,1,1","128,1,1",59,2560,2560,0,,,,,,,,,,,,,,,,,,,
badd_f32,1.279,2026-09-11T18:05:34.813956,"4,1,1","1024,1,1",38,0,0,0,,,,,,,,,,,,,,,,,,,
im2col_f32,2.334,2026-09-11T18:05:34.813969,"7,1,1","1024,1,1",36,0,0,0,,,,,,,,,,,,,,,,,,,
ampere_sgemm_32x32_sliced1x4_tn,3.484,2026-09-11T18:05:34.813982,"1,24,9","128,1,1",86,32768,32768,0,,,,,,,,,,,,,,,,,,,
"void cublasLt::splitKreduce_kernel<(int)32, (int)16, int, float, float, float, float, (bool)0, float, float, float, (bool)1, (bool)0, (bool)0>(cublasLt::cublasSplitKParams<T6>, const T4 *, const T10 *, T9 *, T5 *, const T6 *, const T6 *, const T11 *, const T4 *, T11 *, void *, long, T6 *, int *, T6 *, T6 *, const T6 *, const T6 *, const T6 *, const T6 *, const T6 *)",1.535,2026-09-11T18:05:34.813995,"1,48,1","32,16,1",44,0,0,0,,,,,,,,,,,,,,,,,,,
ucopy_f32,2.365,2026-09-11T18:05:34.814009,"6,1,1","1024,1,1",24,0,0,0,,,,,,,,,,,,,,,,,,,
badd_f32,2.749,2026-09-11T18:05:34.814021,"6,1,1","1024,1,1",38,0,0,0,,,,,,,,,,,,,,,,,,,
urelu_f32,1.183,2026-09-11T18:05:34.814042,"6,1,1","1024,1,1",24,0,0,0,,,,,,,,,,,,,,,,,,,
im2col_f32,2.366,2026-09-11T18:05:34.814057,"14,1,1","1024,1,1",36,0,0,0,,,,,,,,,,,,,,,,,,,
ampere_sgemm_32x32_sliced1x4_tn,3.324,2026-09-11T18:05:34.814071,"1,6,36","128,1,1",86,32768,32768,0,,,,,,,,,,,,,,,,,,,
"void cublasLt::splitKreduce_kernel<(int)32, (int)16, int, float, float, float, float, (bool)0, float, float, float, (bool)1, (bool)0, (bool)0>(cublasLt::cublasSplitKParams<T6>, const T4 *, const T10 *, T9 *, T5 *, const T6 *, const T6 *, const T11 *, const T4 *, T11 *, void *, long, T6 *, int *, T6 *, T6 *, const T6 *, const T6 *, const T6 *, const T6 *, const T6 *)",1.918,2026-09-11T18:05:34.814084,"1,12,1","32,16,1",44,0,0,0,,,,,,,,,,,,,,,,,,,
ucopy_f32,2.301,2026-09-11T18:05:34.814097,"3,1,1","1024,1,1",24,0,0,0,,,,,,,,,,,,,,,,,,,
badd_f32,2.685,2026-09-11T18:05:34.814112,"3,1,1","1024,1,1",38,0,0,0,,,,,,,,,,,,,,,,,,,
urelu_f32,1.151,2026-09-11T18:05:34.814125,"3,1,1","1024,1,1",24,0,0,0,,,,,,,,,,,,,,,,,,,
im2col_f32,2.302,2026-09-11T18:05:34.814138,"7,1,1","1024,1,1",36,0,0,0,,,,,,,,,,,,,,,,,,,
ampere_sgemm_32x32_sliced1x4_tn,3.26,2026-09-11T18:05:34.814151,"1,2,72","128,1,1",86,32768,32768,0,,,,,,,,,,,,,,,,,,,
"void cublasLt::splitKreduce_kernel<(int)32, (int)16, int, float, float, float, float, (bool)0, float, float, float, (bool)1, (bool)0, (bool)0>(cublasLt::cublasSplitKParams<T6>, const T4 *, const T10 *, T9 *, T5 *, const T6 *, const T6 *, const T11 *, const T4 *, T11 *, void *, long, T6 *, int *, T6 *, T6 *, const T6 *, const T6 *, const T6 *, const T6 *, const T6 *)",3.196,2026-09-11T18:05:34.814164,"1,3,1","32,16,1",44,0,0,0,,,,,,,,,,,,,,,,,,,
ucopy_f32,2.461,2026-09-11T18:05:34.814177,"2,1,1","1024,1,1",24,0,0,0,,,,,,,,,,,,,,,,,,,
badd_f32,2.653,2026-09-11T18:05:34.814189,"2,1,1","1024,1,1",38,0,0,0,,,,,,,,,,,,,,,,,,,
urelu_f32,1.183,2026-09-11T18:05:34.814202,"2,1,1","1024,1,1",24,0,0,0,,,,,,,,,,,,,,,,,,,
"std::enable_if<!T7, void>::type internal::gemvx::kernel<int, int, float, float, float, float, (bool)0, (bool)1, (bool)1, (bool)0, (int)7, (bool)0, cublasGemvParamsEx<int, cublasGemvTensorStridedBatched<const float>, cublasGemvTensorStridedBatched<const float>, cublasGemvTensorStridedBatched<float>, float>>(T13)",2.813,2026-09-11T18:05:34.814224,"32,1,1","32,4,1",159,528,0,528,,,,,,,,,,,,,,,,,,,
badd_f32,1.118,2026-09-11T18:05:34.814240,"1,1,1","1024,1,1",38,0,0,0,,,,,,,,,,,,,,,,,,,
urelu_f32,1.118,2026-09-11T18:05:34.814253,"1,1,1","1024,1,1",24,0,0,0,,,,,,,,,,,,,,,,,,,
im2col1d_f32,2.078,2026-09-11T18:05:34.814266,"1,1,1","1024,1,1",40,0,0,0,,,,,,,,,,,,,,,,,,,
ampere_sgemm_32x32_sliced1x4_tn,2.781,2026-09-11T18:05:34.814278,"1,12,6","128,1,1",86,32768,32768,0,,,,,,,,,,,,,,,,,,,
"void cublasLt::splitKreduce_kernel<(int)32, (int)16, int, float, float, float, float, (bool)0, float, float, float, (bool)1, (bool)0, (bool)0>(cublasLt::cublasSplitKParams<T6>, const T4 *, const T10 *, T9 *, T5 *, const T6 *, const T6 *, const T11 *, const T4 *, T11 *, void *, long, T6 *, int *, T6 *, T6 *, const T6 *, const T6 *, const T6 *, const T6 *, const T6 *)",1.534,2026-09-11T18:05:34.814294,"1,23,1","32,16,1",44,0,0,0,,,,,,,,,,,,,,,,,,,
ucopy_f32,2.078,2026-09-11T18:05:34.814308,"3,1,1","1024,1,1",24,0,0,0,,,,,,,,,,,,,,,,,,,
badd_f32,2.429,2026-09-11T18:05:34.814321,"3,1,1","1024,1,1",38,0,0,0,,,,,,,,,,,,,,,,,,,
urelu_f32,1.151,2026-09-11T18:05:34.814334,"3,1,1","1024,1,1",24,0,0,0,,,,,,,,,,,,,,,,,,,
im2col1d_f32,2.301,2026-09-11T18:05:34.814347,"2,1,1","1024,1,1",40,0,0,0,,,,,,,,,,,,,,,,,,,
ampere_sgemm_32x32_sliced1x4_tn,3.42,2026-09-11T18:05:34.814486,"1,6,24","128,1,1",86,32768,32768,0,,,,,,,,,,,,,,,,,,,
"void cublasLt::splitKreduce_kernel<(int)32, (int)16, int, float, float, float, float, (bool)0, float, float, float, (bool)1, (bool)0, (bool)0>(cublasLt::cublasSplitKParams<T6>, const T4 *, const T10 *, T9 *, T5 *, const T6 *, const T6 *, const T11 *, const T4 *, T11 *, void *, long, T6 *, int *, T6 *, T6 *, const T6 *, const T6 *, const T6 *, const T6 *, const T6 *)",1.63,2026-09-11T18:05:34.814500,"1,12,1","32,16,1",44,0,0,0,,,,,,,,,,,,,,,,,,,
ucopy_f32,2.174,2026-09-11T18:05:34.814513,"3,1,1","1024,1,1",24,0,0,0,,,,,,,,,,,,,,,,,,,
badd_f32,2.461,2026-09-11T18:05:34.814526,"3,1,1","1024,1,1",38,0,0,0,,,,,,,,,,,,,,,,,,,
urelu_f32,1.151,2026-09-11T18:05:34.814539,"3,1,1","1024,1,1",24,0,0,0,,,,,,,,,,,,,,,,,,,
im2col1d_f32,2.334,2026-09-11T18:05:34.814552,"2,1,1","1024,1,1",40,0,0,0,,,,,,,,,,,,,,,,,,,
ampere_sgemm_32x32_sliced1x4_tn,3.324,2026-09-11T18:05:34.814565,"1,3,48","128,1,1",86,32768,32768,0,,,,,,,,,,,,,,,,,,,
"void cublasLt::splitKreduce_kernel<(int)32, (int)16, int, float, float, float, float, (bool)0, float, float, float, (bool)1, (bool)0, (bool)0>(cublasLt::cublasSplitKParams<T6>, const T4 *, const T10 *, T9 *, T5 *, const T6 *, const T6 *, const T11 *, const T4 *, T11 *, void *, long, T6 *, int *, T6 *, T6 *, const T6 *, const T6 *, const T6 *, const T6 *, const T6 *)",2.526,2026-09-11T18:05:34.814578,"1,6,1","32,16,1",44,0,0,0,,,,,,,,,,,,,,,,,,,
ucopy_f32,2.333,2026-09-11T18:05:34.814604,"3,1,1","1024,1,1",24,0,0,0,,,,,,,,,,,,,,,,,,,
badd_f32,2.462,2026-09-11T18:05:34.814626,"3,1,1","1024,1,1",38,0,0,0,,,,,,,,,,,,,,,,,,,
urelu_f32,1.151,2026-09-11T18:05:34.814640,"3,1,1","1024,1,1",24,0,0,0,,,,,,,,,,,,,,,,,,,
"void dot_kernel<float, (int)128, (int)0, cublasDotParams<cublasGemvTensorStridedBatched<const float>, cublasGemvTensorStridedBatched<float>>>(T4)",2.685,2026-09-11T18:05:34.814653,"18,1,96","128,1,1",28,512,512,0,,,,,,,,,,,,,,,,,,,
"void reduce_1Block_kernel<float, (int)128, (int)7, cublasGemvTensorStridedBatched<float>, cublasGemvTensorStridedBatched<const float>, cublasGemvTensorStridedBatched<float>>(const T1 *, T1, T4, int, const T1 *, T1, T5, T6, cublasPointerMode_t, cublasLtEpilogue_t, cublasGemvTensorStridedBatched<const biasType<T6::value_type, T1>::type>)",1.343,2026-09-11T18:05:34.814666,"1,1,96","128,1,1",28,768,768,0,,,,,,,,,,,,,,,,,,,
badd_f32,1.119,2026-09-11T18:05:34.814679,"1,1,1","1024,1,1",38,0,0,0,,,,,,,,,,,,,,,,,,,
urelu_f32,1.087,2026-09-11T18:05:34.814701,"1,1,1","1024,1,1",24,0,0,0,,,,,,,,,,,,,,,,,,,
"std::enable_if<!T7, void>::type internal::gemvx::kernel<int, int, float, float, float, float, (bool)0, (bool)1, (bool)1, (bool)0, (int)6, (bool)0, cublasGemvParamsEx<int, cublasGemvTensorStridedBatched<const float>, cublasGemvTensorStridedBatched<const float>, cublasGemvTensorStridedBatched<float>, float>>(T13)",1.631,2026-09-11T18:05:34.814714,"2,1,1","4,16,1",166,320,0,320,,,,,,,,,,,,,,,,,,,
badd_f32,1.118,2026-09-11T18:05:34.814728,"1,1,1","1024,1,1",38,0,0,0,,,,,,,,,,,,,,,,,,,
urelu_f32,1.023,2026-09-11T18:05:34.814740,"1,1,1","1024,1,1",24,0,0,0,,,,,,,,,,,,,,,,,,,
copy2d_f32,1.119,2026-09-11T18:05:34.814753,"1,1,1","1024,1,1",16,0,0,0,,,,,,,,,,,,,,,,,,,
copy2d_f32,1.087,2026-09-11T18:05:34.814766,"1,1,1","1024,1,1",16,0,0,0,,,,,,,,,,,,,,,,,,,
copy2d_f32,1.055,2026-09-11T18:05:34.814779,"1,1,1","1024,1,1",16,0,0,0,,,,,,,,,,,,,,,,,,,
layernorm_f32,2.621,2026-09-11T18:05:34.814794,"1,1,1","32,1,1",28,256,256,0,,,,,,,,,,,,,,,,,,,
copy2d_f32,1.055,2026-09-11T18:05:34.814810,"1,1,1","1024,1,1",16,0,0,0,,,,,,,,,,,,,,,,,,,
copy2d_f32,1.055,2026-09-11T18:05:34.814823,"1,1,1","1024,1,1",16,0,0,0,,,,,,,,,,,,,,,,,,,
copy2d_f32,1.055,2026-09-11T18:05:34.814844,"1,1,1","1024,1,1",16,0,0,0,,,,,,,,,,,,,,,,,,,
"std::enable_if<!T7, void>::type internal::gemvx::kernel<int, int, float, float, float, float, (bool)0, (bool)1, (bool)1, (bool)0, (int)8, (bool)0, cublasGemvParamsEx<int, cublasGemvTensorStridedBatched<const float>, cublasGemvTensorStridedBatched<const float>, cublasGemvTensorStridedBatched<float>, float>>(T13)",1.982,2026-09-11T18:05:34.814858,"32,1,1","16,16,1",159,1088,0,1088,,,,,,,,,,,,,,,,,,,
badd_f32,1.151,2026-09-11T18:05:34.814871,"1,1,1","1024,1,1",38,0,0,0,,,,,,,,,,,,,,,,,,,
urelu_f32,1.119,2026-09-11T18:05:34.814884,"1,1,1","1024,1,1",24,0,0,0,,,,,,,,,,,,,,,,,,,
"void gemv2T_kernel_val<int, int, float, float, float, float, (int)128, (int)16, (int)2, (int)2, (bool)0, (bool)0, cublasGemvParamsEx<int, cublasGemvTensorStridedBatched<const float>, cublasGemvTensorStridedBatched<const float>, cublasGemvTensorStridedBatched<float>, float>>(T13, T6, T6)",2.397,2026-09-11T18:05:34.814897,"64,1,1","128,1,1",47,1536,1536,0,,,,,,,,,,,,,,,,,,,
badd_f32,1.151,2026-09-11T18:05:34.814910,"1,1,1","1024,1,1",38,0,0,0,,,,,,,,,,,,,,,,,,,
bmaximum_f32,1.981,2026-09-11T18:05:34.814923,"1,1,1","1024,1,1",38,0,0,0,,,,,,,,,,,,,,,,,,,
bminimum_f32,1.982,2026-09-11T18:05:34.814936,"1,1,1","1024,1,1",38,0,0,0,,,,,,,,,,,,,,,,,,,
"std::enable_if<!T7, void>::type internal::gemvx::kernel<int, int, float, float, float, float, (bool)0, (bool)1, (bool)1, (bool)0, (int)8, (bool)0, cublasGemvParamsEx<int, cublasGemvTensorStridedBatched<const float>, cublasGemvTensorStridedBatched<const float>, cublasGemvTensorStridedBatched<float>, float>>(T13)",2.078,2026-09-11T18:05:34.814949,"64,1,1","16,16,1",159,1088,0,1088,,,,,,,,,,,,,,,,,,,
badd_f32,1.215,2026-09-11T18:05:34.814964,"1,1,1","1024,1,1",38,0,0,0,,,,,,,,,,,,,,,,,,,
"std::enable_if<!T7, void>::type internal::gemvx::kernel<int, int, float, float, float, float, (bool)0, (bool)1, (bool)1, (bool)0, (int)8, (bool)0, cublasGemvParamsEx<int, cublasGemvTensorStridedBatched<const float>, cublasGemvTensorStridedBatched<const float>, cublasGemvTensorStridedBatched<float>, float>>(T13)",2.173,2026-09-11T18:05:34.814980,"32,1,1","16,16,1",159,1088,0,1088,,,,,,,,,,,,,,,,,,,
badd_f32,1.183,2026-09-11T18:05:34.814993,"1,1,1","1024,1,1",38,0,0,0,,,,,,,,,,,,,,,,,,,
urelu_f32,1.087,2026-09-11T18:05:34.815006,"1,1,1","1024,1,1",24,0,0,0,,,,,,,,,,,,,,,,,,,
"void gemv2T_kernel_val<int, int, float, float, float, float, (int)128, (int)16, (int)4, (int)4, (bool)0, (bool)0, cublasGemvParamsEx<int, cublasGemvTensorStridedBatched<const float>, cublasGemvTensorStridedBatched<const float>, cublasGemvTensorStridedBatched<float>, float>>(T13, T6, T6)",3.835,2026-09-11T18:05:34.815020,"512,1,1","128,1,1",59,2560,2560,0,,,,,,,,,,,,,,,,,,,
badd_f32,1.215,2026-09-11T18:05:34.815033,"4,1,1","1024,1,1",38,0,0,0,,,,,,,,,,,,,,,,,,,
im2col_f32,2.302,2026-09-11T18:05:34.815046,"7,1,1","1024,1,1",36,0,0,0,,,,,,,,,,,,,,,,,,,
ampere_sgemm_32x32_sliced1x4_tn,3.421,2026-09-11T18:05:34.815059,"1,24,9","128,1,1",86,32768,32768,0,,,,,,,,,,,,,,,,,,,
"void cublasLt::splitKreduce_kernel<(int)32, (int)16, int, float, float, float, float, (bool)0, float, float, float, (bool)1, (bool)0, (bool)0>(cublasLt::cublasSplitKParams<T6>, const T4 *, const T10 *, T9 *, T5 *, const T6 *, const T6 *, const T11 *, const T4 *, T11 *, void *, long, T6 *, int *, T6 *, T6 *, const T6 *, const T6 *, const T6 *, const T6 *, const T6 *)",1.503,2026-09-11T18:05:34.815072,"1,48,1","32,16,1",44,0,0,0,,,,,,,,,,,,,,,,,,,
ucopy_f32,2.365,2026-09-11T18:05:34.815085,"6,1,1","1024,1,1",24,0,0,0,,,,,,,,,,,,,,,,,,,
badd_f32,2.717,2026-09-11T18:05:34.815098,"6,1,1","1024,1,1",38,0,0,0,,,,,,,,,,,,,,,,,,,
urelu_f32,1.215,2026-09-11T18:05:34.815110,"6,1,1","1024,1,1",24,0,0,0,,,,,,,,,,,,,,,,,,,
im2col_f32,2.333,2026-09-11T18:05:34.815133,"14,1,1","1024,1,1",36,0,0,0,,,,,,,,,,,,,,,,,,,
ampere_sgemm_32x32_sliced1x4_tn,3.292,2026-09-11T18:05:34.815148,"1,6,36","128,1,1",86,32768,32768,0,,,,,,,,,,,,,,,,,,,
"void cublasLt::splitKreduce_kernel<(int)32, (int)16, int, float, float, float, float, (bool)0, float, float, float, (bool)1, (bool)0, (bool)0>(cublasLt::cublasSplitKParams<T6>, const T4 *, const T10 *, T9 *, T5 *, const T6 *, const T6 *, const T11 *, const T4 *, T11 *, void *, long, T6 *, int *, T6 *, T6 *, const T6 *, const T6 *, const T6 *, const T6 *, const T6 *)",1.886,2026-09-11T18:05:34.815161,"1,12,1","32,16,1",44,0,0,0,,,,,,,,,,,,,,,,,,,
ucopy_f32,2.27,2026-09-11T18:05:34.815174,"3,1,1","1024,1,1",24,0,0,0,,,,,,,,,,,,,,,,,,,
badd_f32,2.653,2026-09-11T18:05:34.815188,"3,1,1","1024,1,1",38,0,0,0,,,,,,,,,,,,,,,,,,,
urelu_f32,1.151,2026-09-11T18:05:34.815201,"3,1,1","1024,1,1",24,0,0,0,,,,,,,,,,,,,,,,,,,
im2col_f32,2.301,2026-09-11T18:05:34.815214,"7,1,1","1024,1,1",36,0,0,0,,,,,,,,,,,,,,,,,,,
ampere_sgemm_32x32_sliced1x4_tn,3.292,2026-09-11T18:05:34.815228,"1,2,72","128,1,1",86,32768,32768,0,,,,,,,,,,,,,,,,,,,
"void cublasLt::splitKreduce_kernel<(int)32, (int)16, int, float, float, float, float, (bool)0, float, float, float, (bool)1, (bool)0, (bool)0>(cublasLt::cublasSplitKParams<T6>, const T4 *, const T10 *, T9 *, T5 *, const T6 *, const T6 *, const T11 *, const T4 *, T11 *, void *, long, T6 *, int *, T6 *, T6 *, const T6 *, const T6 *, const T6 *, const T6 *, const T6 *)",3.196,2026-09-11T18:05:34.815241,"1,3,1","32,16,1",44,0,0,0,,,,,,,,,,,,,,,,,,,
ucopy_f32,2.461,2026-09-11T18:05:34.815255,"2,1,1","1024,1,1",24,0,0,0,,,,,,,,,,,,,,,,,,,
badd_f32,2.653,2026-09-11T18:05:34.815268,"2,1,1","1024,1,1",38,0,0,0,,,,,,,,,,,,,,,,,,,
urelu_f32,1.151,2026-09-11T18:05:34.815283,"2,1,1","1024,1,1",24,0,0,0,,,,,,,,,,,,,,,,,,,
"std::enable_if<!T7, void>::type internal::gemvx::kernel<int, int, float, float, float, float, (bool)0, (bool)1, (bool)1, (bool)0, (int)7, (bool)0, cublasGemvParamsEx<int, cublasGemvTensorStridedBatched<const float>, cublasGemvTensorStridedBatched<const float>, cublasGemvTensorStridedBatched<float>, float>>(T13)",2.557,2026-09-11T18:05:34.815295,"32,1,1","32,4,1",159,528,0,528,,,,,,,,,,,,,,,,,,,
badd_f32,1.119,2026-09-11T18:05:34.815308,"1,1,1","1024,1,1",38,0,0,0,,,,,,,,,,,,,,,,,,,
urelu_f32,1.087,2026-09-11T18:05:34.815322,"1,1,1","1024,1,1",24,0,0,0,,,,,,,,,,,,,,,,,,,
im2col1d_f32,2.046,2026-09-11T18:05:34.815335,"1,1,1","1024,1,1",40,0,0,0,,,,,,,,,,,,,,,,,,,
ampere_sgemm_32x32_sliced1x4_tn,2.813,2026-09-11T18:05:34.815349,"1,12,6","128,1,1",86,32768,32768,0,,,,,,,,,,,,,,,,,,,
"void cublasLt::splitKreduce_kernel<(int)32, (int)16, int, float, float, float, float, (bool)0, float, float, float, (bool)1, (bool)0, (bool)0>(cublasLt::cublasSplitKParams<T6>, const T4 *, const T10 *, T9 *, T5 *, const T6 *, const T6 *, const T11 *, const T4 *, T11 *, void *, long, T6 *, int *, T6 *, T6 *, const T6 *, const T6 *, const T6 *, const T6 *, const T6 *)",1.502,2026-09-11T18:05:34.815362,"1,23,1","32,16,1",44,0,0,0,,,,,,,,,,,,,,,,,,,
ucopy_f32,2.077,2026-09-11T18:05:34.815375,"3,1,1","1024,1,1",24,0,0,0,,,,,,,,,,,,,,,,,,,
badd_f32,2.429,2026-09-11T18:05:34.815387,"3,1,1","1024,1,1",38,0,0,0,,,,,,,,,,,,,,,,,,,
urelu_f32,1.15,2026-09-11T18:05:34.815420,"3,1,1","1024,1,1",24,0,0,0,,,,,,,,,,,,,,,,,,,
im2col1d_f32,2.302,2026-09-11T18:05:34.815436,"2,1,1","1024,1,1",40,0,0,0,,,,,,,,,,,,,,,,,,,
ampere_sgemm_32x32_sliced1x4_tn,3.421,2026-09-11T18:05:34.815450,"1,6,24","128,1,1",86,32768,32768,0,,,,,,,,,,,,,,,,,,,
"void cublasLt::splitKreduce_kernel<(int)32, (int)16, int, float, float, float, float, (bool)0, float, float, float, (bool)1, (bool)0, (bool)0>(cublasLt::cublasSplitKParams<T6>, const T4 *, const T10 *, T9 *, T5 *, const T6 *, const T6 *, const T11 *, const T4 *, T11 *, void *, long, T6 *, int *, T6 *, T6 *, const T6 *, const T6 *, const T6 *, const T6 *, const T6 *)",1.63,2026-09-11T18:05:34.815463,"1,12,1","32,16,1",44,0,0,0,,,,,,,,,,,,,,,,,,,
ucopy_f32,2.11,2026-09-11T18:05:34.815476,"3,1,1","1024,1,1",24,0,0,0,,,,,,,,,,,,,,,,,,,
badd_f32,2.43,2026-09-11T18:05:34.815489,"3,1,1","1024,1,1",38,0,0,0,,,,,,,,,,,,,,,,,,,
urelu_f32,1.15,2026-09-11T18:05:34.815512,"3,1,1","1024,1,1",24,0,0,0,,,,,,,,,,,,,,,,,,,
im2col1d_f32,2.269,2026-09-11T18:05:34.815528,"2,1,1","1024,1,1",40,0,0,0,,,,,,,,,,,,,,,,,,,
ampere_sgemm_32x32_sliced1x4_tn,3.356,2026-09-11T18:05:34.815541,"1,3,48","128,1,1",86,32768,32768,0,,,,,,,,,,,,,,,,,,,
"void cublasLt::splitKreduce_kernel<(int)32, (int)16, int, float, float, float, float, (bool)0, float, float, float, (bool)1, (bool)0, (bool)0>(cublasLt::cublasSplitKParams<T6>, const T4 *, const T10 *, T9 *, T5 *, const T6 *, const T6 *, const T11 *, const T4 *, T11 *, void *, long, T6 *, int *, T6 *, T6 *, const T6 *, const T6 *, const T6 *, const T6 *, const T6 *)",2.526,2026-09-11T18:05:34.815554,"1,6,1","32,16,1",44,0,0,0,,,,,,,,,,,,,,,,,,,
ucopy_f32,2.333,2026-09-11T18:05:34.815568,"3,1,1","1024,1,1",24,0,0,0,,,,,,,,,,,,,,,,,,,
badd_f32,2.461,2026-09-11T18:05:34.815581,"3,1,1","1024,1,1",38,0,0,0,,,,,,,,,,,,,,,,,,,
urelu_f32,1.151,2026-09-11T18:05:34.815594,"3,1,1","1024,1,1",24,0,0,0,,,,,,,,,,,,,,,,,,,
"void dot_kernel<float, (int)128, (int)0, cublasDotParams<cublasGemvTensorStridedBatched<const float>, cublasGemvTensorStridedBatched<float>>>(T4)",2.589,2026-09-11T18:05:34.815607,"18,1,96","128,1,1",28,512,512,0,,,,,,,,,,,,,,,,,,,
"void reduce_1Block_kernel<float, (int)128, (int)7, cublasGemvTensorStridedBatched<float>, cublasGemvTensorStridedBatched<const float>, cublasGemvTensorStridedBatched<float>>(const T1 *, T1, T4, int, const T1 *, T1, T5, T6, cublasPointerMode_t, cublasLtEpilogue_t, cublasGemvTensorStridedBatched<const biasType<T6::value_type, T1>::type>)",1.31,2026-09-11T18:05:34.815620,"1,1,96","128,1,1",28,768,768,0,,,,,,,,,,,,,,,,,,,
badd_f32,1.119,2026-09-11T18:05:34.815633,"1,1,1","1024,1,1",38,0,0,0,,,,,,,,,,,,,,,,,,,
urelu_f32,1.087,2026-09-11T18:05:34.815646,"1,1,1","1024,1,1",24,0,0,0,,,,,,,,,,,,,,,,,,,
"std::enable_if<!T7, void>::type internal::gemvx::kernel<int, int, float, float, float, float, (bool)0, (bool)1, (bool)1, (bool)0, (int)6, (bool)0, cublasGemvParamsEx<int, cublasGemvTensorStridedBatched<const float>, cublasGemvTensorStridedBatched<const float>, cublasGemvTensorStridedBatched<float>, float>>(T13)",1.502,2026-09-11T18:05:34.815659,"2,1,1","4,16,1",166,320,0,320,,,,,,,,,,,,,,,,,,,
badd_f32,1.119,2026-09-11T18:05:34.815672,"1,1,1","1024,1,1",38,0,0,0,,,,,,,,,,,,,,,,,,,
urelu_f32,1.054,2026-09-11T18:05:34.815686,"1,1,1","1024,1,1",24,0,0,0,,,,,,,,,,,,,,,,,,,
copy2d_f32,1.119,2026-09-11T18:05:34.815699,"1,1,1","1024,1,1",16,0,0,0,,,,,,,,,,,,,,,,,,,
copy2d_f32,1.055,2026-09-11T18:05:34.815713,"1,1,1","1024,1,1",16,0,0,0,,,,,,,,,,,,,,,,,,,
copy2d_f32,1.055,2026-09-11T18:05:34.815745,"1,1,1","1024,1,1",16,0,0,0,,,,,,,,,,,,,,,,,,,
layernorm_f32,2.621,2026-09-11T18:05:34.815760,"1,1,1","32,1,1",28,256,256,0,,,,,,,,,,,,,,,,,,,
copy2d_f32,1.087,2026-09-11T18:05:34.815773,"1,1,1","1024,1,1",16,0,0,0,,,,,,,,,,,,,,,,,,,
copy2d_f32,1.054,2026-09-11T18:05:34.815794,"1,1,1","1024,1,1",16,0,0,0,,,,,,,,,,,,,,,,,,,
copy2d_f32,1.087,2026-09-11T18:05:34.815816,"1,1,1","1024,1,1",16,0,0,0,,,,,,,,,,,,,,,,,,,
"std::enable_if<!T7, void>::type internal::gemvx::kernel<int, int, float, float, float, float, (bool)0, (bool)1, (bool)1, (bool)0, (int)8, (bool)0, cublasGemvParamsEx<int, cublasGemvTensorStridedBatched<const float>, cublasGemvTensorStridedBatched<const float>, cublasGemvTensorStridedBatched<float>, float>>(T13)",2.014,2026-09-11T18:05:34.815830,"32,1,1","16,16,1",159,1088,0,1088,,,,,,,,,,,,,,,,,,,
badd_f32,1.151,2026-09-11T18:05:34.815844,"1,1,1","1024,1,1",38,0,0,0,,,,,,,,,,,,,,,,,,,
urelu_f32,1.118,2026-09-11T18:05:34.815860,"1,1,1","1024,1,1",24,0,0,0,,,,,,,,,,,,,,,,,,,
"void gemv2T_kernel_val<int, int, float, float, float, float, (int)128, (int)16, (int)2, (int)2, (bool)0, (bool)0, cublasGemvParamsEx<int, cublasGemvTensorStridedBatched<const float>, cublasGemvTensorStridedBatched<const float>, cublasGemvTensorStridedBatched<float>, float>>(T13, T6, T6)",2.493,2026-09-11T18:05:34.815874,"64,1,1","128,1,1",47,1536,1536,0,,,,,,,,,,,,,,,,,,,
badd_f32,1.151,2026-09-11T18:05:34.815888,"1,1,1","1024,1,1",38,0,0,0,,,,,,,,,,,,,,,,,,,
bmaximum_f32,2.014,2026-09-11T18:05:34.815902,"1,1,1","1024,1,1",38,0,0,0,,,,,,,,,,,,,,,,,,,
bminimum_f32,2.014,2026-09-11T18:05:34.815915,"1,1,1","1024,1,1",38,0,0,0,,,,,,,,,,,,,,,,,,,
"std::enable_if<!T7, void>::type internal::gemvx::kernel<int, int, float, float, float, float, (bool)0, (bool)1, (bool)1, (bool)0, (int)8, (bool)0, cublasGemvParamsEx<int, cublasGemvTensorStridedBatched<const float>, cublasGemvTensorStridedBatched<const float>, cublasGemvTensorStridedBatched<float>, float>>(T13)",1.854,2026-09-11T18:05:34.815928,"64,1,1","16,16,1",159,1088,0,1088,,,,,,,,,,,,,,,,,,,
badd_f32,1.215,2026-09-11T18:05:34.815941,"1,1,1","1024,1,1",38,0,0,0,,,,,,,,,,,,,,,,,,,
"std::enable_if<!T7, void>::type internal::gemvx::kernel<int, int, float, float, float, float, (bool)0, (bool)1, (bool)1, (bool)0, (int)8, (bool)0, cublasGemvParamsEx<int, cublasGemvTensorStridedBatched<const float>, cublasGemvTensorStridedBatched<const float>, cublasGemvTensorStridedBatched<float>, float>>(T13)",2.238,2026-09-11T18:05:34.815954,"32,1,1","16,16,1",159,1088,0,1088,,,,,,,,,,,,,,,,,,,
badd_f32,1.151,2026-09-11T18:05:34.815967,"1,1,1","1024,1,1",38,0,0,0,,,,,,,,,,,,,,,,,,,
urelu_f32,1.118,2026-09-11T18:05:34.815980,"1,1,1","1024,1,1",24,0,0,0,,,,,,,,,,,,,,,,,,,
"void gemv2T_kernel_val<int, int, float, float, float, float, (int)128, (int)16, (int)4, (int)4, (bool)0, (bool)0, cublasGemvParamsEx<int, cublasGemvTensorStridedBatched<const float>, cublasGemvTensorStridedBatched<const float>, cublasGemvTensorStridedBatched<float>, float>>(T13, T6, T6)",3.868,2026-09-11T18:05:34.815994,"512,1,1","128,1,1",59,2560,2560,0,,,,,,,,,,,,,,,,,,,
badd_f32,1.214,2026-09-11T18:05:34.816014,"4,1,1","1024,1,1",38,0,0,0,,,,,,,,,,,,,,,,,,,
im2col_f32,2.302,2026-09-11T18:05:34.816029,"7,1,1","1024,1,1",36,0,0,0,,,,,,,,,,,,,,,,,,,
ampere_sgemm_32x32_sliced1x4_tn,3.517,2026-09-11T18:05:34.816042,"1,24,9","128,1,1",86,32768,32768,0,,,,,,,,,,,,,,,,,,,
"void cublasLt::splitKreduce_kernel<(int)32, (int)16, int, float, float, float, float, (bool)0, float, float, float, (bool)1, (bool)0, (bool)0>(cublasLt::cublasSplitKParams<T6>, const T4 *, const T10 *, T9 *, T5 *, const T6 *, const T6 *, const T11 *, const T4 *, T11 *, void *, long, T6 *, int *, T6 *, T6 *, const T6 *, const T6 *, const T6 *, const T6 *, const T6 *)",1.502,2026-09-11T18:05:34.816055,"1,48,1","32,16,1",44,0,0,0,,,,,,,,,,,,,,,,,,,
ucopy_f32,2.398,2026-09-11T18:05:34.816068,"6,1,1","1024,1,1",24,0,0,0,,,,,,,,,,,,,,,,,,,
badd_f32,2.749,2026-09-11T18:05:34.816083,"6,1,1","1024,1,1",38,0,0,0,,,,,,,,,,,,,,,,,,,
urelu_f32,1.214,2026-09-11T18:05:34.816096,"6,1,1","1024,1,1",24,0,0,0,,,,,,,,,,,,,,,,,,,
im2col_f32,2.334,2026-09-11T18:05:34.816109,"14,1,1","1024,1,1",36,0,0,0,,,,,,,,,,,,,,,,,,,
ampere_sgemm_32x32_sliced1x4_tn,3.292,2026-09-11T18:05:34.816122,"1,6,36","128,1,1",86,32768,32768,0,,,,,,,,,,,,,,,,,,,
"void cublasLt::splitKreduce_kernel<(int)32, (int)16, int, float, float, float, float, (bool)0, float, float, float, (bool)1, (bool)0, (bool)0>(cublasLt::cublasSplitKParams<T6>, const T4 *, const T10 *, T9 *, T5 *, const T6 *, const T6 *, const T11 *, const T4 *, T11 *, void *, long, T6 *, int *, T6 *, T6 *, const T6 *, const T6 *, const T6 *, const T6 *, const T6 *)",1.918,2026-09-11T18:05:34.816135,"1,12,1","32,16,1",44,0,0,0,,,,,,,,,,,,,,,,,,,
ucopy_f32,2.302,2026-09-11T18:05:34.816148,"3,1,1","1024,1,1",24,0,0,0,,,,,,,,,,,,,,,,,,,
badd_f32,2.685,2026-09-11T18:05:34.816163,"3,1,1","1024,1,1",38,0,0,0,,,,,,,,,,,,,,,,,,,
urelu_f32,1.151,2026-09-11T18:05:34.816176,"3,1,1","1024,1,1",24,0,0,0,,,,,,,,,,,,,,,,,,,
im2col_f32,2.27,2026-09-11T18:05:34.816191,"7,1,1","1024,1,1",36,0,0,0,,,,,,,,,,,,,,,,,,,
ampere_sgemm_32x32_sliced1x4_tn,3.293,2026-09-11T18:05:34.816204,"1,2,72","128,1,1",86,32768,32768,0,,,,,,,,,,,,,,,,,,,
"void cublasLt::splitKreduce_kernel<(int)32, (int)16, int, float, float, float, float, (bool)0, float, float, float, (bool)1, (bool)0, (bool)0>(cublasLt::cublasSplitKParams<T6>, const T4 *, const T10 *, T9 *, T5 *, const T6 *, const T6 *, const T11 *, const T4 *, T11 *, void *, long, T6 *, int *, T6 *, T6 *, const T6 *, const T6 *, const T6 *, const T6 *, const T6 *)",3.197,2026-09-11T18:05:34.816217,"1,3,1","32,16,1",44,0,0,0,,,,,,,,,,,,,,,,,,,
ucopy_f32,2.462,2026-09-11T18:05:34.816230,"2,1,1","1024,1,1",24,0,0,0,,,,,,,,,,,,,,,,,,,
badd_f32,2.654,2026-09-11T18:05:34.816246,"2,1,1","1024,1,1",38,0,0,0,,,,,,,,,,,,,,,,,,,
urelu_f32,1.151,2026-09-11T18:05:34.816265,"2,1,1","1024,1,1",24,0,0,0,,,,,,,,,,,,,,,,,,,
"std::enable_if<!T7, void>::type internal::gemvx::kernel<int, int, float, float, float, float, (bool)0, (bool)1, (bool)1, (bool)0, (int)7, (bool)0, cublasGemvParamsEx<int, cublasGemvTensorStridedBatched<const float>, cublasGemvTensorStridedBatched<const float>, cublasGemvTensorStridedBatched<float>, float>>(T13)",3.133,2026-09-11T18:05:34.816278,"32,1,1","32,4,1",159,528,0,528,,,,,,,,,,,,,,,,,,,
badd_f32,1.119,2026-09-11T18:05:34.816291,"1,1,1","1024,1,1",38,0,0,0,,,,,,,,,,,,,,,,,,,
urelu_f32,1.087,2026-09-11T18:05:34.816305,"1,1,1","1024,1,1",24,0,0,0,,,,,,,,,,,,,,,,,,,
im2col1d_f32,2.078,2026-09-11T18:05:34.816318,"1,1,1","1024,1,1",40,0,0,0,,,,,,,,,,,,,,,,,,,
ampere_sgemm_32x32_sliced1x4_tn,2.781,2026-09-11T18:05:34.816332,"1,12,6","128,1,1",86,32768,32768,0,,,,,,,,,,,,,,,,,,,
"void cublasLt::splitKreduce_kernel<(int)32, (int)16, int, float, float, float, float, (bool)0, float, float, float, (bool)1, (bool)0, (bool)0>(cublasLt::cublasSplitKParams<T6>, const T4 *, const T10 *, T9 *, T5 *, const T6 *, const T6 *, const T11 *, const T4 *, T11 *, void *, long, T6 *, int *, T6 *, T6 *, const T6 *, const T6 *, const T6 *, const T6 *, const T6 *)",1.534,2026-09-11T18:05:34.816345,"1,23,1","32,16,1",44,0,0,0,,,,,,,,,,,,,,,,,,,
ucopy_f32,2.046,2026-09-11T18:05:34.816359,"3,1,1","1024,1,1",24,0,0,0,,,,,,,,,,,,,,,,,,,
badd_f32,2.462,2026-09-11T18:05:34.816372,"3,1,1","1024,1,1",38,0,0,0,,,,,,,,,,,,,,,,,,,
urelu_f32,1.182,2026-09-11T18:05:34.816385,"3,1,1","1024,1,1",24,0,0,0,,,,,,,,,,,,,,,,,,,
im2col1d_f32,2.27,2026-09-11T18:05:34.816399,"2,1,1","1024,1,1",40,0,0,0,,,,,,,,,,,,,,,,,,,
ampere_sgemm_32x32_sliced1x4_tn,3.388,2026-09-11T18:05:34.816412,"1,6,24","128,1,1",86,32768,32768,0,,,,,,,,,,,,,,,,,,,
"void cublasLt::splitKreduce_kernel<(int)32, (int)16, int, float, float, float, float, (bool)0, float, float, float, (bool)1, (bool)0, (bool)0>(cublasLt::cublasSplitKParams<T6>, const T4 *, const T10 *, T9 *, T5 *, const T6 *, const T6 *, const T11 *, const T4 *, T11 *, void *, long, T6 *, int *, T6 *, T6 *, const T6 *, const T6 *, const T6 *, const T6 *, const T6 *)",1.631,2026-09-11T18:05:34.816427,"1,12,1","32,16,1",44,0,0,0,,,,,,,,,,,,,,,,,,,
ucopy_f32,2.141,2026-09-11T18:05:34.816440,"3,1,1","1024,1,1",24,0,0,0,,,,,,,,,,,,,,,,,,,
badd_f32,2.461,2026-09-11T18:05:34.816453,"3,1,1","1024,1,1",38,0,0,0,,,,,,,,,,,,,,,,,,,
urelu_f32,1.15,2026-09-11T18:05:34.816466,"3,1,1","1024,1,1",24,0,0,0,,,,,,,,,,,,,,,,,,,
im2col1d_f32,2.302,2026-09-11T18:05:34.816493,"2,1,1","1024,1,1",40,0,0,0,,,,,,,,,,,,,,,,,,,
ampere_sgemm_32x32_sliced1x4_tn,3.356,2026-09-11T18:05:34.816510,"1,3,48","128,1,1",86,32768,32768,0,,,,,,,,,,,,,,,,,,,
"void cublasLt::splitKreduce_kernel<(int)32, (int)16, int, float, float, float, float, (bool)0, float, float, float, (bool)1, (bool)0, (bool)0>(cublasLt::cublasSplitKParams<T6>, const T4 *, const T10 *, T9 *, T5 *, const T6 *, const T6 *, const T11 *, const T4 *, T11 *, void *, long, T6 *, int *, T6 *, T6 *, const T6 *, const T6 *, const T6 *, const T6 *, const T6 *)",2.525,2026-09-11T18:05:34.816523,"1,6,1","32,16,1",44,0,0,0,,,,,,,,,,,,,,,,,,,
ucopy_f32,2.365,2026-09-11T18:05:34.816543,"3,1,1","1024,1,1",24,0,0,0,,,,,,,,,,,,,,,,,,,
badd_f32,2.461,2026-09-11T18:05:34.816558,"3,1,1","1024,1,1",38,0,0,0,,,,,,,,,,,,,,,,,,,
urelu_f32,1.118,2026-09-11T18:05:34.816579,"3,1,1","1024,1,1",24,0,0,0,,,,,,,,,,,,,,,,,,,
"void dot_kernel<float, (int)128, (int)0, cublasDotParams<cublasGemvTensorStridedBatched<const float>, cublasGemvTensorStridedBatched<float>>>(T4)",2.717,2026-09-11T18:05:34.816602,"18,1,96","128,1,1",28,512,512,0,,,,,,,,,,,,,,,,,,,
"void reduce_1Block_kernel<float, (int)128, (int)7, cublasGemvTensorStridedBatched<float>, cublasGemvTensorStridedBatched<const float>, cublasGemvTensorStridedBatched<float>>(const T1 *, T1, T4, int, const T1 *, T1, T5, T6, cublasPointerMode_t, cublasLtEpilogue_t, cublasGemvTensorStridedBatched<const biasType<T6::value_type, T1>::type>)",1.31,2026-09-11T18:05:34.816754,"1,1,96","128,1,1",28,768,768,0,,,,,,,,,,,,,,,,,,,
badd_f32,1.119,2026-09-11T18:05:34.816798,"1,1,1","1024,1,1",38,0,0,0,,,,,,,,,,,,,,,,,,,
urelu_f32,1.087,2026-09-11T18:05:34.816840,"1,1,1","1024,1,1",24,0,0,0,,,,,,,,,,,,,,,,,,,
"std::enable_if<!T7, void>::type internal::gemvx::kernel<int, int, float, float, float, float, (bool)0, (bool)1, (bool)1, (bool)0, (int)6, (bool)0, cublasGemvParamsEx<int, cublasGemvTensorStridedBatched<const float>, cublasGemvTensorStridedBatched<const float>, cublasGemvTensorStridedBatched<float>, float>>(T13)",1.663,2026-09-11T18:05:34.816884,"2,1,1","4,16,1",166,320,0,320,,,,,,,,,,,,,,,,,,,
badd_f32,1.119,2026-09-11T18:05:34.816916,"1,1,1","1024,1,1",38,0,0,0,,,,,,,,,,,,,,,,,,,
urelu_f32,1.055,2026-09-11T18:05:34.816946,"1,1,1","1024,1,1",24,0,0,0,,,,,,,,,,,,,,,,,,,
copy2d_f32,1.087,2026-09-11T18:05:34.816974,"1,1,1","1024,1,1",16,0,0,0,,,,,,,,,,,,,,,,,,,
copy2d_f32,1.087,2026-09-11T18:05:34.817002,"1,1,1","1024,1,1",16,0,0,0,,,,,,,,,,,,,,,,,,,
copy2d_f32,1.023,2026-09-11T18:05:34.817040,"1,1,1","1024,1,1",16,0,0,0,,,,,,,,,,,,,,,,,,,
layernorm_f32,2.621,2026-09-11T18:05:34.817068,"1,1,1","32,1,1",28,256,256,0,,,,,,,,,,,,,,,,,,,
copy2d_f32,1.087,2026-09-11T18:05:34.817096,"1,1,1","1024,1,1",16,0,0,0,,,,,,,,,,,,,,,,,,,
copy2d_f32,1.055,2026-09-11T18:05:34.817123,"1,1,1","1024,1,1",16,0,0,0,,,,,,,,,,,,,,,,,,,
copy2d_f32,1.054,2026-09-11T18:05:34.817151,"1,1,1","1024,1,1",16,0,0,0,,,,,,,,,,,,,,,,,,,
"std::enable_if<!T7, void>::type internal::gemvx::kernel<int, int, float, float, float, float, (bool)0, (bool)1, (bool)1, (bool)0, (int)8, (bool)0, cublasGemvParamsEx<int, cublasGemvTensorStridedBatched<const float>, cublasGemvTensorStridedBatched<const float>, cublasGemvTensorStridedBatched<float>, float>>(T13)",2.142,2026-09-11T18:05:34.817179,"32,1,1","16,16,1",159,1088,0,1088,,,,,,,,,,,,,,,,,,,
badd_f32,1.151,2026-09-11T18:05:34.817206,"1,1,1","1024,1,1",38,0,0,0,,,,,,,,,,,,,,,,,,,
urelu_f32,1.118,2026-09-11T18:05:34.817237,"1,1,1","1024,1,1",24,0,0,0,,,,,,,,,,,,,,,,,,,
"void gemv2T_kernel_val<int, int, float, float, float, float, (int)128, (int)16, (int)2, (int)2, (bool)0, (bool)0, cublasGemvParamsEx<int, cublasGemvTensorStridedBatched<const float>, cublasGemvTensorStridedBatched<const float>, cublasGemvTensorStridedBatched<float>, float>>(T13, T6, T6)",2.429,2026-09-11T18:05:34.817277,"64,1,1","128,1,1",47,1536,1536,0,,,,,,,,,,,,,,,,,,,
badd_f32,1.151,2026-09-11T18:05:34.817305,"1,1,1","1024,1,1",38,0,0,0,,,,,,,,,,,,,,,,,,,
bmaximum_f32,1.982,2026-09-11T18:05:34.817332,"1,1,1","1024,1,1",38,0,0,0,,,,,,,,,,,,,,,,,,,
bminimum_f32,1.982,2026-09-11T18:05:34.817359,"1,1,1","1024,1,1",38,0,0,0,,,,,,,,,,,,,,,,,,,
"std::enable_if<!T7, void>::type internal::gemvx::kernel<int, int, float, float, float, float, (bool)0, (bool)1, (bool)1, (bool)0, (int)8, (bool)0, cublasGemvParamsEx<int, cublasGemvTensorStridedBatched<const float>, cublasGemvTensorStridedBatched<const float>, cublasGemvTensorStridedBatched<float>, float>>(T13)",2.877,2026-09-11T18:05:34.817395,"64,1,1","16,16,1",159,1088,0,1088,,,,,,,,,,,,,,,,,,,
badd_f32,1.247,2026-09-11T18:05:34.817426,"1,1,1","1024,1,1",38,0,0,0,,,,,,,,,,,,,,,,,,,
"std::enable_if<!T7, void>::type internal::gemvx::kernel<int, int, float, float, float, float, (bool)0, (bool)1, (bool)1, (bool)0, (int)8, (bool)0, cublasGemvParamsEx<int, cublasGemvTensorStridedBatched<const float>, cublasGemvTensorStridedBatched<const float>, cublasGemvTensorStridedBatched<float>, float>>(T13)",2.141,2026-09-11T18:05:34.817453,"32,1,1","16,16,1",159,1088,0,1088,,,,,,,,,,,,,,,,,,,
badd_f32,1.183,2026-09-11T18:05:34.817480,"1,1,1","1024,1,1",38,0,0,0,,,,,,,,,,,,,,,,,,,
urelu_f32,1.119,2026-09-11T18:05:34.817507,"1,1,1","1024,1,1",24,0,0,0,,,,,,,,,,,,,,,,,,,
"void gemv2T_kernel_val<int, int, float, float, float, float, (int)128, (int)16, (int)4, (int)4, (bool)0, (bool)0, cublasGemvParamsEx<int, cublasGemvTensorStridedBatched<const float>, cublasGemvTensorStridedBatched<const float>, cublasGemvTensorStridedBatched<float>, float>>(T13, T6, T6)",3.836,2026-09-11T18:05:34.817535,"512,1,1","128,1,1",59,2560,2560,0,,,,,,,,,,,,,,,,,,,
badd_f32,1.215,2026-09-11T18:05:34.817562,"4,1,1","1024,1,1",38,0,0,0,,,,,,,,,,,,,,,,,,,
im2col_f32,2.27,2026-09-11T18:05:34.817590,"7,1,1","1024,1,1",36,0,0,0,,,,,,,,,,,,,,,,,,,
ampere_sgemm_32x32_sliced1x4_tn,3.421,2026-09-11T18:05:34.817629,"1,24,9","128,1,1",86,32768,32768,0,,,,,,,,,,,,,,,,,,,
"void cublasLt::splitKreduce_kernel<(int)32, (int)16, int, float, float, float, float, (bool)0, float, float, float, (bool)1, (bool)0, (bool)0>(cublasLt::cublasSplitKParams<T6>, const T4 *, const T10 *, T9 *, T5 *, const T6 *, const T6 *, const T11 *, const T4 *, T11 *, void *, long, T6 *, int *, T6 *, T6 *, const T6 *, const T6 *, const T6 *, const T6 *, const T6 *)",1.503,2026-09-11T18:05:34.817663,"1,48,1","32,16,1",44,0,0,0,,,,,,,,,,,,,,,,,,,
ucopy_f32,2.365,2026-09-11T18:05:34.817691,"6,1,1","1024,1,1",24,0,0,0,,,,,,,,,,,,,,,,,,,
badd_f32,2.685,2026-09-11T18:05:34.817719,"6,1,1","1024,1,1",38,0,0,0,,,,,,,,,,,,,,,,,,,
urelu_f32,1.214,2026-09-11T18:05:34.817822,"6,1,1","1024,1,1",24,0,0,0,,,,,,,,,,,,,,,,,,,
im2col_f32,2.334,2026-09-11T18:05:34.817865,"14,1,1","1024,1,1",36,0,0,0,,,,,,,,,,,,,,,,,,,
ampere_sgemm_32x32_sliced1x4_tn,3.356,2026-09-11T18:05:34.817897,"1,6,36","128,1,1",86,32768,32768,0,,,,,,,,,,,,,,,,,,,
"void cublasLt::splitKreduce_kernel<(int)32, (int)16, int, float, float, float, float, (bool)0, float, float, float, (bool)1, (bool)0, (bool)0>(cublasLt::cublasSplitKParams<T6>, const T4 *, const T10 *, T9 *, T5 *, const T6 *, const T6 *, const T11 *, const T4 *, T11 *, void *, long, T6 *, int *, T6 *, T6 *, const T6 *, const T6 *, const T6 *, const T6 *, const T6 *)",1.918,2026-09-11T18:05:34.818008,"1,12,1","32,16,1",44,0,0,0,,,,,,,,,,,,,,,,,,,
ucopy_f32,2.302,2026-09-11T18:05:34.818042,"3,1,1","1024,1,1",24,0,0,0,,,,,,,,,,,,,,,,,,,
badd_f32,2.654,2026-09-11T18:05:34.818060,"3,1,1","1024,1,1",38,0,0,0,,,,,,,,,,,,,,,,,,,
urelu_f32,1.15,2026-09-11T18:05:34.818074,"3,1,1","1024,1,1",24,0,0,0,,,,,,,,,,,,,,,,,,,
im2col_f32,2.301,2026-09-11T18:05:34.818087,"7,1,1","1024,1,1",36,0,0,0,,,,,,,,,,,,,,,,,,,
ampere_sgemm_32x32_sliced1x4_tn,3.261,2026-09-11T18:05:34.818104,"1,2,72","128,1,1",86,32768,32768,0,,,,,,,,,,,,,,,,,,,
"void cublasLt::splitKreduce_kernel<(int)32, (int)16, int, float, float, float, float, (bool)0, float, float, float, (bool)1, (bool)0, (bool)0>(cublasLt::cublasSplitKParams<T6>, const T4 *, const T10 *, T9 *, T5 *, const T6 *, const T6 *, const T11 *, const T4 *, T11 *, void *, long, T6 *, int *, T6 *, T6 *, const T6 *, const T6 *, const T6 *, const T6 *, const T6 *)",3.132,2026-09-11T18:05:34.818118,"1,3,1","32,16,1",44,0,0,0,,,,,,,,,,,,,,,,,,,
ucopy_f32,2.461,2026-09-11T18:05:34.818132,"2,1,1","1024,1,1",24,0,0,0,,,,,,,,,,,,,,,,,,,
badd_f32,2.653,2026-09-11T18:05:34.818145,"2,1,1","1024,1,1",38,0,0,0,,,,,,,,,,,,,,,,,,,
urelu_f32,1.151,2026-09-11T18:05:34.818158,"2,1,1","1024,1,1",24,0,0,0,,,,,,,,,,,,,,,,,,,
"std::enable_if<!T7, void>::type internal::gemvx::kernel<int, int, float, float, float, float, (bool)0, (bool)1, (bool)1, (bool)0, (int)7, (bool)0, cublasGemvParamsEx<int, cublasGemvTensorStridedBatched<const float>, cublasGemvTensorStridedBatched<const float>, cublasGemvTensorStridedBatched<float>, float>>(T13)",2.557,2026-09-11T18:05:34.818171,"32,1,1","32,4,1",159,528,0,528,,,,,,,,,,,,,,,,,,,
badd_f32,1.118,2026-09-11T18:05:34.818185,"1,1,1","1024,1,1",38,0,0,0,,,,,,,,,,,,,,,,,,,
urelu_f32,1.119,2026-09-11T18:05:34.818198,"1,1,1","1024,1,1",24,0,0,0,,,,,,,,,,,,,,,,,,,
im2col1d_f32,2.11,2026-09-11T18:05:34.818212,"1,1,1","1024,1,1",40,0,0,0,,,,,,,,,,,,,,,,,,,
ampere_sgemm_32x32_sliced1x4_tn,2.813,2026-09-11T18:05:34.818225,"1,12,6","128,1,1",86,32768,32768,0,,,,,,,,,,,,,,,,,,,
"void cublasLt::splitKreduce_kernel<(int)32, (int)16, int, float, float, float, float, (bool)0, float, float, float, (bool)1, (bool)0, (bool)0>(cublasLt::cublasSplitKParams<T6>, const T4 *, const T10 *, T9 *, T5 *, const T6 *, const T6 *, const T11 *, const T4 *, T11 *, void *, long, T6 *, int *, T6 *, T6 *, const T6 *, const T6 *, const T6 *, const T6 *, const T6 *)",1.535,2026-09-11T18:05:34.818238,"1,23,1","32,16,1",44,0,0,0,,,,,,,,,,,,,,,,,,,
ucopy_f32,2.078,2026-09-11T18:05:34.818258,"3,1,1","1024,1,1",24,0,0,0,,,,,,,,,,,,,,,,,,,
badd_f32,2.461,2026-09-11T18:05:34.818280,"3,1,1","1024,1,1",38,0,0,0,,,,,,,,,,,,,,,,,,,
urelu_f32,1.183,2026-09-11T18:05:34.818315,"3,1,1","1024,1,1",24,0,0,0,,,,,,,,,,,,,,,,,,,
im2col1d_f32,2.366,2026-09-11T18:05:34.818337,"2,1,1","1024,1,1",40,0,0,0,,,,,,,,,,,,,,,,,,,
ampere_sgemm_32x32_sliced1x4_tn,3.388,2026-09-11T18:05:34.818353,"1,6,24","128,1,1",86,32768,32768,0,,,,,,,,,,,,,,,,,,,
"void cublasLt::splitKreduce_kernel<(int)32, (int)16, int, float, float, float, float, (bool)0, float, float, float, (bool)1, (bool)0, (bool)0>(cublasLt::cublasSplitKParams<T6>, const T4 *, const T10 *, T9 *, T5 *, const T6 *, const T6 *, const T11 *, const T4 *, T11 *, void *, long, T6 *, int *, T6 *, T6 *, const T6 *, const T6 *, const T6 *, const T6 *, const T6 *)",1.63,2026-09-11T18:05:34.818368,"1,12,1","32,16,1",44,0,0,0,,,,,,,,,,,,,,,,,,,
ucopy_f32,2.141,2026-09-11T18:05:34.818381,"3,1,1","1024,1,1",24,0,0,0,,,,,,,,,,,,,,,,,,,
badd_f32,2.461,2026-09-11T18:05:34.818394,"3,1,1","1024,1,1",38,0,0,0,,,,,,,,,,,,,,,,,,,
urelu_f32,1.151,2026-09-11T18:05:34.818407,"3,1,1","1024,1,1",24,0,0,0,,,,,,,,,,,,,,,,,,,
im2col1d_f32,2.302,2026-09-11T18:05:34.818420,"2,1,1","1024,1,1",40,0,0,0,,,,,,,,,,,,,,,,,,,
ampere_sgemm_32x32_sliced1x4_tn,3.356,2026-09-11T18:05:34.818433,"1,3,48","128,1,1",86,32768,32768,0,,,,,,,,,,,,,,,,,,,
"void cublasLt::splitKreduce_kernel<(int)32, (int)16, int, float, float, float, float, (bool)0, float, float, float, (bool)1, (bool)0, (bool)0>(cublasLt::cublasSplitKParams<T6>, const T4 *, const T10 *, T9 *, T5 *, const T6 *, const T6 *, const T11 *, const T4 *, T11 *, void *, long, T6 *, int *, T6 *, T6 *, const T6 *, const T6 *, const T6 *, const T6 *, const T6 *)",2.526,2026-09-11T18:05:34.818447,"1,6,1","32,16,1",44,0,0,0,,,,,,,,,,,,,,,,,,,
ucopy_f32,2.334,2026-09-11T18:05:34.818460,"3,1,1","1024,1,1",24,0,0,0,,,,,,,,,,,,,,,,,,,
badd_f32,2.461,2026-09-11T18:05:34.818473,"3,1,1","1024,1,1",38,0,0,0,,,,,,,,,,,,,,,,,,,
urelu_f32,1.151,2026-09-11T18:05:34.818485,"3,1,1","1024,1,1",24,0,0,0,,,,,,,,,,,,,,,,,,,
"void dot_kernel<float, (int)128, (int)0, cublasDotParams<cublasGemvTensorStridedBatched<const float>, cublasGemvTensorStridedBatched<float>>>(T4)",2.685,2026-09-11T18:05:34.818500,"18,1,96","128,1,1",28,512,512,0,,,,,,,,,,,,,,,,,,,
"void reduce_1Block_kernel<float, (int)128, (int)7, cublasGemvTensorStridedBatched<float>, cublasGemvTensorStridedBatched<const float>, cublasGemvTensorStridedBatched<float>>(const T1 *, T1, T4, int, const T1 *, T1, T5, T6, cublasPointerMode_t, cublasLtEpilogue_t, cublasGemvTensorStridedBatched<const biasType<T6::value_type, T1>::type>)",1.278,2026-09-11T18:05:34.818515,"1,1,96","128,1,1",28,768,768,0,,,,,,,,,,,,,,,,,,,
badd_f32,1.118,2026-09-11T18:05:34.818528,"1,1,1","1024,1,1",38,0,0,0,,,,,,,,,,,,,,,,,,,
urelu_f32,1.118,2026-09-11T18:05:34.818541,"1,1,1","1024,1,1",24,0,0,0,,,,,,,,,,,,,,,,,,,
"std::enable_if<!T7, void>::type internal::gemvx::kernel<int, int, float, float, float, float, (bool)0, (bool)1, (bool)1, (bool)0, (int)6, (bool)0, cublasGemvParamsEx<int, cublasGemvTensorStridedBatched<const float>, cublasGemvTensorStridedBatched<const float>, cublasGemvTensorStridedBatched<float>, float>>(T13)",1.471,2026-09-11T18:05:34.818554,"2,1,1","4,16,1",166,320,0,320,,,,,,,,,,,,,,,,,,,
badd_f32,1.118,2026-09-11T18:05:34.818567,"1,1,1","1024,1,1",38,0,0,0,,,,,,,,,,,,,,,,,,,
urelu_f32,1.055,2026-09-11T18:05:34.818580,"1,1,1","1024,1,1",24,0,0,0,,,,,,,,,,,,,,,,,,,
copy2d_f32,1.119,2026-09-11T18:05:34.818593,"1,1,1","1024,1,1",16,0,0,0,,,,,,,,,,,,,,,,,,,
copy2d_f32,1.087,2026-09-11T18:05:34.818606,"1,1,1","1024,1,1",16,0,0,0,,,,,,,,,,,,,,,,,,,
copy2d_f32,1.054,2026-09-11T18:05:34.818619,"1,1,1","1024,1,1",16,0,0,0,,,,,,,,,,,,,,,,,,,
layernorm_f32,2.621,2026-09-11T18:05:34.818632,"1,1,1","32,1,1",28,256,256,0,,,,,,,,,,,,,,,,,,,
copy2d_f32,1.087,2026-09-11T18:05:34.818645,"1,1,1","1024,1,1",16,0,0,0,,,,,,,,,,,,,,,,,,,
copy2d_f32,1.055,2026-09-11T18:05:34.818658,"1,1,1","1024,1,1",16,0,0,0,,,,,,,,,,,,,,,,,,,
copy2d_f32,1.055,2026-09-11T18:05:34.818682,"1,1,1","1024,1,1",16,0,0,0,,,,,,,,,,,,,,,,,,,
"std::enable_if<!T7, void>::type internal::gemvx::kernel<int, int, float, float, float, float, (bool)0, (bool)1, (bool)1, (bool)0, (int)8, (bool)0, cublasGemvParamsEx<int, cublasGemvTensorStridedBatched<const float>, cublasGemvTensorStridedBatched<const float>, cublasGemvTensorStridedBatched<float>, float>>(T13)",1.982,2026-09-11T18:05:34.818705,"32,1,1","16,16,1",159,1088,0,1088,,,,,,,,,,,,,,,,,,,
badd_f32,1.151,2026-09-11T18:05:34.818721,"1,1,1","1024,1,1",38,0,0,0,,,,,,,,,,,,,,,,,,,
urelu_f32,1.119,2026-09-11T18:05:34.818736,"1,1,1","1024,1,1",24,0,0,0,,,,,,,,,,,,,,,,,,,
"void gemv2T_kernel_val<int, int, float, float, float, float, (int)128, (int)16, (int)2, (int)2, (bool)0, (bool)0, cublasGemvParamsEx<int, cublasGemvTensorStridedBatched<const float>, cublasGemvTensorStridedBatched<const float>, cublasGemvTensorStridedBatched<float>, float>>(T13, T6, T6)",2.429,2026-09-11T18:05:34.818749,"64,1,1","128,1,1",47,1536,1536,0,,,,,,,,,,,,,,,,,,,
badd_f32,1.151,2026-09-11T18:05:34.818763,"1,1,1","1024,1,1",38,0,0,0,,,,,,,,,,,,,,,,,,,
bmaximum_f32,1.981,2026-09-11T18:05:34.818776,"1,1,1","1024,1,1",38,0,0,0,,,,,,,,,,,,,,,,,,,
bminimum_f32,1.982,2026-09-11T18:05:34.818789,"1,1,1","1024,1,1",38,0,0,0,,,,,,,,,,,,,,,,,,,
"std::enable_if<!T7, void>::type internal::gemvx::kernel<int, int, float, float, float, float, (bool)0, (bool)1, (bool)1, (bool)0, (int)8, (bool)0, cublasGemvParamsEx<int, cublasGemvTensorStridedBatched<const float>, cublasGemvTensorStridedBatched<const float>, cublasGemvTensorStridedBatched<float>, float>>(T13)",2.014,2026-09-11T18:05:34.818802,"64,1,1","16,16,1",159,1088,0,1088,,,,,,,,,,,,,,,,,,,
badd_f32,1.183,2026-09-11T18:05:34.818815,"1,1,1","1024,1,1",38,0,0,0,,,,,,,,,,,,,,,,,,,
"std::enable_if<!T7, void>::type internal::gemvx::kernel<int, int, float, float, float, float, (bool)0, (bool)1, (bool)1, (bool)0, (int)8, (bool)0, cublasGemvParamsEx<int, cublasGemvTensorStridedBatched<const float>, cublasGemvTensorStridedBatched<const float>, cublasGemvTensorStridedBatched<float>, float>>(T13)",2.046,2026-09-11T18:05:34.818846,"32,1,1","16,16,1",159,1088,0,1088,,,,,,,,,,,,,,,,,,,
badd_f32,1.15,2026-09-11T18:05:34.818863,"1,1,1","1024,1,1",38,0,0,0,,,,,,,,,,,,,,,,,,,
urelu_f32,1.119,2026-09-11T18:05:34.818888,"1,1,1","1024,1,1",24,0,0,0,,,,,,,,,,,,,,,,,,,
"void gemv2T_kernel_val<int, int, float, float, float, float, (int)128, (int)16, (int)4, (int)4, (bool)0, (bool)0, cublasGemvParamsEx<int, cublasGemvTensorStridedBatched<const float>, cublasGemvTensorStridedBatched<const float>, cublasGemvTensorStridedBatched<float>, float>>(T13, T6, T6)",3.804,2026-09-11T18:05:34.818911,"512,1,1","128,1,1",59,2560,2560,0,,,,,,,,,,,,,,,,,,,
badd_f32,1.215,2026-09-11T18:05:34.818926,"4,1,1","1024,1,1",38,0,0,0,,,,,,,,,,,,,,,,,,,
im2col_f32,2.27,2026-09-11T18:05:34.818940,"7,1,1","1024,1,1",36,0,0,0,,,,,,,,,,,,,,,,,,,
ampere_sgemm_32x32_sliced1x4_tn,3.452,2026-09-11T18:05:34.818953,"1,24,9","128,1,1",86,32768,32768,0,,,,,,,,,,,,,,,,,,,
"void cublasLt::splitKreduce_kernel<(int)32, (int)16, int, float, float, float, float, (bool)0, float, float, float, (bool)1, (bool)0, (bool)0>(cublasLt::cublasSplitKParams<T6>, const T4 *, const T10 *, T9 *, T5 *, const T6 *, const T6 *, const T11 *, const T4 *, T11 *, void *, long, T6 *, int *, T6 *, T6 *, const T6 *, const T6 *, const T6 *, const T6 *, const T6 *)",1.534,2026-09-11T18:05:34.818967,"1,48,1","32,16,1",44,0,0,0,,,,,,,,,,,,,,,,,,,
ucopy_f32,2.397,2026-09-11T18:05:34.818980,"6,1,1","1024,1,1",24,0,0,0,,,,,,,,,,,,,,,,,,,
badd_f32,2.686,2026-09-11T18:05:34.818993,"6,1,1","1024,1,1",38,0,0,0,,,,,,,,,,,,,,,,,,,
urelu_f32,1.246,2026-09-11T18:05:34.819009,"6,1,1","1024,1,1",24,0,0,0,,,,,,,,,,,,,,,,,,,
im2col_f32,2.493,2026-09-11T18:05:34.819023,"14,1,1","1024,1,1",36,0,0,0,,,,,,,,,,,,,,,,,,,
ampere_sgemm_32x32_sliced1x4_tn,3.356,2026-09-11T18:05:34.819036,"1,6,36","128,1,1",86,32768,32768,0,,,,,,,,,,,,,,,,,,,
"void cublasLt::splitKreduce_kernel<(int)32, (int)16, int, float, float, float, float, (bool)0, float, float, float, (bool)1, (bool)0, (bool)0>(cublasLt::cublasSplitKParams<T6>, const T4 *, const T10 *, T9 *, T5 *, const T6 *, const T6 *, const T11 *, const T4 *, T11 *, void *, long, T6 *, int *, T6 *, T6 *, const T6 *, const T6 *, const T6 *, const T6 *, const T6 *)",1.949,2026-09-11T18:05:34.819049,"1,12,1","32,16,1",44,0,0,0,,,,,,,,,,,,,,,,,,,
ucopy_f32,2.301,2026-09-11T18:05:34.819062,"3,1,1","1024,1,1",24,0,0,0,,,,,,,,,,,,,,,,,,,
badd_f32,2.653,2026-09-11T18:05:34.819076,"3,1,1","1024,1,1",38,0,0,0,,,,,,,,,,,,,,,,,,,
urelu_f32,1.15,2026-09-11T18:05:34.819089,"3,1,1","1024,1,1",24,0,0,0,,,,,,,,,,,,,,,,,,,
im2col_f32,2.27,2026-09-11T18:05:34.819102,"7,1,1","1024,1,1",36,0,0,0,,,,,,,,,,,,,,,,,,,
ampere_sgemm_32x32_sliced1x4_tn,3.26,2026-09-11T18:05:34.819116,"1,2,72","128,1,1",86,32768,32768,0,,,,,,,,,,,,,,,,,,,
"void cublasLt::splitKreduce_kernel<(int)32, (int)16, int, float, float, float, float, (bool)0, float, float, float, (bool)1, (bool)0, (bool)0>(cublasLt::cublasSplitKParams<T6>, const T4 *, const T10 *, T9 *, T5 *, const T6 *, const T6 *, const T11 *, const T4 *, T11 *, void *, long, T6 *, int *, T6 *, T6 *, const T6 *, const T6 *, const T6 *, const T6 *, const T6 *)",3.165,2026-09-11T18:05:34.819128,"1,3,1","32,16,1",44,0,0,0,,,,,,,,,,,,,,,,,,,
ucopy_f32,2.461,2026-09-11T18:05:34.819141,"2,1,1","1024,1,1",24,0,0,0,,,,,,,,,,,,,,,,,,,
badd_f32,2.653,2026-09-11T18:05:34.819154,"2,1,1","1024,1,1",38,0,0,0,,,,,,,,,,,,,,,,,,,
urelu_f32,1.15,2026-09-11T18:05:34.819167,"2,1,1","1024,1,1",24,0,0,0,,,,,,,,,,,,,,,,,,,
"std::enable_if<!T7, void>::type internal::gemvx::kernel<int, int, float, float, float, float, (bool)0, (bool)1, (bool)1, (bool)0, (int)7, (bool)0, cublasGemvParamsEx<int, cublasGemvTensorStridedBatched<const float>, cublasGemvTensorStridedBatched<const float>, cublasGemvTensorStridedBatched<float>, float>>(T13)",2.75,2026-09-11T18:05:34.819180,"32,1,1","32,4,1",159,528,0,528,,,,,,,,,,,,,,,,,,,
badd_f32,1.118,2026-09-11T18:05:34.819193,"1,1,1","1024,1,1",38,0,0,0,,,,,,,,,,,,,,,,,,,
urelu_f32,1.087,2026-09-11T18:05:34.819206,"1,1,1","1024,1,1",24,0,0,0,,,,,,,,,,,,,,,,,,,
im2col1d_f32,2.078,2026-09-11T18:05:34.819219,"1,1,1","1024,1,1",40,0,0,0,,,,,,,,,,,,,,,,,,,
ampere_sgemm_32x32_sliced1x4_tn,2.781,2026-09-11T18:05:34.819232,"1,12,6","128,1,1",86,32768,32768,0,,,,,,,,,,,,,,,,,,,
"void cublasLt::splitKreduce_kernel<(int)32, (int)16, int, float, float, float, float, (bool)0, float, float, float, (bool)1, (bool)0, (bool)0>(cublasLt::cublasSplitKParams<T6>, const T4 *, const T10 *, T9 *, T5 *, const T6 *, const T6 *, const T11 *, const T4 *, T11 *, void *, long, T6 *, int *, T6 *, T6 *, const T6 *, const T6 *, const T6 *, const T6 *, const T6 *)",1.534,2026-09-11T18:05:34.819247,"1,23,1","32,16,1",44,0,0,0,,,,,,,,,,,,,,,,,,,
ucopy_f32,2.078,2026-09-11T18:05:34.819272,"3,1,1","1024,1,1",24,0,0,0,,,,,,,,,,,,,,,,,,,
badd_f32,2.429,2026-09-11T18:05:34.819295,"3,1,1","1024,1,1",38,0,0,0,,,,,,,,,,,,,,,,,,,
urelu_f32,1.151,2026-09-11T18:05:34.819320,"3,1,1","1024,1,1",24,0,0,0,,,,,,,,,,,,,,,,,,,
im2col1d_f32,2.27,2026-09-11T18:05:34.819337,"2,1,1","1024,1,1",40,0,0,0,,,,,,,,,,,,,,,,,,,
ampere_sgemm_32x32_sliced1x4_tn,3.388,2026-09-11T18:05:34.819350,"1,6,24","128,1,1",86,32768,32768,0,,,,,,,,,,,,,,,,,,,
"void cublasLt::splitKreduce_kernel<(int)32, (int)16, int, float, float, float, float, (bool)0, float, float, float, (bool)1, (bool)0, (bool)0>(cublasLt::cublasSplitKParams<T6>, const T4 *, const T10 *, T9 *, T5 *, const T6 *, const T6 *, const T11 *, const T4 *, T11 *, void *, long, T6 *, int *, T6 *, T6 *, const T6 *, const T6 *, const T6 *, const T6 *, const T6 *)",1.631,2026-09-11T18:05:34.819364,"1,12,1","32,16,1",44,0,0,0,,,,,,,,,,,,,,,,,,,
ucopy_f32,2.141,2026-09-11T18:05:34.819377,"3,1,1","1024,1,1",24,0,0,0,,,,,,,,,,,,,,,,,,,
badd_f32,2.429,2026-09-11T18:05:34.819390,"3,1,1","1024,1,1",38,0,0,0,,,,,,,,,,,,,,,,,,,
urelu_f32,1.151,2026-09-11T18:05:34.819402,"3,1,1","1024,1,1",24,0,0,0,,,,,,,,,,,,,,,,,,,
im2col1d_f32,2.302,2026-09-11T18:05:34.819415,"2,1,1","1024,1,1",40,0,0,0,,,,,,,,,,,,,,,,,,,
ampere_sgemm_32x32_sliced1x4_tn,3.357,2026-09-11T18:05:34.819428,"1,3,48","128,1,1",86,32768,32768,0,,,,,,,,,,,,,,,,,,,
"void cublasLt::splitKreduce_kernel<(int)32, (int)16, int, float, float, float, float, (bool)0, float, float, float, (bool)1, (bool)0, (bool)0>(cublasLt::cublasSplitKParams<T6>, const T4 *, const T10 *, T9 *, T5 *, const T6 *, const T6 *, const T11 *, const T4 *, T11 *, void *, long, T6 *, int *, T6 *, T6 *, const T6 *, const T6 *, const T6 *, const T6 *, const T6 *)",2.526,2026-09-11T18:05:34.819441,"1,6,1","32,16,1",44,0,0,0,,,,,,,,,,,,,,,,,,,
ucopy_f32,2.301,2026-09-11T18:05:34.819455,"3,1,1","1024,1,1",24,0,0,0,,,,,,,,,,,,,,,,,,,
badd_f32,2.429,2026-09-11T18:05:34.819470,"3,1,1","1024,1,1",38,0,0,0,,,,,,,,,,,,,,,,,,,
urelu_f32,1.151,2026-09-11T18:05:34.819482,"3,1,1","1024,1,1",24,0,0,0,,,,,,,,,,,,,,,,,,,
"void dot_kernel<float, (int)128, (int)0, cublasDotParams<cublasGemvTensorStridedBatched<const float>, cublasGemvTensorStridedBatched<float>>>(T4)",2.653,2026-09-11T18:05:34.819496,"18,1,96","128,1,1",28,512,512,0,,,,,,,,,,,,,,,,,,,
"void reduce_1Block_kernel<float, (int)128, (int)7, cublasGemvTensorStridedBatched<float>, cublasGemvTensorStridedBatched<const float>, cublasGemvTensorStridedBatched<float>>(const T1 *, T1, T4, int, const T1 *, T1, T5, T6, cublasPointerMode_t, cublasLtEpilogue_t, cublasGemvTensorStridedBatched<const biasType<T6::value_type, T1>::type>)",1.311,2026-09-11T18:05:34.819509,"1,1,96","128,1,1",28,768,768,0,,,,,,,,,,,,,,,,,,,
badd_f32,1.119,2026-09-11T18:05:34.819522,"1,1,1","1024,1,1",38,0,0,0,,,,,,,,,,,,,,,,,,,
urelu_f32,1.086,2026-09-11T18:05:34.819535,"1,1,1","1024,1,1",24,0,0,0,,,,,,,,,,,,,,,,,,,
"std::enable_if<!T7, void>::type internal::gemvx::kernel<int, int, float, float, float, float, (bool)0, (bool)1, (bool)1, (bool)0, (int)6, (bool)0, cublasGemvParamsEx<int, cublasGemvTensorStridedBatched<const float>, cublasGemvTensorStridedBatched<const float>, cublasGemvTensorStridedBatched<float>, float>>(T13)",1.63,2026-09-11T18:05:34.819548,"2,1,1","4,16,1",166,320,0,320,,,,,,,,,,,,,,,,,,,
badd_f32,1.119,2026-09-11T18:05:34.819561,"1,1,1","1024,1,1",38,0,0,0,,,,,,,,,,,,,,,,,,,
urelu_f32,1.087,2026-09-11T18:05:34.819574,"1,1,1","1024,1,1",24,0,0,0,,,,,,,,,,,,,,,,,,,
copy2d_f32,1.087,2026-09-11T18:05:34.819587,"1,1,1","1024,1,1",16,0,0,0,,,,,,,,,,,,,,,,,,,
copy2d_f32,1.055,2026-09-11T18:05:34.819600,"1,1,1","1024,1,1",16,0,0,0,,,,,,,,,,,,,,,,,,,
copy2d_f32,1.055,2026-09-11T18:05:34.819614,"1,1,1","1024,1,1",16,0,0,0,,,,,,,,,,,,,,,,,,,
layernorm_f32,2.589,2026-09-11T18:05:34.819627,"1,1,1","32,1,1",28,256,256,0,,,,,,,,,,,,,,,,,,,
copy2d_f32,1.087,2026-09-11T18:05:34.819641,"1,1,1","1024,1,1",16,0,0,0,,,,,,,,,,,,,,,,,,,
copy2d_f32,1.086,2026-09-11T18:05:34.819654,"1,1,1","1024,1,1",16,0,0,0,,,,,,,,,,,,,,,,,,,
copy2d_f32,1.087,2026-09-11T18:05:34.819666,"1,1,1","1024,1,1",16,0,0,0,,,,,,,,,,,,,,,,,,,
"std::enable_if<!T7, void>::type internal::gemvx::kernel<int, int, float, float, float, float, (bool)0, (bool)1, (bool)1, (bool)0, (int)8, (bool)0, cublasGemvParamsEx<int, cublasGemvTensorStridedBatched<const float>, cublasGemvTensorStridedBatched<const float>, cublasGemvTensorStridedBatched<float>, float>>(T13)",2.717,2026-09-11T18:05:34.819703,"32,1,1","16,16,1",159,1088,0,1088,,,,,,,,,,,,,,,,,,,
badd_f32,1.246,2026-09-11T18:05:34.819718,"1,1,1","1024,1,1",38,0,0,0,,,,,,,,,,,,,,,,,,,
urelu_f32,1.151,2026-09-11T18:05:34.819732,"1,1,1","1024,1,1",24,0,0,0,,,,,,,,,,,,,,,,,,,
"void gemv2T_kernel_val<int, int, float, float, float, float, (int)128, (int)16, (int)2, (int)2, (bool)0, (bool)0, cublasGemvParamsEx<int, cublasGemvTensorStridedBatched<const float>, cublasGemvTensorStridedBatched<const float>, cublasGemvTensorStridedBatched<float>, float>>(T13, T6, T6)",2.526,2026-09-11T18:05:34.819747,"64,1,1","128,1,1",47,1536,1536,0,,,,,,,,,,,,,,,,,,,
badd_f32,1.151,2026-09-11T18:05:34.819760,"1,1,1","1024,1,1",38,0,0,0,,,,,,,,,,,,,,,,,,,
bmaximum_f32,2.014,2026-09-11T18:05:34.819773,"1,1,1","1024,1,1",38,0,0,0,,,,,,,,,,,,,,,,,,,
bminimum_f32,2.014,2026-09-11T18:05:34.819787,"1,1,1","1024,1,1",38,0,0,0,,,,,,,,,,,,,,,,,,,
"std::enable_if<!T7, void>::type internal::gemvx::kernel<int, int, float, float, float, float, (bool)0, (bool)1, (bool)1, (bool)0, (int)8, (bool)0, cublasGemvParamsEx<int, cublasGemvTensorStridedBatched<const float>, cublasGemvTensorStridedBatched<const float>, cublasGemvTensorStridedBatched<float>, float>>(T13)",2.94,2026-09-11T18:05:34.819800,"64,1,1","16,16,1",159,1088,0,1088,,,,,,,,,,,,,,,,,,,
badd_f32,1.215,2026-09-11T18:05:34.819814,"1,1,1","1024,1,1",38,0,0,0,,,,,,,,,,,,,,,,,,,
"std::enable_if<!T7, void>::type internal::gemvx::kernel<int, int, float, float, float, float, (bool)0, (bool)1, (bool)1, (bool)0, (int)8, (bool)0, cublasGemvParamsEx<int, cublasGemvTensorStridedBatched<const float>, cublasGemvTensorStridedBatched<const float>, cublasGemvTensorStridedBatched<float>, float>>(T13)",2.334,2026-09-11T18:05:34.819827,"32,1,1","16,16,1",159,1088,0,1088,,,,,,,,,,,,,,,,,,,
badd_f32,1.15,2026-09-11T18:05:34.819848,"1,1,1","1024,1,1",38,0,0,0,,,,,,,,,,,,,,,,,,,
urelu_f32,1.118,2026-09-11T18:05:34.819863,"1,1,1","1024,1,1",24,0,0,0,,,,,,,,,,,,,,,,,,,
"void gemv2T_kernel_val<int, int, float, float, float, float, (int)128, (int)16, (int)4, (int)4, (bool)0, (bool)0, cublasGemvParamsEx<int, cublasGemvTensorStridedBatched<const float>, cublasGemvTensorStridedBatched<const float>, cublasGemvTensorStridedBatched<float>, float>>(T13, T6, T6)",3.868,2026-09-11T18:05:34.819876,"512,1,1","128,1,1",59,2560,2560,0,,,,,,,,,,,,,,,,,,,
badd_f32,1.247,2026-09-11T18:05:34.819889,"4,1,1","1024,1,1",38,0,0,0,,,,,,,,,,,,,,,,,,,
im2col_f32,2.302,2026-09-11T18:05:34.819903,"7,1,1","1024,1,1",36,0,0,0,,,,,,,,,,,,,,,,,,,
ampere_sgemm_32x32_sliced1x4_tn,3.516,2026-09-11T18:05:34.819916,"1,24,9","128,1,1",86,32768,32768,0,,,,,,,,,,,,,,,,,,,
"void cublasLt::splitKreduce_kernel<(int)32, (int)16, int, float, float, float, float, (bool)0, float, float, float, (bool)1, (bool)0, (bool)0>(cublasLt::cublasSplitKParams<T6>, const T4 *, const T10 *, T9 *, T5 *, const T6 *, const T6 *, const T11 *, const T4 *, T11 *, void *, long, T6 *, int *, T6 *, T6 *, const T6 *, const T6 *, const T6 *, const T6 *, const T6 *)",1.534,2026-09-11T18:05:34.819950,"1,48,1","32,16,1",44,0,0,0,,,,,,,,,,,,,,,,,,,
ucopy_f32,2.429,2026-09-11T18:05:34.819974,"6,1,1","1024,1,1",24,0,0,0,,,,,,,,,,,,,,,,,,,
badd_f32,2.749,2026-09-11T18:05:34.819992,"6,1,1","1024,1,1",38,0,0,0,,,,,,,,,,,,,,,,,,,
urelu_f32,1.215,2026-09-11T18:05:34.820012,"6,1,1","1024,1,1",24,0,0,0,,,,,,,,,,,,,,,,,,,
im2col_f32,2.302,2026-09-11T18:05:34.820027,"14,1,1","1024,1,1",36,0,0,0,,,,,,,,,,,,,,,,,,,
ampere_sgemm_32x32_sliced1x4_tn,3.325,2026-09-11T18:05:34.820043,"1,6,36","128,1,1",86,32768,32768,0,,,,,,,,,,,,,,,,,,,
"void cublasLt::splitKreduce_kernel<(int)32, (int)16, int, float, float, float, float, (bool)0, float, float, float, (bool)1, (bool)0, (bool)0>(cublasLt::cublasSplitKParams<T6>, const T4 *, const T10 *, T9 *, T5 *, const T6 *, const T6 *, const T11 *, const T4 *, T11 *, void *, long, T6 *, int *, T6 *, T6 *, const T6 *, const T6 *, const T6 *, const T6 *, const T6 *)",1.886,2026-09-11T18:05:34.820057,"1,12,1","32,16,1",44,0,0,0,,,,,,,,,,,,,,,,,,,
ucopy_f32,2.302,2026-09-11T18:05:34.820070,"3,1,1","1024,1,1",24,0,0,0,,,,,,,,,,,,,,,,,,,
badd_f32,2.685,2026-09-11T18:05:34.820083,"3,1,1","1024,1,1",38,0,0,0,,,,,,,,,,,,,,,,,,,
urelu_f32,1.151,2026-09-11T18:05:34.820096,"3,1,1","1024,1,1",24,0,0,0,,,,,,,,,,,,,,,,,,,
im2col_f32,2.27,2026-09-11T18:05:34.820109,"7,1,1","1024,1,1",36,0,0,0,,,,,,,,,,,,,,,,,,,
ampere_sgemm_32x32_sliced1x4_tn,3.228,2026-09-11T18:05:34.820122,"1,2,72","128,1,1",86,32768,32768,0,,,,,,,,,,,,,,,,,,,
"void cublasLt::splitKreduce_kernel<(int)32, (int)16, int, float, float, float, float, (bool)0, float, float, float, (bool)1, (bool)0, (bool)0>(cublasLt::cublasSplitKParams<T6>, const T4 *, const T10 *, T9 *, T5 *, const T6 *, const T6 *, const T11 *, const T4 *, T11 *, void *, long, T6 *, int *, T6 *, T6 *, const T6 *, const T6 *, const T6 *, const T6 *, const T6 *)",3.133,2026-09-11T18:05:34.820135,"1,3,1","32,16,1",44,0,0,0,,,,,,,,,,,,,,,,,,,
ucopy_f32,2.462,2026-09-11T18:05:34.820148,"2,1,1","1024,1,1",24,0,0,0,,,,,,,,,,,,,,,,,,,
badd_f32,2.622,2026-09-11T18:05:34.820161,"2,1,1","1024,1,1",38,0,0,0,,,,,,,,,,,,,,,,,,,
urelu_f32,1.182,2026-09-11T18:05:34.820174,"2,1,1","1024,1,1",24,0,0,0,,,,,,,,,,,,,,,,,,,
"std::enable_if<!T7, void>::type internal::gemvx::kernel<int, int, float, float, float, float, (bool)0, (bool)1, (bool)1, (bool)0, (int)7, (bool)0, cublasGemvParamsEx<int, cublasGemvTensorStridedBatched<const float>, cublasGemvTensorStridedBatched<const float>, cublasGemvTensorStridedBatched<float>, float>>(T13)",2.877,2026-09-11T18:05:34.820188,"32,1,1","32,4,1",159,528,0,528,,,,,,,,,,,,,,,,,,,
badd_f32,1.119,2026-09-11T18:05:34.820201,"1,1,1","1024,1,1",38,0,0,0,,,,,,,,,,,,,,,,,,,
urelu_f32,1.087,2026-09-11T18:05:34.820227,"1,1,1","1024,1,1",24,0,0,0,,,,,,,,,,,,,,,,,,,
im2col1d_f32,2.142,2026-09-11T18:05:34.820248,"1,1,1","1024,1,1",40,0,0,0,,,,,,,,,,,,,,,,,,,
ampere_sgemm_32x32_sliced1x4_tn,2.781,2026-09-11T18:05:34.820262,"1,12,6","128,1,1",86,32768,32768,0,,,,,,,,,,,,,,,,,,,
"void cublasLt::splitKreduce_kernel<(int)32, (int)16, int, float, float, float, float, (bool)0, float, float, float, (bool)1, (bool)0, (bool)0>(cublasLt::cublasSplitKParams<T6>, const T4 *, const T10 *, T9 *, T5 *, const T6 *, const T6 *, const T11 *, const T4 *, T11 *, void *, long, T6 *, int *, T6 *, T6 *, const T6 *, const T6 *, const T6 *, const T6 *, const T6 *)",1.535,2026-09-11T18:05:34.820276,"1,23,1","32,16,1",44,0,0,0,,,,,,,,,,,,,,,,,,,
ucopy_f32,2.078,2026-09-11T18:05:34.820289,"3,1,1","1024,1,1",24,0,0,0,,,,,,,,,,,,,,,,,,,
badd_f32,2.461,2026-09-11T18:05:34.820302,"3,1,1","1024,1,1",38,0,0,0,,,,,,,,,,,,,,,,,,,
urelu_f32,1.151,2026-09-11T18:05:34.820315,"3,1,1","1024,1,1",24,0,0,0,,,,,,,,,,,,,,,,,,,
im2col1d_f32,2.302,2026-09-11T18:05:34.820328,"2,1,1","1024,1,1",40,0,0,0,,,,,,,,,,,,,,,,,,,
ampere_sgemm_32x32_sliced1x4_tn,3.452,2026-09-11T18:05:34.820341,"1,6,24","128,1,1",86,32768,32768,0,,,,,,,,,,,,,,,,,,,
"void cublasLt::splitKreduce_kernel<(int)32, (int)16, int, float, float, float, float, (bool)0, float, float, float, (bool)1, (bool)0, (bool)0>(cublasLt::cublasSplitKParams<T6>, const T4 *, const T10 *, T9 *, T5 *, const T6 *, const T6 *, const T11 *, const T4 *, T11 *, void *, long, T6 *, int *, T6 *, T6 *, const T6 *, const T6 *, const T6 *, const T6 *, const T6 *)",1.663,2026-09-11T18:05:34.820354,"1,12,1","32,16,1",44,0,0,0,,,,,,,,,,,,,,,,,,,
ucopy_f32,2.142,2026-09-11T18:05:34.820367,"3,1,1","1024,1,1",24,0,0,0,,,,,,,,,,,,,,,,,,,
badd_f32,2.461,2026-09-11T18:05:34.820379,"3,1,1","1024,1,1",38,0,0,0,,,,,,,,,,,,,,,,,,,
urelu_f32,1.151,2026-09-11T18:05:34.820393,"3,1,1","1024,1,1",24,0,0,0,,,,,,,,,,,,,,,,,,,
im2col1d_f32,2.269,2026-09-11T18:05:34.820406,"2,1,1","1024,1,1",40,0,0,0,,,,,,,,,,,,,,,,,,,
ampere_sgemm_32x32_sliced1x4_tn,3.324,2026-09-11T18:05:34.820436,"1,3,48","128,1,1",86,32768,32768,0,,,,,,,,,,,,,,,,,,,
"void cublasLt::splitKreduce_kernel<(int)32, (int)16, int, float, float, float, float, (bool)0, float, float, float, (bool)1, (bool)0, (bool)0>(cublasLt::cublasSplitKParams<T6>, const T4 *, const T10 *, T9 *, T5 *, const T6 *, const T6 *, const T11 *, const T4 *, T11 *, void *, long, T6 *, int *, T6 *, T6 *, const T6 *, const T6 *, const T6 *, const T6 *, const T6 *)",2.526,2026-09-11T18:05:34.820453,"1,6,1","32,16,1",44,0,0,0,,,,,,,,,,,,,,,,,,,
ucopy_f32,2.301,2026-09-11T18:05:34.820467,"3,1,1","1024,1,1",24,0,0,0,,,,,,,,,,,,,,,,,,,
badd_f32,2.461,2026-09-11T18:05:34.820480,"3,1,1","1024,1,1",38,0,0,0,,,,,,,,,,,,,,,,,,,
urelu_f32,1.15,2026-09-11T18:05:34.820493,"3,1,1","1024,1,1",24,0,0,0,,,,,,,,,,,,,,,,,,,
"void dot_kernel<float, (int)128, (int)0, cublasDotParams<cublasGemvTensorStridedBatched<const float>, cublasGemvTensorStridedBatched<float>>>(T4)",2.717,2026-09-11T18:05:34.820506,"18,1,96","128,1,1",28,512,512,0,,,,,,,,,,,,,,,,,,,
"void reduce_1Block_kernel<float, (int)128, (int)7, cublasGemvTensorStridedBatched<float>, cublasGemvTensorStridedBatched<const float>, cublasGemvTensorStridedBatched<float>>(const T1 *, T1, T4, int, const T1 *, T1, T5, T6, cublasPointerMode_t, cublasLtEpilogue_t, cublasGemvTensorStridedBatched<const biasType<T6::value_type, T1>::type>)",1.343,2026-09-11T18:05:34.820528,"1,1,96","128,1,1",28,768,768,0,,,,,,,,,,,,,,,,,,,
badd_f32,1.087,2026-09-11T18:05:34.820553,"1,1,1","1024,1,1",38,0,0,0,,,,,,,,,,,,,,,,,,,
urelu_f32,1.087,2026-09-11T18:05:34.820566,"1,1,1","1024,1,1",24,0,0,0,,,,,,,,,,,,,,,,,,,
"std::enable_if<!T7, void>::type internal::gemvx::kernel<int, int, float, float, float, float, (bool)0, (bool)1, (bool)1, (bool)0, (int)6, (bool)0, cublasGemvParamsEx<int, cublasGemvTensorStridedBatched<const float>, cublasGemvTensorStridedBatched<const float>, cublasGemvTensorStridedBatched<float>, float>>(T13)",1.63,2026-09-11T18:05:34.820580,"2,1,1","4,16,1",166,320,0,320,,,,,,,,,,,,,,,,,,,
badd_f32,1.119,2026-09-11T18:05:34.820593,"1,1,1","1024,1,1",38,0,0,0,,,,,,,,,,,,,,,,,,,
urelu_f32,1.054,2026-09-11T18:05:34.820608,"1,1,1","1024,1,1",24,0,0,0,,,,,,,,,,,,,,,,,,,
copy2d_f32,1.087,2026-09-11T18:05:34.820621,"1,1,1","1024,1,1",16,0,0,0,,,,,,,,,,,,,,,,,,,
copy2d_f32,1.055,2026-09-11T18:05:34.820633,"1,1,1","1024,1,1",16,0,0,0,,,,,,,,,,,,,,,,,,,
copy2d_f32,1.087,2026-09-11T18:05:34.820648,"1,1,1","1024,1,1",16,0,0,0,,,,,,,,,,,,,,,,,,,
layernorm_f32,2.621,2026-09-11T18:05:34.820661,"1,1,1","32,1,1",28,256,256,0,,,,,,,,,,,,,,,,,,,
copy2d_f32,1.087,2026-09-11T18:05:34.820674,"1,1,1","1024,1,1",16,0,0,0,,,,,,,,,,,,,,,,,,,
copy2d_f32,1.055,2026-09-11T18:05:34.820687,"1,1,1","1024,1,1",16,0,0,0,,,,,,,,,,,,,,,,,,,
copy2d_f32,1.055,2026-09-11T18:05:34.820700,"1,1,1","1024,1,1",16,0,0,0,,,,,,,,,,,,,,,,,,,
"std::enable_if<!T7, void>::type internal::gemvx::kernel<int, int, float, float, float, float, (bool)0, (bool)1, (bool)1, (bool)0, (int)8, (bool)0, cublasGemvParamsEx<int, cublasGemvTensorStridedBatched<const float>, cublasGemvTensorStridedBatched<const float>, cublasGemvTensorStridedBatched<float>, float>>(T13)",2.014,2026-09-11T18:05:34.820713,"32,1,1","16,16,1",159,1088,0,1088,,,,,,,,,,,,,,,,,,,
badd_f32,1.151,2026-09-11T18:05:34.820726,"1,1,1","1024,1,1",38,0,0,0,,,,,,,,,,,,,,,,,,,
urelu_f32,1.119,2026-09-11T18:05:34.820739,"1,1,1","1024,1,1",24,0,0,0,,,,,,,,,,,,,,,,,,,
"void gemv2T_kernel_val<int, int, float, float, float, float, (int)128, (int)16, (int)2, (int)2, (bool)0, (bool)0, cublasGemvParamsEx<int, cublasGemvTensorStridedBatched<const float>, cublasGemvTensorStridedBatched<const float>, cublasGemvTensorStridedBatched<float>, float>>(T13, T6, T6)",2.525,2026-09-11T18:05:34.820753,"64,1,1","128,1,1",47,1536,1536,0,,,,,,,,,,,,,,,,,,,
badd_f32,1.15,2026-09-11T18:05:34.820771,"1,1,1","1024,1,1",38,0,0,0,,,,,,,,,,,,,,,,,,,
bmaximum_f32,1.982,2026-09-11T18:05:34.820796,"1,1,1","1024,1,1",38,0,0,0,,,,,,,,,,,,,,,,,,,
bminimum_f32,2.014,2026-09-11T18:05:34.820812,"1,1,1","1024,1,1",38,0,0,0,,,,,,,,,,,,,,,,,,,
"std::enable_if<!T7, void>::type internal::gemvx::kernel<int, int, float, float, float, float, (bool)0, (bool)1, (bool)1, (bool)0, (int)8, (bool)0, cublasGemvParamsEx<int, cublasGemvTensorStridedBatched<const float>, cublasGemvTensorStridedBatched<const float>, cublasGemvTensorStridedBatched<float>, float>>(T13)",1.95,2026-09-11T18:05:34.820825,"64,1,1","16,16,1",159,1088,0,1088,,,,,,,,,,,,,,,,,,,
badd_f32,1.247,2026-09-11T18:05:34.820838,"1,1,1","1024,1,1",38,0,0,0,,,,,,,,,,,,,,,,,,,
"std::enable_if<!T7, void>::type internal::gemvx::kernel<int, int, float, float, float, float, (bool)0, (bool)1, (bool)1, (bool)0, (int)8, (bool)0, cublasGemvParamsEx<int, cublasGemvTensorStridedBatched<const float>, cublasGemvTensorStridedBatched<const float>, cublasGemvTensorStridedBatched<float>, float>>(T13)",1.982,2026-09-11T18:05:34.820851,"32,1,1","16,16,1",159,1088,0,1088,,,,,,,,,,,,,,,,,,,
badd_f32,1.151,2026-09-11T18:05:34.820864,"1,1,1","1024,1,1",38,0,0,0,,,,,,,,,,,,,,,,,,,
urelu_f32,1.087,2026-09-11T18:05:34.820877,"1,1,1","1024,1,1",24,0,0,0,,,,,,,,,,,,,,,,,,,
"void gemv2T_kernel_val<int, int, float, float, float, float, (int)128, (int)16, (int)4, (int)4, (bool)0, (bool)0, cublasGemvParamsEx<int, cublasGemvTensorStridedBatched<const float>, cublasGemvTensorStridedBatched<const float>, cublasGemvTensorStridedBatched<float>, float>>(T13, T6, T6)",3.836,2026-09-11T18:05:34.820898,"512,1,1","128,1,1",59,2560,2560,0,,,,,,,,,,,,,,,,,,,
badd_f32,1.215,2026-09-11T18:05:34.820915,"4,1,1","1024,1,1",38,0,0,0,,,,,,,,,,,,,,,,,,,
im2col_f32,2.302,2026-09-11T18:05:34.820937,"7,1,1","1024,1,1",36,0,0,0,,,,,,,,,,,,,,,,,,,
ampere_sgemm_32x32_sliced1x4_tn,3.421,2026-09-11T18:05:34.820951,"1,24,9","128,1,1",86,32768,32768,0,,,,,,,,,,,,,,,,,,,
"void cublasLt::splitKreduce_kernel<(int)32, (int)16, int, float, float, float, float, (bool)0, float, float, float, (bool)1, (bool)0, (bool)0>(cublasLt::cublasSplitKParams<T6>, const T4 *, const T10 *, T9 *, T5 *, const T6 *, const T6 *, const T11 *, const T4 *, T11 *, void *, long, T6 *, int *, T6 *, T6 *, const T6 *, const T6 *, const T6 *, const T6 *, const T6 *)",1.502,2026-09-11T18:05:34.820964,"1,48,1","32,16,1",44,0,0,0,,,,,,,,,,,,,,,,,,,
ucopy_f32,2.397,2026-09-11T18:05:34.820977,"6,1,1","1024,1,1",24,0,0,0,,,,,,,,,,,,,,,,,,,
badd_f32,2.685,2026-09-11T18:05:34.820992,"6,1,1","1024,1,1",38,0,0,0,,,,,,,,,,,,,,,,,,,
urelu_f32,1.215,2026-09-11T18:05:34.821004,"6,1,1","1024,1,1",24,0,0,0,,,,,,,,,,,,,,,,,,,
im2col_f32,2.302,2026-09-11T18:05:34.821017,"14,1,1","1024,1,1",36,0,0,0,,,,,,,,,,,,,,,,,,,
ampere_sgemm_32x32_sliced1x4_tn,3.325,2026-09-11T18:05:34.821030,"1,6,36","128,1,1",86,32768,32768,0,,,,,,,,,,,,,,,,,,,
"void cublasLt::splitKreduce_kernel<(int)32, (int)16, int, float, float, float, float, (bool)0, float, float, float, (bool)1, (bool)0, (bool)0>(cublasLt::cublasSplitKParams<T6>, const T4 *, const T10 *, T9 *, T5 *, const T6 *, const T6 *, const T11 *, const T4 *, T11 *, void *, long, T6 *, int *, T6 *, T6 *, const T6 *, const T6 *, const T6 *, const T6 *, const T6 *)",1.919,2026-09-11T18:05:34.821043,"1,12,1","32,16,1",44,0,0,0,,,,,,,,,,,,,,,,,,,
ucopy_f32,2.301,2026-09-11T18:05:34.821056,"3,1,1","1024,1,1",24,0,0,0,,,,,,,,,,,,,,,,,,,
badd_f32,2.685,2026-09-11T18:05:34.821069,"3,1,1","1024,1,1",38,0,0,0,,,,,,,,,,,,,,,,,,,
urelu_f32,1.151,2026-09-11T18:05:34.821082,"3,1,1","1024,1,1",24,0,0,0,,,,,,,,,,,,,,,,,,,
im2col_f32,2.27,2026-09-11T18:05:34.821095,"7,1,1","1024,1,1",36,0,0,0,,,,,,,,,,,,,,,,,,,
ampere_sgemm_32x32_sliced1x4_tn,3.292,2026-09-11T18:05:34.821108,"1,2,72","128,1,1",86,32768,32768,0,,,,,,,,,,,,,,,,,,,
"void cublasLt::splitKreduce_kernel<(int)32, (int)16, int, float, float, float, float, (bool)0, float, float, float, (bool)1, (bool)0, (bool)0>(cublasLt::cublasSplitKParams<T6>, const T4 *, const T10 *, T9 *, T5 *, const T6 *, const T6 *, const T11 *, const T4 *, T11 *, void *, long, T6 *, int *, T6 *, T6 *, const T6 *, const T6 *, const T6 *, const T6 *, const T6 *)",3.165,2026-09-11T18:05:34.821121,"1,3,1","32,16,1",44,0,0,0,,,,,,,,,,,,,,,,,,,
ucopy_f32,2.525,2026-09-11T18:05:34.821133,"2,1,1","1024,1,1",24,0,0,0,,,,,,,,,,,,,,,,,,,
badd_f32,2.653,2026-09-11T18:05:34.821148,"2,1,1","1024,1,1",38,0,0,0,,,,,,,,,,,,,,,,,,,
urelu_f32,1.151,2026-09-11T18:05:34.821161,"2,1,1","1024,1,1",24,0,0,0,,,,,,,,,,,,,,,,,,,
"std::enable_if<!T7, void>::type internal::gemvx::kernel<int, int, float, float, float, float, (bool)0, (bool)1, (bool)1, (bool)0, (int)7, (bool)0, cublasGemvParamsEx<int, cublasGemvTensorStridedBatched<const float>, cublasGemvTensorStridedBatched<const float>, cublasGemvTensorStridedBatched<float>, float>>(T13)",2.301,2026-09-11T18:05:34.821174,"32,1,1","32,4,1",159,528,0,528,,,,,,,,,,,,,,,,,,,
badd_f32,1.119,2026-09-11T18:05:34.821187,"1,1,1","1024,1,1",38,0,0,0,,,,,,,,,,,,,,,,,,,
urelu_f32,1.087,2026-09-11T18:05:34.821200,"1,1,1","1024,1,1",24,0,0,0,,,,,,,,,,,,,,,,,,,
im2col1d_f32,2.078,2026-09-11T18:05:34.821213,"1,1,1","1024,1,1",40,0,0,0,,,,,,,,,,,,,,,,,,,
ampere_sgemm_32x32_sliced1x4_tn,2.781,2026-09-11T18:05:34.821226,"1,12,6","128,1,1",86,32768,32768,0,,,,,,,,,,,,,,,,,,,
"void cublasLt::splitKreduce_kernel<(int)32, (int)16, int, float, float, float, float, (bool)0, float, float, float, (bool)1, (bool)0, (bool)0>(cublasLt::cublasSplitKParams<T6>, const T4 *, const T10 *, T9 *, T5 *, const T6 *, const T6 *, const T11 *, const T4 *, T11 *, void *, long, T6 *, int *, T6 *, T6 *, const T6 *, const T6 *, const T6 *, const T6 *, const T6 *)",1.535,2026-09-11T18:05:34.821246,"1,23,1","32,16,1",44,0,0,0,,,,,,,,,,,,,,,,,,,
ucopy_f32,2.046,2026-09-11T18:05:34.821261,"3,1,1","1024,1,1",24,0,0,0,,,,,,,,,,,,,,,,,,,
badd_f32,2.429,2026-09-11T18:05:34.821274,"3,1,1","1024,1,1",38,0,0,0,,,,,,,,,,,,,,,,,,,
urelu_f32,1.151,2026-09-11T18:05:34.821287,"3,1,1","1024,1,1",24,0,0,0,,,,,,,,,,,,,,,,,,,
im2col1d_f32,2.27,2026-09-11T18:05:34.821300,"2,1,1","1024,1,1",40,0,0,0,,,,,,,,,,,,,,,,,,,
ampere_sgemm_32x32_sliced1x4_tn,3.42,2026-09-11T18:05:34.821313,"1,6,24","128,1,1",86,32768,32768,0,,,,,,,,,,,,,,,,,,,
"void cublasLt::splitKreduce_kernel<(int)32, (int)16, int, float, float, float, float, (bool)0, float, float, float, (bool)1, (bool)0, (bool)0>(cublasLt::cublasSplitKParams<T6>, const T4 *, const T10 *, T9 *, T5 *, const T6 *, const T6 *, const T11 *, const T4 *, T11 *, void *, long, T6 *, int *, T6 *, T6 *, const T6 *, const T6 *, const T6 *, const T6 *, const T6 *)",1.63,2026-09-11T18:05:34.821340,"1,12,1","32,16,1",44,0,0,0,,,,,,,,,,,,,,,,,,,
ucopy_f32,2.206,2026-09-11T18:05:34.821363,"3,1,1","1024,1,1",24,0,0,0,,,,,,,,,,,,,,,,,,,
badd_f32,2.462,2026-09-11T18:05:34.821377,"3,1,1","1024,1,1",38,0,0,0,,,,,,,,,,,,,,,,,,,
urelu_f32,1.151,2026-09-11T18:05:34.821390,"3,1,1","1024,1,1",24,0,0,0,,,,,,,,,,,,,,,,,,,
im2col1d_f32,2.27,2026-09-11T18:05:34.821403,"2,1,1","1024,1,1",40,0,0,0,,,,,,,,,,,,,,,,,,,
ampere_sgemm_32x32_sliced1x4_tn,3.389,2026-09-11T18:05:34.821417,"1,3,48","128,1,1",86,32768,32768,0,,,,,,,,,,,,,,,,,,,
"void cublasLt::splitKreduce_kernel<(int)32, (int)16, int, float, float, float, float, (bool)0, float, float, float, (bool)1, (bool)0, (bool)0>(cublasLt::cublasSplitKParams<T6>, const T4 *, const T10 *, T9 *, T5 *, const T6 *, const T6 *, const T11 *, const T4 *, T11 *, void *, long, T6 *, int *, T6 *, T6 *, const T6 *, const T6 *, const T6 *, const T6 *, const T6 *)",2.526,2026-09-11T18:05:34.821430,"1,6,1","32,16,1",44,0,0,0,,,,,,,,,,,,,,,,,,,
ucopy_f32,2.334,2026-09-11T18:05:34.821443,"3,1,1","1024,1,1",24,0,0,0,,,,,,,,,,,,,,,,,,,
badd_f32,2.461,2026-09-11T18:05:34.821457,"3,1,1","1024,1,1",38,0,0,0,,,,,,,,,,,,,,,,,,,
urelu_f32,1.151,2026-09-11T18:05:34.821471,"3,1,1","1024,1,1",24,0,0,0,,,,,,,,,,,,,,,,,,,
"void dot_kernel<float, (int)128, (int)0, cublasDotParams<cublasGemvTensorStridedBatched<const float>, cublasGemvTensorStridedBatched<float>>>(T4)",2.589,2026-09-11T18:05:34.821483,"18,1,96","128,1,1",28,512,512,0,,,,,,,,,,,,,,,,,,,
"void reduce_1Block_kernel<float, (int)128, (int)7, cublasGemvTensorStridedBatched<float>, cublasGemvTensorStridedBatched<const float>, cublasGemvTensorStridedBatched<float>>(const T1 *, T1, T4, int, const T1 *, T1, T5, T6, cublasPointerMode_t, cublasLtEpilogue_t, cublasGemvTensorStridedBatched<const biasType<T6::value_type, T1>::type>)",1.311,2026-09-11T18:05:34.821497,"1,1,96","128,1,1",28,768,768,0,,,,,,,,,,,,,,,,,,,
badd_f32,1.119,2026-09-11T18:05:34.821530,"1,1,1","1024,1,1",38,0,0,0,,,,,,,,,,,,,,,,,,,
urelu_f32,1.055,2026-09-11T18:05:34.821548,"1,1,1","1024,1,1",24,0,0,0,,,,,,,,,,,,,,,,,,,
"std::enable_if<!T7, void>::type internal::gemvx::kernel<int, int, float, float, float, float, (bool)0, (bool)1, (bool)1, (bool)0, (int)6, (bool)0, cublasGemvParamsEx<int, cublasGemvTensorStridedBatched<const float>, cublasGemvTensorStridedBatched<const float>, cublasGemvTensorStridedBatched<float>, float>>(T13)",1.471,2026-09-11T18:05:34.821562,"2,1,1","4,16,1",166,320,0,320,,,,,,,,,,,,,,,,,,,
badd_f32,1.119,2026-09-11T18:05:34.821575,"1,1,1","1024,1,1",38,0,0,0,,,,,,,,,,,,,,,,,,,
urelu_f32,1.087,2026-09-11T18:05:34.821588,"1,1,1","1024,1,1",24,0,0,0,,,,,,,,,,,,,,,,,,,
copy2d_f32,1.087,2026-09-11T18:05:34.821601,"1,1,1","1024,1,1",16,0,0,0,,,,,,,,,,,,,,,,,,,
copy2d_f32,1.055,2026-09-11T18:05:34.821614,"1,1,1","1024,1,1",16,0,0,0,,,,,,,,,,,,,,,,,,,
copy2d_f32,1.087,2026-09-11T18:05:34.821628,"1,1,1","1024,1,1",16,0,0,0,,,,,,,,,,,,,,,,,,,
layernorm_f32,2.622,2026-09-11T18:05:34.821641,"1,1,1","32,1,1",28,256,256,0,,,,,,,,,,,,,,,,,,,
copy2d_f32,1.086,2026-09-11T18:05:34.821654,"1,1,1","1024,1,1",16,0,0,0,,,,,,,,,,,,,,,,,,,
copy2d_f32,1.087,2026-09-11T18:05:34.821667,"1,1,1","1024,1,1",16,0,0,0,,,,,,,,,,,,,,,,,,,
copy2d_f32,1.055,2026-09-11T18:05:34.821696,"1,1,1","1024,1,1",16,0,0,0,,,,,,,,,,,,,,,,,,,
"std::enable_if<!T7, void>::type internal::gemvx::kernel<int, int, float, float, float, float, (bool)0, (bool)1, (bool)1, (bool)0, (int)8, (bool)0, cublasGemvParamsEx<int, cublasGemvTensorStridedBatched<const float>, cublasGemvTensorStridedBatched<const float>, cublasGemvTensorStridedBatched<float>, float>>(T13)",2.014,2026-09-11T18:05:34.821714,"32,1,1","16,16,1",159,1088,0,1088,,,,,,,,,,,,,,,,,,,
badd_f32,1.151,2026-09-11T18:05:34.821728,"1,1,1","1024,1,1",38,0,0,0,,,,,,,,,,,,,,,,,,,
urelu_f32,1.119,2026-09-11T18:05:34.821744,"1,1,1","1024,1,1",24,0,0,0,,,,,,,,,,,,,,,,,,,
"void gemv2T_kernel_val<int, int, float, float, float, float, (int)128, (int)16, (int)2, (int)2, (bool)0, (bool)0, cublasGemvParamsEx<int, cublasGemvTensorStridedBatched<const float>, cublasGemvTensorStridedBatched<const float>, cublasGemvTensorStridedBatched<float>, float>>(T13, T6, T6)",2.525,2026-09-11T18:05:34.821757,"64,1,1","128,1,1",47,1536,1536,0,,,,,,,,,,,,,,,,,,,
badd_f32,1.183,2026-09-11T18:05:34.821771,"1,1,1","1024,1,1",38,0,0,0,,,,,,,,,,,,,,,,,,,
bmaximum_f32,1.982,2026-09-11T18:05:34.821784,"1,1,1","1024,1,1",38,0,0,0,,,,,,,,,,,,,,,,,,,
bminimum_f32,1.982,2026-09-11T18:05:34.821797,"1,1,1","1024,1,1",38,0,0,0,,,,,,,,,,,,,,,,,,,
"std::enable_if<!T7, void>::type internal::gemvx::kernel<int, int, float, float, float, float, (bool)0, (bool)1, (bool)1, (bool)0, (int)8, (bool)0, cublasGemvParamsEx<int, cublasGemvTensorStridedBatched<const float>, cublasGemvTensorStridedBatched<const float>, cublasGemvTensorStridedBatched<float>, float>>(T13)",1.918,2026-09-11T18:05:34.821812,"64,1,1","16,16,1",159,1088,0,1088,,,,,,,,,,,,,,,,,,,
badd_f32,1.215,2026-09-11T18:05:34.821827,"1,1,1","1024,1,1",38,0,0,0,,,,,,,,,,,,,,,,,,,
"std::enable_if<!T7, void>::type internal::gemvx::kernel<int, int, float, float, float, float, (bool)0, (bool)1, (bool)1, (bool)0, (int)8, (bool)0, cublasGemvParamsEx<int, cublasGemvTensorStridedBatched<const float>, cublasGemvTensorStridedBatched<const float>, cublasGemvTensorStridedBatched<float>, float>>(T13)",2.045,2026-09-11T18:05:34.821842,"32,1,1","16,16,1",159,1088,0,1088,,,,,,,,,,,,,,,,,,,
badd_f32,1.247,2026-09-11T18:05:34.821856,"1,1,1","1024,1,1",38,0,0,0,,,,,,,,,,,,,,,,,,,
urelu_f32,1.151,2026-09-11T18:05:34.821877,"1,1,1","1024,1,1",24,0,0,0,,,,,,,,,,,,,,,,,,,
"void gemv2T_kernel_val<int, int, float, float, float, float, (int)128, (int)16, (int)4, (int)4, (bool)0, (bool)0, cublasGemvParamsEx<int, cublasGemvTensorStridedBatched<const float>, cublasGemvTensorStridedBatched<const float>, cublasGemvTensorStridedBatched<float>, float>>(T13, T6, T6)",4.028,2026-09-11T18:05:34.821893,"512,1,1","128,1,1",59,2560,2560,0,,,,,,,,,,,,,,,,,,,
badd_f32,1.247,2026-09-11T18:05:34.821907,"4,1,1","1024,1,1",38,0,0,0,,,,,,,,,,,,,,,,,,,
im2col_f32,2.302,2026-09-11T18:05:34.821922,"7,1,1","1024,1,1",36,0,0,0,,,,,,,,,,,,,,,,,,,
ampere_sgemm_32x32_sliced1x4_tn,3.516,2026-09-11T18:05:34.821935,"1,24,9","128,1,1",86,32768,32768,0,,,,,,,,,,,,,,,,,,,
"void cublasLt::splitKreduce_kernel<(int)32, (int)16, int, float, float, float, float, (bool)0, float, float, float, (bool)1, (bool)0, (bool)0>(cublasLt::cublasSplitKParams<T6>, const T4 *, const T10 *, T9 *, T5 *, const T6 *, const T6 *, const T11 *, const T4 *, T11 *, void *, long, T6 *, int *, T6 *, T6 *, const T6 *, const T6 *, const T6 *, const T6 *, const T6 *)",1.535,2026-09-11T18:05:34.821949,"1,48,1","32,16,1",44,0,0,0,,,,,,,,,,,,,,,,,,,
ucopy_f32,2.398,2026-09-11T18:05:34.821970,"6,1,1","1024,1,1",24,0,0,0,,,,,,,,,,,,,,,,,,,
badd_f32,2.749,2026-09-11T18:05:34.821984,"6,1,1","1024,1,1",38,0,0,0,,,,,,,,,,,,,,,,,,,
urelu_f32,1.215,2026-09-11T18:05:34.821997,"6,1,1","1024,1,1",24,0,0,0,,,,,,,,,,,,,,,,,,,
im2col_f32,2.365,2026-09-11T18:05:34.822010,"14,1,1","1024,1,1",36,0,0,0,,,,,,,,,,,,,,,,,,,
ampere_sgemm_32x32_sliced1x4_tn,3.325,2026-09-11T18:05:34.822023,"1,6,36","128,1,1",86,32768,32768,0,,,,,,,,,,,,,,,,,,,
"void cublasLt::splitKreduce_kernel<(int)32, (int)16, int, float, float, float, float, (bool)0, float, float, float, (bool)1, (bool)0, (bool)0>(cublasLt::cublasSplitKParams<T6>, const T4 *, const T10 *, T9 *, T5 *, const T6 *, const T6 *, const T11 *, const T4 *, T11 *, void *, long, T6 *, int *, T6 *, T6 *, const T6 *, const T6 *, const T6 *, const T6 *, const T6 *)",1.886,2026-09-11T18:05:34.822036,"1,12,1","32,16,1",44,0,0,0,,,,,,,,,,,,,,,,,,,
ucopy_f32,2.334,2026-09-11T18:05:34.822049,"3,1,1","1024,1,1",24,0,0,0,,,,,,,,,,,,,,,,,,,
badd_f32,2.717,2026-09-11T18:05:34.822061,"3,1,1","1024,1,1",38,0,0,0,,,,,,,,,,,,,,,,,,,
urelu_f32,1.15,2026-09-11T18:05:34.822074,"3,1,1","1024,1,1",24,0,0,0,,,,,,,,,,,,,,,,,,,
im2col_f32,2.301,2026-09-11T18:05:34.822086,"7,1,1","1024,1,1",36,0,0,0,,,,,,,,,,,,,,,,,,,
ampere_sgemm_32x32_sliced1x4_tn,3.26,2026-09-11T18:05:34.822108,"1,2,72","128,1,1",86,32768,32768,0,,,,,,,,,,,,,,,,,,,
"void cublasLt::splitKreduce_kernel<(int)32, (int)16, int, float, float, float, float, (bool)0, float, float, float, (bool)1, (bool)0, (bool)0>(cublasLt::cublasSplitKParams<T6>, const T4 *, const T10 *, T9 *, T5 *, const T6 *, const T6 *, const T11 *, const T4 *, T11 *, void *, long, T6 *, int *, T6 *, T6 *, const T6 *, const T6 *, const T6 *, const T6 *, const T6 *)",3.228,2026-09-11T18:05:34.822124,"1,3,1","32,16,1",44,0,0,0,,,,,,,,,,,,,,,,,,,
ucopy_f32,2.493,2026-09-11T18:05:34.822137,"2,1,1","1024,1,1",24,0,0,0,,,,,,,,,,,,,,,,,,,
badd_f32,2.686,2026-09-11T18:05:34.822150,"2,1,1","1024,1,1",38,0,0,0,,,,,,,,,,,,,,,,,,,
urelu_f32,1.151,2026-09-11T18:05:34.822162,"2,1,1","1024,1,1",24,0,0,0,,,,,,,,,,,,,,,,,,,
"std::enable_if<!T7, void>::type internal::gemvx::kernel<int, int, float, float, float, float, (bool)0, (bool)1, (bool)1, (bool)0, (int)7, (bool)0, cublasGemvParamsEx<int, cublasGemvTensorStridedBatched<const float>, cublasGemvTensorStridedBatched<const float>, cublasGemvTensorStridedBatched<float>, float>>(T13)",2.717,2026-09-11T18:05:34.822176,"32,1,1","32,4,1",159,528,0,528,,,,,,,,,,,,,,,,,,,
badd_f32,1.119,2026-09-11T18:05:34.822189,"1,1,1","1024,1,1",38,0,0,0,,,,,,,,,,,,,,,,,,,
urelu_f32,1.087,2026-09-11T18:05:34.822202,"1,1,1","1024,1,1",24,0,0,0,,,,,,,,,,,,,,,,,,,
im2col1d_f32,2.045,2026-09-11T18:05:34.822215,"1,1,1","1024,1,1",40,0,0,0,,,,,,,,,,,,,,,,,,,
ampere_sgemm_32x32_sliced1x4_tn,2.781,2026-09-11T18:05:34.822228,"1,12,6","128,1,1",86,32768,32768,0,,,,,,,,,,,,,,,,,,,
"void cublasLt::splitKreduce_kernel<(int)32, (int)16, int, float, float, float, float, (bool)0, float, float, float, (bool)1, (bool)0, (bool)0>(cublasLt::cublasSplitKParams<T6>, const T4 *, const T10 *, T9 *, T5 *, const T6 *, const T6 *, const T11 *, const T4 *, T11 *, void *, long, T6 *, int *, T6 *, T6 *, const T6 *, const T6 *, const T6 *, const T6 *, const T6 *)",1.502,2026-09-11T18:05:34.822241,"1,23,1","32,16,1",44,0,0,0,,,,,,,,,,,,,,,,,,,
ucopy_f32,2.078,2026-09-11T18:05:34.822255,"3,1,1","1024,1,1",24,0,0,0,,,,,,,,,,,,,,,,,,,
badd_f32,2.461,2026-09-11T18:05:34.822267,"3,1,1","1024,1,1",38,0,0,0,,,,,,,,,,,,,,,,,,,
urelu_f32,1.151,2026-09-11T18:05:34.822283,"3,1,1","1024,1,1",24,0,0,0,,,,,,,,,,,,,,,,,,,
im2col1d_f32,2.238,2026-09-11T18:05:34.822304,"2,1,1","1024,1,1",40,0,0,0,,,,,,,,,,,,,,,,,,,
ampere_sgemm_32x32_sliced1x4_tn,3.42,2026-09-11T18:05:34.822323,"1,6,24","128,1,1",86,32768,32768,0,,,,,,,,,,,,,,,,,,,
"void cublasLt::splitKreduce_kernel<(int)32, (int)16, int, float, float, float, float, (bool)0, float, float, float, (bool)1, (bool)0, (bool)0>(cublasLt::cublasSplitKParams<T6>, const T4 *, const T10 *, T9 *, T5 *, const T6 *, const T6 *, const T11 *, const T4 *, T11 *, void *, long, T6 *, int *, T6 *, T6 *, const T6 *, const T6 *, const T6 *, const T6 *, const T6 *)",1.63,2026-09-11T18:05:34.822341,"1,12,1","32,16,1",44,0,0,0,,,,,,,,,,,,,,,,,,,
ucopy_f32,2.174,2026-09-11T18:05:34.822361,"3,1,1","1024,1,1",24,0,0,0,,,,,,,,,,,,,,,,,,,
badd_f32,2.43,2026-09-11T18:05:34.822381,"3,1,1","1024,1,1",38,0,0,0,,,,,,,,,,,,,,,,,,,
urelu_f32,1.151,2026-09-11T18:05:34.822395,"3,1,1","1024,1,1",24,0,0,0,,,,,,,,,,,,,,,,,,,
im2col1d_f32,2.302,2026-09-11T18:05:34.822409,"2,1,1","1024,1,1",40,0,0,0,,,,,,,,,,,,,,,,,,,
ampere_sgemm_32x32_sliced1x4_tn,3.388,2026-09-11T18:05:34.822423,"1,3,48","128,1,1",86,32768,32768,0,,,,,,,,,,,,,,,,,,,
"void cublasLt::splitKreduce_kernel<(int)32, (int)16, int, float, float, float, float, (bool)0, float, float, float, (bool)1, (bool)0, (bool)0>(cublasLt::cublasSplitKParams<T6>, const T4 *, const T10 *, T9 *, T5 *, const T6 *, const T6 *, const T11 *, const T4 *, T11 *, void *, long, T6 *, int *, T6 *, T6 *, const T6 *, const T6 *, const T6 *, const T6 *, const T6 *)",2.525,2026-09-11T18:05:34.822436,"1,6,1","32,16,1",44,0,0,0,,,,,,,,,,,,,,,,,,,
ucopy_f32,2.43,2026-09-11T18:05:34.822449,"3,1,1","1024,1,1",24,0,0,0,,,,,,,,,,,,,,,,,,,
badd_f32,2.525,2026-09-11T18:05:34.822463,"3,1,1","1024,1,1",38,0,0,0,,,,,,,,,,,,,,,,,,,
urelu_f32,1.151,2026-09-11T18:05:34.822476,"3,1,1","1024,1,1",24,0,0,0,,,,,,,,,,,,,,,,,,,
"void dot_kernel<float, (int)128, (int)0, cublasDotParams<cublasGemvTensorStridedBatched<const float>, cublasGemvTensorStridedBatched<float>>>(T4)",2.653,2026-09-11T18:05:34.822490,"18,1,96","128,1,1",28,512,512,0,,,,,,,,,,,,,,,,,,,
"void reduce_1Block_kernel<float, (int)128, (int)7, cublasGemvTensorStridedBatched<float>, cublasGemvTensorStridedBatched<const float>, cublasGemvTensorStridedBatched<float>>(const T1 *, T1, T4, int, const T1 *, T1, T5, T6, cublasPointerMode_t, cublasLtEpilogue_t, cublasGemvTensorStridedBatched<const biasType<T6::value_type, T1>::type>)",1.31,2026-09-11T18:05:34.822503,"1,1,96","128,1,1",28,768,768,0,,,,,,,,,,,,,,,,,,,
badd_f32,1.119,2026-09-11T18:05:34.822517,"1,1,1","1024,1,1",38,0,0,0,,,,,,,,,,,,,,,,,,,
urelu_f32,1.119,2026-09-11T18:05:34.822530,"1,1,1","1024,1,1",24,0,0,0,,,,,,,,,,,,,,,,,,,
"std::enable_if<!T7, void>::type internal::gemvx::kernel<int, int, float, float, float, float, (bool)0, (bool)1, (bool)1, (bool)0, (int)6, (bool)0, cublasGemvParamsEx<int, cublasGemvTensorStridedBatched<const float>, cublasGemvTensorStridedBatched<const float>, cublasGemvTensorStridedBatched<float>, float>>(T13)",1.502,2026-09-11T18:05:34.822543,"2,1,1","4,16,1",166,320,0,320,,,,,,,,,,,,,,,,,,,
badd_f32,1.118,2026-09-11T18:05:34.822556,"1,1,1","1024,1,1",38,0,0,0,,,,,,,,,,,,,,,,,,,
urelu_f32,1.087,2026-09-11T18:05:34.822569,"1,1,1","1024,1,1",24,0,0,0,,,,,,,,,,,,,,,,,,,
copy2d_f32,1.086,2026-09-11T18:05:34.822582,"1,1,1","1024,1,1",16,0,0,0,,,,,,,,,,,,,,,,,,,
copy2d_f32,1.087,2026-09-11T18:05:34.822595,"1,1,1","1024,1,1",16,0,0,0,,,,,,,,,,,,,,,,,,,
copy2d_f32,1.055,2026-09-11T18:05:34.822608,"1,1,1","1024,1,1",16,0,0,0,,,,,,,,,,,,,,,,,,,
layernorm_f32,2.59,2026-09-11T18:05:34.822621,"1,1,1","32,1,1",28,256,256,0,,,,,,,,,,,,,,,,,,,
copy2d_f32,1.087,2026-09-11T18:05:34.822633,"1,1,1","1024,1,1",16,0,0,0,,,,,,,,,,,,,,,,,,,
copy2d_f32,1.055,2026-09-11T18:05:34.822647,"1,1,1","1024,1,1",16,0,0,0,,,,,,,,,,,,,,,,,,,
copy2d_f32,1.086,2026-09-11T18:05:34.822661,"1,1,1","1024,1,1",16,0,0,0,,,,,,,,,,,,,,,,,,,
"std::enable_if<!T7, void>::type internal::gemvx::kernel<int, int, float, float, float, float, (bool)0, (bool)1, (bool)1, (bool)0, (int)8, (bool)0, cublasGemvParamsEx<int, cublasGemvTensorStridedBatched<const float>, cublasGemvTensorStridedBatched<const float>, cublasGemvTensorStridedBatched<float>, float>>(T13)",2.046,2026-09-11T18:05:34.822674,"32,1,1","16,16,1",159,1088,0,1088,,,,,,,,,,,,,,,,,,,
badd_f32,1.151,2026-09-11T18:05:34.822687,"1,1,1","1024,1,1",38,0,0,0,,,,,,,,,,,,,,,,,,,
urelu_f32,1.119,2026-09-11T18:05:34.822700,"1,1,1","1024,1,1",24,0,0,0,,,,,,,,,,,,,,,,,,,
"void gemv2T_kernel_val<int, int, float, float, float, float, (int)128, (int)16, (int)2, (int)2, (bool)0, (bool)0, cublasGemvParamsEx<int, cublasGemvTensorStridedBatched<const float>, cublasGemvTensorStridedBatched<const float>, cublasGemvTensorStridedBatched<float>, float>>(T13, T6, T6)",2.525,2026-09-11T18:05:34.822714,"64,1,1","128,1,1",47,1536,1536,0,,,,,,,,,,,,,,,,,,,
badd_f32,1.15,2026-09-11T18:05:34.822734,"1,1,1","1024,1,1",38,0,0,0,,,,,,,,,,,,,,,,,,,
bmaximum_f32,1.982,2026-09-11T18:05:34.822752,"1,1,1","1024,1,1",38,0,0,0,,,,,,,,,,,,,,,,,,,
bminimum_f32,2.014,2026-09-11T18:05:34.822769,"1,1,1","1024,1,1",38,0,0,0,,,,,,,,,,,,,,,,,,,
"std::enable_if<!T7, void>::type internal::gemvx::kernel<int, int, float, float, float, float, (bool)0, (bool)1, (bool)1, (bool)0, (int)8, (bool)0, cublasGemvParamsEx<int, cublasGemvTensorStridedBatched<const float>, cublasGemvTensorStridedBatched<const float>, cublasGemvTensorStridedBatched<float>, float>>(T13)",2.654,2026-09-11T18:05:34.822782,"64,1,1","16,16,1",159,1088,0,1088,,,,,,,,,,,,,,,,,,,
badd_f32,1.215,2026-09-11T18:05:34.822795,"1,1,1","1024,1,1",38,0,0,0,,,,,,,,,,,,,,,,,,,
"std::enable_if<!T7, void>::type internal::gemvx::kernel<int, int, float, float, float, float, (bool)0, (bool)1, (bool)1, (bool)0, (int)8, (bool)0, cublasGemvParamsEx<int, cublasGemvTensorStridedBatched<const float>, cublasGemvTensorStridedBatched<const float>, cublasGemvTensorStridedBatched<float>, float>>(T13)",2.142,2026-09-11T18:05:34.822808,"32,1,1","16,16,1",159,1088,0,1088,,,,,,,,,,,,,,,,,,,
badd_f32,1.183,2026-09-11T18:05:34.822822,"1,1,1","1024,1,1",38,0,0,0,,,,,,,,,,,,,,,,,,,
urelu_f32,1.119,2026-09-11T18:05:34.822837,"1,1,1","1024,1,1",24,0,0,0,,,,,,,,,,,,,,,,,,,
"void gemv2T_kernel_val<int, int, float, float, float, float, (int)128, (int)16, (int)4, (int)4, (bool)0, (bool)0, cublasGemvParamsEx<int, cublasGemvTensorStridedBatched<const float>, cublasGemvTensorStridedBatched<const float>, cublasGemvTensorStridedBatched<float>, float>>(T13, T6, T6)",3.868,2026-09-11T18:05:34.822850,"512,1,1","128,1,1",59,2560,2560,0,,,,,,,,,,,,,,,,,,,
badd_f32,1.183,2026-09-11T18:05:34.822864,"4,1,1","1024,1,1",38,0,0,0,,,,,,,,,,,,,,,,,,,
im2col_f32,2.269,2026-09-11T18:05:34.822877,"7,1,1","1024,1,1",36,0,0,0,,,,,,,,,,,,,,,,,,,
ampere_sgemm_32x32_sliced1x4_tn,3.42,2026-09-11T18:05:34.822890,"1,24,9","128,1,1",86,32768,32768,0,,,,,,,,,,,,,,,,,,,
"void cublasLt::splitKreduce_kernel<(int)32, (int)16, int, float, float, float, float, (bool)0, float, float, float, (bool)1, (bool)0, (bool)0>(cublasLt::cublasSplitKParams<T6>, const T4 *, const T10 *, T9 *, T5 *, const T6 *, const T6 *, const T11 *, const T4 *, T11 *, void *, long, T6 *, int *, T6 *, T6 *, const T6 *, const T6 *, const T6 *, const T6 *, const T6 *)",1.503,2026-09-11T18:05:34.822903,"1,48,1","32,16,1",44,0,0,0,,,,,,,,,,,,,,,,,,,
ucopy_f32,2.365,2026-09-11T18:05:34.822916,"6,1,1","1024,1,1",24,0,0,0,,,,,,,,,,,,,,,,,,,
badd_f32,2.717,2026-09-11T18:05:34.822929,"6,1,1","1024,1,1",38,0,0,0,,,,,,,,,,,,,,,,,,,
urelu_f32,1.215,2026-09-11T18:05:34.822942,"6,1,1","1024,1,1",24,0,0,0,,,,,,,,,,,,,,,,,,,
im2col_f32,2.334,2026-09-11T18:05:34.822956,"14,1,1","1024,1,1",36,0,0,0,,,,,,,,,,,,,,,,,,,
ampere_sgemm_32x32_sliced1x4_tn,3.324,2026-09-11T18:05:34.822969,"1,6,36","128,1,1",86,32768,32768,0,,,,,,,,,,,,,,,,,,,
"void cublasLt::splitKreduce_kernel<(int)32, (int)16, int, float, float, float, float, (bool)0, float, float, float, (bool)1, (bool)0, (bool)0>(cublasLt::cublasSplitKParams<T6>, const T4 *, const T10 *, T9 *, T5 *, const T6 *, const T6 *, const T11 *, const T4 *, T11 *, void *, long, T6 *, int *, T6 *, T6 *, const T6 *, const T6 *, const T6 *, const T6 *, const T6 *)",1.886,2026-09-11T18:05:34.822982,"1,12,1","32,16,1",44,0,0,0,,,,,,,,,,,,,,,,,,,
ucopy_f32,2.366,2026-09-11T18:05:34.822995,"3,1,1","1024,1,1",24,0,0,0,,,,,,,,,,,,,,,,,,,
badd_f32,2.717,2026-09-11T18:05:34.823010,"3,1,1","1024,1,1",38,0,0,0,,,,,,,,,,,,,,,,,,,
urelu_f32,1.151,2026-09-11T18:05:34.823023,"3,1,1","1024,1,1",24,0,0,0,,,,,,,,,,,,,,,,,,,
im2col_f32,2.301,2026-09-11T18:05:34.823043,"7,1,1","1024,1,1",36,0,0,0,,,,,,,,,,,,,,,,,,,
ampere_sgemm_32x32_sliced1x4_tn,3.261,2026-09-11T18:05:34.823060,"1,2,72","128,1,1",86,32768,32768,0,,,,,,,,,,,,,,,,,,,
"void cublasLt::splitKreduce_kernel<(int)32, (int)16, int, float, float, float, float, (bool)0, float, float, float, (bool)1, (bool)0, (bool)0>(cublasLt::cublasSplitKParams<T6>, const T4 *, const T10 *, T9 *, T5 *, const T6 *, const T6 *, const T11 *, const T4 *, T11 *, void *, long, T6 *, int *, T6 *, T6 *, const T6 *, const T6 *, const T6 *, const T6 *, const T6 *)",3.133,2026-09-11T18:05:34.823082,"1,3,1","32,16,1",44,0,0,0,,,,,,,,,,,,,,,,,,,
ucopy_f32,2.494,2026-09-11T18:05:34.823096,"2,1,1","1024,1,1",24,0,0,0,,,,,,,,,,,,,,,,,,,
badd_f32,2.653,2026-09-11T18:05:34.823118,"2,1,1","1024,1,1",38,0,0,0,,,,,,,,,,,,,,,,,,,
urelu_f32,1.183,2026-09-11T18:05:34.823132,"2,1,1","1024,1,1",24,0,0,0,,,,,,,,,,,,,,,,,,,
"std::enable_if<!T7, void>::type internal::gemvx::kernel<int, int, float, float, float, float, (bool)0, (bool)1, (bool)1, (bool)0, (int)7, (bool)0, cublasGemvParamsEx<int, cublasGemvTensorStridedBatched<const float>, cublasGemvTensorStridedBatched<const float>, cublasGemvTensorStridedBatched<float>, float>>(T13)",2.589,2026-09-11T18:05:34.823146,"32,1,1","32,4,1",159,528,0,528,,,,,,,,,,,,,,,,,,,
badd_f32,1.119,2026-09-11T18:05:34.823172,"1,1,1","1024,1,1",38,0,0,0,,,,,,,,,,,,,,,,,,,
urelu_f32,1.087,2026-09-11T18:05:34.823189,"1,1,1","1024,1,1",24,0,0,0,,,,,,,,,,,,,,,,,,,
im2col1d_f32,2.078,2026-09-11T18:05:34.823202,"1,1,1","1024,1,1",40,0,0,0,,,,,,,,,,,,,,,,,,,
ampere_sgemm_32x32_sliced1x4_tn,2.781,2026-09-11T18:05:34.823215,"1,12,6","128,1,1",86,32768,32768,0,,,,,,,,,,,,,,,,,,,
"void cublasLt::splitKreduce_kernel<(int)32, (int)16, int, float, float, float, float, (bool)0, float, float, float, (bool)1, (bool)0, (bool)0>(cublasLt::cublasSplitKParams<T6>, const T4 *, const T10 *, T9 *, T5 *, const T6 *, const T6 *, const T11 *, const T4 *, T11 *, void *, long, T6 *, int *, T6 *, T6 *, const T6 *, const T6 *, const T6 *, const T6 *, const T6 *)",1.534,2026-09-11T18:05:34.823231,"1,23,1","32,16,1",44,0,0,0,,,,,,,,,,,,,,,,,,,
ucopy_f32,2.142,2026-09-11T18:05:34.823247,"3,1,1","1024,1,1",24,0,0,0,,,,,,,,,,,,,,,,,,,
badd_f32,2.461,2026-09-11T18:05:34.823260,"3,1,1","1024,1,1",38,0,0,0,,,,,,,,,,,,,,,,,,,
urelu_f32,1.151,2026-09-11T18:05:34.823274,"3,1,1","1024,1,1",24,0,0,0,,,,,,,,,,,,,,,,,,,
im2col1d_f32,2.238,2026-09-11T18:05:34.823287,"2,1,1","1024,1,1",40,0,0,0,,,,,,,,,,,,,,,,,,,
ampere_sgemm_32x32_sliced1x4_tn,3.42,2026-09-11T18:05:34.823300,"1,6,24","128,1,1",86,32768,32768,0,,,,,,,,,,,,,,,,,,,
"void cublasLt::splitKreduce_kernel<(int)32, (int)16, int, float, float, float, float, (bool)0, float, float, float, (bool)1, (bool)0, (bool)0>(cublasLt::cublasSplitKParams<T6>, const T4 *, const T10 *, T9 *, T5 *, const T6 *, const T6 *, const T11 *, const T4 *, T11 *, void *, long, T6 *, int *, T6 *, T6 *, const T6 *, const T6 *, const T6 *, const T6 *, const T6 *)",1.63,2026-09-11T18:05:34.823314,"1,12,1","32,16,1",44,0,0,0,,,,,,,,,,,,,,,,,,,
ucopy_f32,2.142,2026-09-11T18:05:34.823328,"3,1,1","1024,1,1",24,0,0,0,,,,,,,,,,,,,,,,,,,
badd_f32,2.398,2026-09-11T18:05:34.823341,"3,1,1","1024,1,1",38,0,0,0,,,,,,,,,,,,,,,,,,,
urelu_f32,1.151,2026-09-11T18:05:34.823354,"3,1,1","1024,1,1",24,0,0,0,,,,,,,,,,,,,,,,,,,
im2col1d_f32,2.302,2026-09-11T18:05:34.823367,"2,1,1","1024,1,1",40,0,0,0,,,,,,,,,,,,,,,,,,,
ampere_sgemm_32x32_sliced1x4_tn,3.356,2026-09-11T18:05:34.823381,"1,3,48","128,1,1",86,32768,32768,0,,,,,,,,,,,,,,,,,,,
"void cublasLt::splitKreduce_kernel<(int)32, (int)16, int, float, float, float, float, (bool)0, float, float, float, (bool)1, (bool)0, (bool)0>(cublasLt::cublasSplitKParams<T6>, const T4 *, const T10 *, T9 *, T5 *, const T6 *, const T6 *, const T11 *, const T4 *, T11 *, void *, long, T6 *, int *, T6 *, T6 *, const T6 *, const T6 *, const T6 *, const T6 *, const T6 *)",2.525,2026-09-11T18:05:34.823395,"1,6,1","32,16,1",44,0,0,0,,,,,,,,,,,,,,,,,,,
ucopy_f32,2.302,2026-09-11T18:05:34.823408,"3,1,1","1024,1,1",24,0,0,0,,,,,,,,,,,,,,,,,,,
badd_f32,2.429,2026-09-11T18:05:34.823422,"3,1,1","1024,1,1",38,0,0,0,,,,,,,,,,,,,,,,,,,
urelu_f32,1.119,2026-09-11T18:05:34.823435,"3,1,1","1024,1,1",24,0,0,0,,,,,,,,,,,,,,,,,,,
"void dot_kernel<float, (int)128, (int)0, cublasDotParams<cublasGemvTensorStridedBatched<const float>, cublasGemvTensorStridedBatched<float>>>(T4)",2.621,2026-09-11T18:05:34.823449,"18,1,96","128,1,1",28,512,512,0,,,,,,,,,,,,,,,,,,,
"void reduce_1Block_kernel<float, (int)128, (int)7, cublasGemvTensorStridedBatched<float>, cublasGemvTensorStridedBatched<const float>, cublasGemvTensorStridedBatched<float>>(const T1 *, T1, T4, int, const T1 *, T1, T5, T6, cublasPointerMode_t, cublasLtEpilogue_t, cublasGemvTensorStridedBatched<const biasType<T6::value_type, T1>::type>)",1.311,2026-09-11T18:05:34.823462,"1,1,96","128,1,1",28,768,768,0,,,,,,,,,,,,,,,,,,,
badd_f32,1.119,2026-09-11T18:05:34.823475,"1,1,1","1024,1,1",38,0,0,0,,,,,,,,,,,,,,,,,,,
urelu_f32,1.087,2026-09-11T18:05:34.823489,"1,1,1","1024,1,1",24,0,0,0,,,,,,,,,,,,,,,,,,,
"std::enable_if<!T7, void>::type internal::gemvx::kernel<int, int, float, float, float, float, (bool)0, (bool)1, (bool)1, (bool)0, (int)6, (bool)0, cublasGemvParamsEx<int, cublasGemvTensorStridedBatched<const float>, cublasGemvTensorStridedBatched<const float>, cublasGemvTensorStridedBatched<float>, float>>(T13)",1.47,2026-09-11T18:05:34.823503,"2,1,1","4,16,1",166,320,0,320,,,,,,,,,,,,,,,,,,,
badd_f32,1.118,2026-09-11T18:05:34.823516,"1,1,1","1024,1,1",38,0,0,0,,,,,,,,,,,,,,,,,,,
urelu_f32,1.055,2026-09-11T18:05:34.823529,"1,1,1","1024,1,1",24,0,0,0,,,,,,,,,,,,,,,,,,,
copy2d_f32,1.119,2026-09-11T18:05:34.823542,"1,1,1","1024,1,1",16,0,0,0,,,,,,,,,,,,,,,,,,,
copy2d_f32,1.054,2026-09-11T18:05:34.823556,"1,1,1","1024,1,1",16,0,0,0,,,,,,,,,,,,,,,,,,,
copy2d_f32,1.055,2026-09-11T18:05:34.823570,"1,1,1","1024,1,1",16,0,0,0,,,,,,,,,,,,,,,,,,,
layernorm_f32,2.621,2026-09-11T18:05:34.823584,"1,1,1","32,1,1",28,256,256,0,,,,,,,,,,,,,,,,,,,
copy2d_f32,1.087,2026-09-11T18:05:34.823597,"1,1,1","1024,1,1",16,0,0,0,,,,,,,,,,,,,,,,,,,
copy2d_f32,1.054,2026-09-11T18:05:34.823611,"1,1,1","1024,1,1",16,0,0,0,,,,,,,,,,,,,,,,,,,
copy2d_f32,1.055,2026-09-11T18:05:34.823624,"1,1,1","1024,1,1",16,0,0,0,,,,,,,,,,,,,,,,,,,
"std::enable_if<!T7, void>::type internal::gemvx::kernel<int, int, float, float, float, float, (bool)0, (bool)1, (bool)1, (bool)0, (int)8, (bool)0, cublasGemvParamsEx<int, cublasGemvTensorStridedBatched<const float>, cublasGemvTensorStridedBatched<const float>, cublasGemvTensorStridedBatched<float>, float>>(T13)",2.046,2026-09-11T18:05:34.823638,"32,1,1","16,16,1",159,1088,0,1088,,,,,,,,,,,,,,,,,,,
badd_f32,1.183,2026-09-11T18:05:34.823651,"1,1,1","1024,1,1",38,0,0,0,,,,,,,,,,,,,,,,,,,
urelu_f32,1.119,2026-09-11T18:05:34.823665,"1,1,1","1024,1,1",24,0,0,0,,,,,,,,,,,,,,,,,,,
"void gemv2T_kernel_val<int, int, float, float, float, float, (int)128, (int)16, (int)2, (int)2, (bool)0, (bool)0, cublasGemvParamsEx<int, cublasGemvTensorStridedBatched<const float>, cublasGemvTensorStridedBatched<const float>, cublasGemvTensorStridedBatched<float>, float>>(T13, T6, T6)",2.525,2026-09-11T18:05:34.823698,"64,1,1","128,1,1",47,1536,1536,0,,,,,,,,,,,,,,,,,,,
badd_f32,1.151,2026-09-11T18:05:34.823716,"1,1,1","1024,1,1",38,0,0,0,,,,,,,,,,,,,,,,,,,
bmaximum_f32,2.014,2026-09-11T18:05:34.823730,"1,1,1","1024,1,1",38,0,0,0,,,,,,,,,,,,,,,,,,,
bminimum_f32,2.014,2026-09-11T18:05:34.823743,"1,1,1","1024,1,1",38,0,0,0,,,,,,,,,,,,,,,,,,,
"std::enable_if<!T7, void>::type internal::gemvx::kernel<int, int, float, float, float, float, (bool)0, (bool)1, (bool)1, (bool)0, (int)8, (bool)0, cublasGemvParamsEx<int, cublasGemvTensorStridedBatched<const float>, cublasGemvTensorStridedBatched<const float>, cublasGemvTensorStridedBatched<float>, float>>(T13)",1.95,2026-09-11T18:05:34.823757,"64,1,1","16,16,1",159,1088,0,1088,,,,,,,,,,,,,,,,,,,
badd_f32,1.215,2026-09-11T18:05:34.823773,"1,1,1","1024,1,1",38,0,0,0,,,,,,,,,,,,,,,,,,,
"std::enable_if<!T7, void>::type internal::gemvx::kernel<int, int, float, float, float, float, (bool)0, (bool)1, (bool)1, (bool)0, (int)8, (bool)0, cublasGemvParamsEx<int, cublasGemvTensorStridedBatched<const float>, cublasGemvTensorStridedBatched<const float>, cublasGemvTensorStridedBatched<float>, float>>(T13)",2.077,2026-09-11T18:05:34.823787,"32,1,1","16,16,1",159,1088,0,1088,,,,,,,,,,,,,,,,,,,
badd_f32,1.15,2026-09-11T18:05:34.823801,"1,1,1","1024,1,1",38,0,0,0,,,,,,,,,,,,,,,,,,,
urelu_f32,1.119,2026-09-11T18:05:34.823815,"1,1,1","1024,1,1",24,0,0,0,,,,,,,,,,,,,,,,,,,
"void gemv2T_kernel_val<int, int, float, float, float, float, (int)128, (int)16, (int)4, (int)4, (bool)0, (bool)0, cublasGemvParamsEx<int, cublasGemvTensorStridedBatched<const float>, cublasGemvTensorStridedBatched<const float>, cublasGemvTensorStridedBatched<float>, float>>(T13, T6, T6)",3.836,2026-09-11T18:05:34.823829,"512,1,1","128,1,1",59,2560,2560,0,,,,,,,,,,,,,,,,,,,
badd_f32,1.247,2026-09-11T18:05:34.823852,"4,1,1","1024,1,1",38,0,0,0,,,,,,,,,,,,,,,,,,,
im2col_f32,2.302,2026-09-11T18:05:34.823871,"7,1,1","1024,1,1",36,0,0,0,,,,,,,,,,,,,,,,,,,
ampere_sgemm_32x32_sliced1x4_tn,3.388,2026-09-11T18:05:34.823885,"1,24,9","128,1,1",86,32768,32768,0,,,,,,,,,,,,,,,,,,,
"void cublasLt::splitKreduce_kernel<(int)32, (int)16, int, float, float, float, float, (bool)0, float, float, float, (bool)1, (bool)0, (bool)0>(cublasLt::cublasSplitKParams<T6>, const T4 *, const T10 *, T9 *, T5 *, const T6 *, const T6 *, const T11 *, const T4 *, T11 *, void *, long, T6 *, int *, T6 *, T6 *, const T6 *, const T6 *, const T6 *, const T6 *, const T6 *)",1.502,2026-09-11T18:05:34.823898,"1,48,1","32,16,1",44,0,0,0,,,,,,,,,,,,,,,,,,,
ucopy_f32,2.397,2026-09-11T18:05:34.823915,"6,1,1","1024,1,1",24,0,0,0,,,,,,,,,,,,,,,,,,,
badd_f32,2.717,2026-09-11T18:05:34.823928,"6,1,1","1024,1,1",38,0,0,0,,,,,,,,,,,,,,,,,,,
urelu_f32,1.214,2026-09-11T18:05:34.823942,"6,1,1","1024,1,1",24,0,0,0,,,,,,,,,,,,,,,,,,,
im2col_f32,2.333,2026-09-11T18:05:34.823955,"14,1,1","1024,1,1",36,0,0,0,,,,,,,,,,,,,,,,,,,
ampere_sgemm_32x32_sliced1x4_tn,3.356,2026-09-11T18:05:34.823970,"1,6,36","128,1,1",86,32768,32768,0,,,,,,,,,,,,,,,,,,,
"void cublasLt::splitKreduce_kernel<(int)32, (int)16, int, float, float, float, float, (bool)0, float, float, float, (bool)1, (bool)0, (bool)0>(cublasLt::cublasSplitKParams<T6>, const T4 *, const T10 *, T9 *, T5 *, const T6 *, const T6 *, const T11 *, const T4 *, T11 *, void *, long, T6 *, int *, T6 *, T6 *, const T6 *, const T6 *, const T6 *, const T6 *, const T6 *)",1.885,2026-09-11T18:05:34.823984,"1,12,1","32,16,1",44,0,0,0,,,,,,,,,,,,,,,,,,,
ucopy_f32,2.333,2026-09-11T18:05:34.823997,"3,1,1","1024,1,1",24,0,0,0,,,,,,,,,,,,,,,,,,,
badd_f32,2.685,2026-09-11T18:05:34.824010,"3,1,1","1024,1,1",38,0,0,0,,,,,,,,,,,,,,,,,,,
urelu_f32,1.15,2026-09-11T18:05:34.824023,"3,1,1","1024,1,1",24,0,0,0,,,,,,,,,,,,,,,,,,,
im2col_f32,2.334,2026-09-11T18:05:34.824036,"7,1,1","1024,1,1",36,0,0,0,,,,,,,,,,,,,,,,,,,
ampere_sgemm_32x32_sliced1x4_tn,3.261,2026-09-11T18:05:34.824050,"1,2,72","128,1,1",86,32768,32768,0,,,,,,,,,,,,,,,,,,,
"void cublasLt::splitKreduce_kernel<(int)32, (int)16, int, float, float, float, float, (bool)0, float, float, float, (bool)1, (bool)0, (bool)0>(cublasLt::cublasSplitKParams<T6>, const T4 *, const T10 *, T9 *, T5 *, const T6 *, const T6 *, const T11 *, const T4 *, T11 *, void *, long, T6 *, int *, T6 *, T6 *, const T6 *, const T6 *, const T6 *, const T6 *, const T6 *)",3.197,2026-09-11T18:05:34.824063,"1,3,1","32,16,1",44,0,0,0,,,,,,,,,,,,,,,,,,,
ucopy_f32,2.462,2026-09-11T18:05:34.824076,"2,1,1","1024,1,1",24,0,0,0,,,,,,,,,,,,,,,,,,,
badd_f32,2.653,2026-09-11T18:05:34.824089,"2,1,1","1024,1,1",38,0,0,0,,,,,,,,,,,,,,,,,,,
urelu_f32,1.151,2026-09-11T18:05:34.824102,"2,1,1","1024,1,1",24,0,0,0,,,,,,,,,,,,,,,,,,,
"std::enable_if<!T7, void>::type internal::gemvx::kernel<int, int, float, float, float, float, (bool)0, (bool)1, (bool)1, (bool)0, (int)7, (bool)0, cublasGemvParamsEx<int, cublasGemvTensorStridedBatched<const float>, cublasGemvTensorStridedBatched<const float>, cublasGemvTensorStridedBatched<float>, float>>(T13)",2.525,2026-09-11T18:05:34.824115,"32,1,1","32,4,1",159,528,0,528,,,,,,,,,,,,,,,,,,,
badd_f32,1.119,2026-09-11T18:05:34.824139,"1,1,1","1024,1,1",38,0,0,0,,,,,,,,,,,,,,,,,,,
urelu_f32,1.087,2026-09-11T18:05:34.824156,"1,1,1","1024,1,1",24,0,0,0,,,,,,,,,,,,,,,,,,,
im2col1d_f32,2.046,2026-09-11T18:05:34.824171,"1,1,1","1024,1,1",40,0,0,0,,,,,,,,,,,,,,,,,,,
ampere_sgemm_32x32_sliced1x4_tn,2.781,2026-09-11T18:05:34.824185,"1,12,6","128,1,1",86,32768,32768,0,,,,,,,,,,,,,,,,,,,
"void cublasLt::splitKreduce_kernel<(int)32, (int)16, int, float, float, float, float, (bool)0, float, float, float, (bool)1, (bool)0, (bool)0>(cublasLt::cublasSplitKParams<T6>, const T4 *, const T10 *, T9 *, T5 *, const T6 *, const T6 *, const T11 *, const T4 *, T11 *, void *, long, T6 *, int *, T6 *, T6 *, const T6 *, const T6 *, const T6 *, const T6 *, const T6 *)",1.502,2026-09-11T18:05:34.824198,"1,23,1","32,16,1",44,0,0,0,,,,,,,,,,,,,,,,,,,
ucopy_f32,2.078,2026-09-11T18:05:34.824212,"3,1,1","1024,1,1",24,0,0,0,,,,,,,,,,,,,,,,,,,
badd_f32,2.462,2026-09-11T18:05:34.824225,"3,1,1","1024,1,1",38,0,0,0,,,,,,,,,,,,,,,,,,,
urelu_f32,1.182,2026-09-11T18:05:34.824238,"3,1,1","1024,1,1",24,0,0,0,,,,,,,,,,,,,,,,,,,
im2col1d_f32,2.301,2026-09-11T18:05:34.824251,"2,1,1","1024,1,1",40,0,0,0,,,,,,,,,,,,,,,,,,,
ampere_sgemm_32x32_sliced1x4_tn,3.42,2026-09-11T18:05:34.824266,"1,6,24","128,1,1",86,32768,32768,0,,,,,,,,,,,,,,,,,,,
"void cublasLt::splitKreduce_kernel<(int)32, (int)16, int, float, float, float, float, (bool)0, float, float, float, (bool)1, (bool)0, (bool)0>(cublasLt::cublasSplitKParams<T6>, const T4 *, const T10 *, T9 *, T5 *, const T6 *, const T6 *, const T11 *, const T4 *, T11 *, void *, long, T6 *, int *, T6 *, T6 *, const T6 *, const T6 *, const T6 *, const T6 *, const T6 *)",1.63,2026-09-11T18:05:34.824279,"1,12,1","32,16,1",44,0,0,0,,,,,,,,,,,,,,,,,,,
ucopy_f32,2.109,2026-09-11T18:05:34.824292,"3,1,1","1024,1,1",24,0,0,0,,,,,,,,,,,,,,,,,,,
badd_f32,2.398,2026-09-11T18:05:34.824305,"3,1,1","1024,1,1",38,0,0,0,,,,,,,,,,,,,,,,,,,
urelu_f32,1.151,2026-09-11T18:05:34.824319,"3,1,1","1024,1,1",24,0,0,0,,,,,,,,,,,,,,,,,,,
im2col1d_f32,2.238,2026-09-11T18:05:34.824333,"2,1,1","1024,1,1",40,0,0,0,,,,,,,,,,,,,,,,,,,
ampere_sgemm_32x32_sliced1x4_tn,3.357,2026-09-11T18:05:34.824346,"1,3,48","128,1,1",86,32768,32768,0,,,,,,,,,,,,,,,,,,,
"void cublasLt::splitKreduce_kernel<(int)32, (int)16, int, float, float, float, float, (bool)0, float, float, float, (bool)1, (bool)0, (bool)0>(cublasLt::cublasSplitKParams<T6>, const T4 *, const T10 *, T9 *, T5 *, const T6 *, const T6 *, const T11 *, const T4 *, T11 *, void *, long, T6 *, int *, T6 *, T6 *, const T6 *, const T6 *, const T6 *, const T6 *, const T6 *)",2.525,2026-09-11T18:05:34.824359,"1,6,1","32,16,1",44,0,0,0,,,,,,,,,,,,,,,,,,,
ucopy_f32,2.302,2026-09-11T18:05:34.824372,"3,1,1","1024,1,1",24,0,0,0,,,,,,,,,,,,,,,,,,,
badd_f32,2.429,2026-09-11T18:05:34.824384,"3,1,1","1024,1,1",38,0,0,0,,,,,,,,,,,,,,,,,,,
urelu_f32,1.151,2026-09-11T18:05:34.824397,"3,1,1","1024,1,1",24,0,0,0,,,,,,,,,,,,,,,,,,,
"void dot_kernel<float, (int)128, (int)0, cublasDotParams<cublasGemvTensorStridedBatched<const float>, cublasGemvTensorStridedBatched<float>>>(T4)",2.717,2026-09-11T18:05:34.824411,"18,1,96","128,1,1",28,512,512,0,,,,,,,,,,,,,,,,,,,
"void reduce_1Block_kernel<float, (int)128, (int)7, cublasGemvTensorStridedBatched<float>, cublasGemvTensorStridedBatched<const float>, cublasGemvTensorStridedBatched<float>>(const T1 *, T1, T4, int, const T1 *, T1, T5, T6, cublasPointerMode_t, cublasLtEpilogue_t, cublasGemvTensorStridedBatched<const biasType<T6::value_type, T1>::type>)",1.31,2026-09-11T18:05:34.824424,"1,1,96","128,1,1",28,768,768,0,,,,,,,,,,,,,,,,,,,
badd_f32,1.119,2026-09-11T18:05:34.824437,"1,1,1","1024,1,1",38,0,0,0,,,,,,,,,,,,,,,,,,,
urelu_f32,1.087,2026-09-11T18:05:34.824451,"1,1,1","1024,1,1",24,0,0,0,,,,,,,,,,,,,,,,,,,
"std::enable_if<!T7, void>::type internal::gemvx::kernel<int, int, float, float, float, float, (bool)0, (bool)1, (bool)1, (bool)0, (int)6, (bool)0, cublasGemvParamsEx<int, cublasGemvTensorStridedBatched<const float>, cublasGemvTensorStridedBatched<const float>, cublasGemvTensorStridedBatched<float>, float>>(T13)",1.502,2026-09-11T18:05:34.824464,"2,1,1","4,16,1",166,320,0,320,,,,,,,,,,,,,,,,,,,
badd_f32,1.119,2026-09-11T18:05:34.824484,"1,1,1","1024,1,1",38,0,0,0,,,,,,,,,,,,,,,,,,,
urelu_f32,1.055,2026-09-11T18:05:34.824509,"1,1,1","1024,1,1",24,0,0,0,,,,,,,,,,,,,,,,,,,
copy2d_f32,1.086,2026-09-11T18:05:34.824523,"1,1,1","1024,1,1",16,0,0,0,,,,,,,,,,,,,,,,,,,
copy2d_f32,1.119,2026-09-11T18:05:34.824536,"1,1,1","1024,1,1",16,0,0,0,,,,,,,,,,,,,,,,,,,
copy2d_f32,1.055,2026-09-11T18:05:34.824549,"1,1,1","1024,1,1",16,0,0,0,,,,,,,,,,,,,,,,,,,
layernorm_f32,2.621,2026-09-11T18:05:34.824562,"1,1,1","32,1,1",28,256,256,0,,,,,,,,,,,,,,,,,,,
copy2d_f32,1.119,2026-09-11T18:05:34.824575,"1,1,1","1024,1,1",16,0,0,0,,,,,,,,,,,,,,,,,,,
copy2d_f32,1.054,2026-09-11T18:05:34.824587,"1,1,1","1024,1,1",16,0,0,0,,,,,,,,,,,,,,,,,,,
copy2d_f32,1.054,2026-09-11T18:05:34.824600,"1,1,1","1024,1,1",16,0,0,0,,,,,,,,,,,,,,,,,,,
"std::enable_if<!T7, void>::type internal::gemvx::kernel<int, int, float, float, float, float, (bool)0, (bool)1, (bool)1, (bool)0, (int)8, (bool)0, cublasGemvParamsEx<int, cublasGemvTensorStridedBatched<const float>, cublasGemvTensorStridedBatched<const float>, cublasGemvTensorStridedBatched<float>, float>>(T13)",2.27,2026-09-11T18:05:34.824615,"32,1,1","16,16,1",159,1088,0,1088,,,,,,,,,,,,,,,,,,,
badd_f32,1.247,2026-09-11T18:05:34.824628,"1,1,1","1024,1,1",38,0,0,0,,,,,,,,,,,,,,,,,,,
urelu_f32,1.151,2026-09-11T18:05:34.824642,"1,1,1","1024,1,1",24,0,0,0,,,,,,,,,,,,,,,,,,,
"void gemv2T_kernel_val<int, int, float, float, float, float, (int)128, (int)16, (int)2, (int)2, (bool)0, (bool)0, cublasGemvParamsEx<int, cublasGemvTensorStridedBatched<const float>, cublasGemvTensorStridedBatched<const float>, cublasGemvTensorStridedBatched<float>, float>>(T13, T6, T6)",2.525,2026-09-11T18:05:34.824654,"64,1,1","128,1,1",47,1536,1536,0,,,,,,,,,,,,,,,,,,,
badd_f32,1.183,2026-09-11T18:05:34.824668,"1,1,1","1024,1,1",38,0,0,0,,,,,,,,,,,,,,,,,,,
bmaximum_f32,2.014,2026-09-11T18:05:34.824682,"1,1,1","1024,1,1",38,0,0,0,,,,,,,,,,,,,,,,,,,
bminimum_f32,2.014,2026-09-11T18:05:34.824695,"1,1,1","1024,1,1",38,0,0,0,,,,,,,,,,,,,,,,,,,
"std::enable_if<!T7, void>::type internal::gemvx::kernel<int, int, float, float, float, float, (bool)0, (bool)1, (bool)1, (bool)0, (int)8, (bool)0, cublasGemvParamsEx<int, cublasGemvTensorStridedBatched<const float>, cublasGemvTensorStridedBatched<const float>, cublasGemvTensorStridedBatched<float>, float>>(T13)",2.877,2026-09-11T18:05:34.824708,"64,1,1","16,16,1",159,1088,0,1088,,,,,,,,,,,,,,,,,,,
badd_f32,1.214,2026-09-11T18:05:34.824721,"1,1,1","1024,1,1",38,0,0,0,,,,,,,,,,,,,,,,,,,
"std::enable_if<!T7, void>::type internal::gemvx::kernel<int, int, float, float, float, float, (bool)0, (bool)1, (bool)1, (bool)0, (int)8, (bool)0, cublasGemvParamsEx<int, cublasGemvTensorStridedBatched<const float>, cublasGemvTensorStridedBatched<const float>, cublasGemvTensorStridedBatched<float>, float>>(T13)",2.109,2026-09-11T18:05:34.824734,"32,1,1","16,16,1",159,1088,0,1088,,,,,,,,,,,,,,,,,,,
badd_f32,1.183,2026-09-11T18:05:34.824747,"1,1,1","1024,1,1",38,0,0,0,,,,,,,,,,,,,,,,,,,
urelu_f32,1.119,2026-09-11T18:05:34.824760,"1,1,1","1024,1,1",24,0,0,0,,,,,,,,,,,,,,,,,,,
"void gemv2T_kernel_val<int, int, float, float, float, float, (int)128, (int)16, (int)4, (int)4, (bool)0, (bool)0, cublasGemvParamsEx<int, cublasGemvTensorStridedBatched<const float>, cublasGemvTensorStridedBatched<const float>, cublasGemvTensorStridedBatched<float>, float>>(T13, T6, T6)",3.836,2026-09-11T18:05:34.824783,"512,1,1","128,1,1",59,2560,2560,0,,,,,,,,,,,,,,,,,,,
badd_f32,1.247,2026-09-11T18:05:34.824808,"4,1,1","1024,1,1",38,0,0,0,,,,,,,,,,,,,,,,,,,
im2col_f32,2.334,2026-09-11T18:05:34.824823,"7,1,1","1024,1,1",36,0,0,0,,,,,,,,,,,,,,,,,,,
ampere_sgemm_32x32_sliced1x4_tn,3.452,2026-09-11T18:05:34.824837,"1,24,9","128,1,1",86,32768,32768,0,,,,,,,,,,,,,,,,,,,
"void cublasLt::splitKreduce_kernel<(int)32, (int)16, int, float, float, float, float, (bool)0, float, float, float, (bool)1, (bool)0, (bool)0>(cublasLt::cublasSplitKParams<T6>, const T4 *, const T10 *, T9 *, T5 *, const T6 *, const T6 *, const T11 *, const T4 *, T11 *, void *, long, T6 *, int *, T6 *, T6 *, const T6 *, const T6 *, const T6 *, const T6 *, const T6 *)",1.534,2026-09-11T18:05:34.824852,"1,48,1","32,16,1",44,0,0,0,,,,,,,,,,,,,,,,,,,
ucopy_f32,2.398,2026-09-11T18:05:34.824869,"6,1,1","1024,1,1",24,0,0,0,,,,,,,,,,,,,,,,,,,
badd_f32,2.749,2026-09-11T18:05:34.824883,"6,1,1","1024,1,1",38,0,0,0,,,,,,,,,,,,,,,,,,,
urelu_f32,1.214,2026-09-11T18:05:34.824897,"6,1,1","1024,1,1",24,0,0,0,,,,,,,,,,,,,,,,,,,
im2col_f32,2.365,2026-09-11T18:05:34.824910,"14,1,1","1024,1,1",36,0,0,0,,,,,,,,,,,,,,,,,,,
ampere_sgemm_32x32_sliced1x4_tn,3.357,2026-09-11T18:05:34.824923,"1,6,36","128,1,1",86,32768,32768,0,,,,,,,,,,,,,,,,,,,
"void cublasLt::splitKreduce_kernel<(int)32, (int)16, int, float, float, float, float, (bool)0, float, float, float, (bool)1, (bool)0, (bool)0>(cublasLt::cublasSplitKParams<T6>, const T4 *, const T10 *, T9 *, T5 *, const T6 *, const T6 *, const T11 *, const T4 *, T11 *, void *, long, T6 *, int *, T6 *, T6 *, const T6 *, const T6 *, const T6 *, const T6 *, const T6 *)",1.917,2026-09-11T18:05:34.824946,"1,12,1","32,16,1",44,0,0,0,,,,,,,,,,,,,,,,,,,
ucopy_f32,2.333,2026-09-11T18:05:34.824961,"3,1,1","1024,1,1",24,0,0,0,,,,,,,,,,,,,,,,,,,
badd_f32,2.685,2026-09-11T18:05:34.824973,"3,1,1","1024,1,1",38,0,0,0,,,,,,,,,,,,,,,,,,,
urelu_f32,1.151,2026-09-11T18:05:34.824988,"3,1,1","1024,1,1",24,0,0,0,,,,,,,,,,,,,,,,,,,
im2col_f32,2.302,2026-09-11T18:05:34.825001,"7,1,1","1024,1,1",36,0,0,0,,,,,,,,,,,,,,,,,,,
ampere_sgemm_32x32_sliced1x4_tn,3.293,2026-09-11T18:05:34.825015,"1,2,72","128,1,1",86,32768,32768,0,,,,,,,,,,,,,,,,,,,
"void cublasLt::splitKreduce_kernel<(int)32, (int)16, int, float, float, float, float, (bool)0, float, float, float, (bool)1, (bool)0, (bool)0>(cublasLt::cublasSplitKParams<T6>, const T4 *, const T10 *, T9 *, T5 *, const T6 *, const T6 *, const T11 *, const T4 *, T11 *, void *, long, T6 *, int *, T6 *, T6 *, const T6 *, const T6 *, const T6 *, const T6 *, const T6 *)",3.133,2026-09-11T18:05:34.825028,"1,3,1","32,16,1",44,0,0,0,,,,,,,,,,,,,,,,,,,
ucopy_f32,2.493,2026-09-11T18:05:34.825041,"2,1,1","1024,1,1",24,0,0,0,,,,,,,,,,,,,,,,,,,
badd_f32,2.653,2026-09-11T18:05:34.825055,"2,1,1","1024,1,1",38,0,0,0,,,,,,,,,,,,,,,,,,,
urelu_f32,1.151,2026-09-11T18:05:34.825070,"2,1,1","1024,1,1",24,0,0,0,,,,,,,,,,,,,,,,,,,
"std::enable_if<!T7, void>::type internal::gemvx::kernel<int, int, float, float, float, float, (bool)0, (bool)1, (bool)1, (bool)0, (int)7, (bool)0, cublasGemvParamsEx<int, cublasGemvTensorStridedBatched<const float>, cublasGemvTensorStridedBatched<const float>, cublasGemvTensorStridedBatched<float>, float>>(T13)",2.653,2026-09-11T18:05:34.825083,"32,1,1","32,4,1",159,528,0,528,,,,,,,,,,,,,,,,,,,
badd_f32,1.087,2026-09-11T18:05:34.825096,"1,1,1","1024,1,1",38,0,0,0,,,,,,,,,,,,,,,,,,,
urelu_f32,1.087,2026-09-11T18:05:34.825109,"1,1,1","1024,1,1",24,0,0,0,,,,,,,,,,,,,,,,,,,
im2col1d_f32,2.046,2026-09-11T18:05:34.825122,"1,1,1","1024,1,1",40,0,0,0,,,,,,,,,,,,,,,,,,,
ampere_sgemm_32x32_sliced1x4_tn,2.813,2026-09-11T18:05:34.825136,"1,12,6","128,1,1",86,32768,32768,0,,,,,,,,,,,,,,,,,,,
"void cublasLt::splitKreduce_kernel<(int)32, (int)16, int, float, float, float, float, (bool)0, float, float, float, (bool)1, (bool)0, (bool)0>(cublasLt::cublasSplitKParams<T6>, const T4 *, const T10 *, T9 *, T5 *, const T6 *, const T6 *, const T11 *, const T4 *, T11 *, void *, long, T6 *, int *, T6 *, T6 *, const T6 *, const T6 *, const T6 *, const T6 *, const T6 *)",1.535,2026-09-11T18:05:34.825149,"1,23,1","32,16,1",44,0,0,0,,,,,,,,,,,,,,,,,,,
ucopy_f32,2.078,2026-09-11T18:05:34.825291,"3,1,1","1024,1,1",24,0,0,0,,,,,,,,,,,,,,,,,,,
badd_f32,2.462,2026-09-11T18:05:34.825305,"3,1,1","1024,1,1",38,0,0,0,,,,,,,,,,,,,,,,,,,
urelu_f32,1.151,2026-09-11T18:05:34.825318,"3,1,1","1024,1,1",24,0,0,0,,,,,,,,,,,,,,,,,,,
im2col1d_f32,2.238,2026-09-11T18:05:34.825331,"2,1,1","1024,1,1",40,0,0,0,,,,,,,,,,,,,,,,,,,
ampere_sgemm_32x32_sliced1x4_tn,3.42,2026-09-11T18:05:34.825344,"1,6,24","128,1,1",86,32768,32768,0,,,,,,,,,,,,,,,,,,,
"void cublasLt::splitKreduce_kernel<(int)32, (int)16, int, float, float, float, float, (bool)0, float, float, float, (bool)1, (bool)0, (bool)0>(cublasLt::cublasSplitKParams<T6>, const T4 *, const T10 *, T9 *, T5 *, const T6 *, const T6 *, const T11 *, const T4 *, T11 *, void *, long, T6 *, int *, T6 *, T6 *, const T6 *, const T6 *, const T6 *, const T6 *, const T6 *)",1.63,2026-09-11T18:05:34.825359,"1,12,1","32,16,1",44,0,0,0,,,,,,,,,,,,,,,,,,,
ucopy_f32,2.142,2026-09-11T18:05:34.825373,"3,1,1","1024,1,1",24,0,0,0,,,,,,,,,,,,,,,,,,,
badd_f32,2.461,2026-09-11T18:05:34.825385,"3,1,1","1024,1,1",38,0,0,0,,,,,,,,,,,,,,,,,,,
urelu_f32,1.183,2026-09-11T18:05:34.825398,"3,1,1","1024,1,1",24,0,0,0,,,,,,,,,,,,,,,,,,,
im2col1d_f32,2.334,2026-09-11T18:05:34.825411,"2,1,1","1024,1,1",40,0,0,0,,,,,,,,,,,,,,,,,,,
ampere_sgemm_32x32_sliced1x4_tn,3.356,2026-09-11T18:05:34.825424,"1,3,48","128,1,1",86,32768,32768,0,,,,,,,,,,,,,,,,,,,
"void cublasLt::splitKreduce_kernel<(int)32, (int)16, int, float, float, float, float, (bool)0, float, float, float, (bool)1, (bool)0, (bool)0>(cublasLt::cublasSplitKParams<T6>, const T4 *, const T10 *, T9 *, T5 *, const T6 *, const T6 *, const T11 *, const T4 *, T11 *, void *, long, T6 *, int *, T6 *, T6 *, const T6 *, const T6 *, const T6 *, const T6 *, const T6 *)",2.493,2026-09-11T18:05:34.825437,"1,6,1","32,16,1",44,0,0,0,,,,,,,,,,,,,,,,,,,
ucopy_f32,2.302,2026-09-11T18:05:34.825450,"3,1,1","1024,1,1",24,0,0,0,,,,,,,,,,,,,,,,,,,
badd_f32,2.429,2026-09-11T18:05:34.825463,"3,1,1","1024,1,1",38,0,0,0,,,,,,,,,,,,,,,,,,,
urelu_f32,1.151,2026-09-11T18:05:34.825476,"3,1,1","1024,1,1",24,0,0,0,,,,,,,,,,,,,,,,,,,
"void dot_kernel<float, (int)128, (int)0, cublasDotParams<cublasGemvTensorStridedBatched<const float>, cublasGemvTensorStridedBatched<float>>>(T4)",2.621,2026-09-11T18:05:34.825489,"18,1,96","128,1,1",28,512,512,0,,,,,,,,,,,,,,,,,,,
"void reduce_1Block_kernel<float, (int)128, (int)7, cublasGemvTensorStridedBatched<float>, cublasGemvTensorStridedBatched<const float>, cublasGemvTensorStridedBatched<float>>(const T1 *, T1, T4, int, const T1 *, T1, T5, T6, cublasPointerMode_t, cublasLtEpilogue_t, cublasGemvTensorStridedBatched<const biasType<T6::value_type, T1>::type>)",1.343,2026-09-11T18:05:34.825502,"1,1,96","128,1,1",28,768,768,0,,,,,,,,,,,,,,,,,,,
badd_f32,1.119,2026-09-11T18:05:34.825515,"1,1,1","1024,1,1",38,0,0,0,,,,,,,,,,,,,,,,,,,
urelu_f32,1.087,2026-09-11T18:05:34.825529,"1,1,1","1024,1,1",24,0,0,0,,,,,,,,,,,,,,,,,,,
"std::enable_if<!T7, void>::type internal::gemvx::kernel<int, int, float, float, float, float, (bool)0, (bool)1, (bool)1, (bool)0, (int)6, (bool)0, cublasGemvParamsEx<int, cublasGemvTensorStridedBatched<const float>, cublasGemvTensorStridedBatched<const float>, cublasGemvTensorStridedBatched<float>, float>>(T13)",1.662,2026-09-11T18:05:34.825542,"2,1,1","4,16,1",166,320,0,320,,,,,,,,,,,,,,,,,,,
badd_f32,1.118,2026-09-11T18:05:34.825555,"1,1,1","1024,1,1",38,0,0,0,,,,,,,,,,,,,,,,,,,
urelu_f32,1.087,2026-09-11T18:05:34.825568,"1,1,1","1024,1,1",24,0,0,0,,,,,,,,,,,,,,,,,,,
copy2d_f32,1.087,2026-09-11T18:05:34.825582,"1,1,1","1024,1,1",16,0,0,0,,,,,,,,,,,,,,,,,,,
copy2d_f32,1.055,2026-09-11T18:05:34.825595,"1,1,1","1024,1,1",16,0,0,0,,,,,,,,,,,,,,,,,,,
copy2d_f32,1.087,2026-09-11T18:05:34.825608,"1,1,1","1024,1,1",16,0,0,0,,,,,,,,,,,,,,,,,,,
layernorm_f32,2.621,2026-09-11T18:05:34.825623,"1,1,1","32,1,1",28,256,256,0,,,,,,,,,,,,,,,,,,,
copy2d_f32,1.087,2026-09-11T18:05:34.825636,"1,1,1","1024,1,1",16,0,0,0,,,,,,,,,,,,,,,,,,,
copy2d_f32,1.055,2026-09-11T18:05:34.825657,"1,1,1","1024,1,1",16,0,0,0,,,,,,,,,,,,,,,,,,,
copy2d_f32,1.055,2026-09-11T18:05:34.825695,"1,1,1","1024,1,1",16,0,0,0,,,,,,,,,,,,,,,,,,,
"std::enable_if<!T7, void>::type internal::gemvx::kernel<int, int, float, float, float, float, (bool)0, (bool)1, (bool)1, (bool)0, (int)8, (bool)0, cublasGemvParamsEx<int, cublasGemvTensorStridedBatched<const float>, cublasGemvTensorStridedBatched<const float>, cublasGemvTensorStridedBatched<float>, float>>(T13)",2.014,2026-09-11T18:05:34.825718,"32,1,1","16,16,1",159,1088,0,1088,,,,,,,,,,,,,,,,,,,
badd_f32,1.183,2026-09-11T18:05:34.825737,"1,1,1","1024,1,1",38,0,0,0,,,,,,,,,,,,,,,,,,,
urelu_f32,1.119,2026-09-11T18:05:34.825751,"1,1,1","1024,1,1",24,0,0,0,,,,,,,,,,,,,,,,,,,
"void gemv2T_kernel_val<int, int, float, float, float, float, (int)128, (int)16, (int)2, (int)2, (bool)0, (bool)0, cublasGemvParamsEx<int, cublasGemvTensorStridedBatched<const float>, cublasGemvTensorStridedBatched<const float>, cublasGemvTensorStridedBatched<float>, float>>(T13, T6, T6)",2.525,2026-09-11T18:05:34.825764,"64,1,1","128,1,1",47,1536,1536,0,,,,,,,,,,,,,,,,,,,
badd_f32,1.183,2026-09-11T18:05:34.825777,"1,1,1","1024,1,1",38,0,0,0,,,,,,,,,,,,,,,,,,,
bmaximum_f32,1.982,2026-09-11T18:05:34.825791,"1,1,1","1024,1,1",38,0,0,0,,,,,,,,,,,,,,,,,,,
bminimum_f32,1.982,2026-09-11T18:05:34.825804,"1,1,1","1024,1,1",38,0,0,0,,,,,,,,,,,,,,,,,,,
"std::enable_if<!T7, void>::type internal::gemvx::kernel<int, int, float, float, float, float, (bool)0, (bool)1, (bool)1, (bool)0, (int)8, (bool)0, cublasGemvParamsEx<int, cublasGemvTensorStridedBatched<const float>, cublasGemvTensorStridedBatched<const float>, cublasGemvTensorStridedBatched<float>, float>>(T13)",1.854,2026-09-11T18:05:34.825817,"64,1,1","16,16,1",159,1088,0,1088,,,,,,,,,,,,,,,,,,,
badd_f32,1.183,2026-09-11T18:05:34.825831,"1,1,1","1024,1,1",38,0,0,0,,,,,,,,,,,,,,,,,,,
"std::enable_if<!T7, void>::type internal::gemvx::kernel<int, int, float, float, float, float, (bool)0, (bool)1, (bool)1, (bool)0, (int)8, (bool)0, cublasGemvParamsEx<int, cublasGemvTensorStridedBatched<const float>, cublasGemvTensorStridedBatched<const float>, cublasGemvTensorStridedBatched<float>, float>>(T13)",2.046,2026-09-11T18:05:34.825844,"32,1,1","16,16,1",159,1088,0,1088,,,,,,,,,,,,,,,,,,,
badd_f32,1.151,2026-09-11T18:05:34.825857,"1,1,1","1024,1,1",38,0,0,0,,,,,,,,,,,,,,,,,,,
urelu_f32,1.119,2026-09-11T18:05:34.825870,"1,1,1","1024,1,1",24,0,0,0,,,,,,,,,,,,,,,,,,,
"void gemv2T_kernel_val<int, int, float, float, float, float, (int)128, (int)16, (int)4, (int)4, (bool)0, (bool)0, cublasGemvParamsEx<int, cublasGemvTensorStridedBatched<const float>, cublasGemvTensorStridedBatched<const float>, cublasGemvTensorStridedBatched<float>, float>>(T13, T6, T6)",3.868,2026-09-11T18:05:34.825884,"512,1,1","128,1,1",59,2560,2560,0,,,,,,,,,,,,,,,,,,,
badd_f32,1.215,2026-09-11T18:05:34.825898,"4,1,1","1024,1,1",38,0,0,0,,,,,,,,,,,,,,,,,,,
im2col_f32,2.334,2026-09-11T18:05:34.825913,"7,1,1","1024,1,1",36,0,0,0,,,,,,,,,,,,,,,,,,,
ampere_sgemm_32x32_sliced1x4_tn,3.42,2026-09-11T18:05:34.825926,"1,24,9","128,1,1",86,32768,32768,0,,,,,,,,,,,,,,,,,,,
"void cublasLt::splitKreduce_kernel<(int)32, (int)16, int, float, float, float, float, (bool)0, float, float, float, (bool)1, (bool)0, (bool)0>(cublasLt::cublasSplitKParams<T6>, const T4 *, const T10 *, T9 *, T5 *, const T6 *, const T6 *, const T11 *, const T4 *, T11 *, void *, long, T6 *, int *, T6 *, T6 *, const T6 *, const T6 *, const T6 *, const T6 *, const T6 *)",1.503,2026-09-11T18:05:34.825939,"1,48,1","32,16,1",44,0,0,0,,,,,,,,,,,,,,,,,,,
ucopy_f32,2.429,2026-09-11T18:05:34.825954,"6,1,1","1024,1,1",24,0,0,0,,,,,,,,,,,,,,,,,,,
badd_f32,2.717,2026-09-11T18:05:34.825967,"6,1,1","1024,1,1",38,0,0,0,,,,,,,,,,,,,,,,,,,
urelu_f32,1.215,2026-09-11T18:05:34.825980,"6,1,1","1024,1,1",24,0,0,0,,,,,,,,,,,,,,,,,,,
im2col_f32,2.493,2026-09-11T18:05:34.825994,"14,1,1","1024,1,1",36,0,0,0,,,,,,,,,,,,,,,,,,,
ampere_sgemm_32x32_sliced1x4_tn,3.388,2026-09-11T18:05:34.826007,"1,6,36","128,1,1",86,32768,32768,0,,,,,,,,,,,,,,,,,,,
"void cublasLt::splitKreduce_kernel<(int)32, (int)16, int, float, float, float, float, (bool)0, float, float, float, (bool)1, (bool)0, (bool)0>(cublasLt::cublasSplitKParams<T6>, const T4 *, const T10 *, T9 *, T5 *, const T6 *, const T6 *, const T11 *, const T4 *, T11 *, void *, long, T6 *, int *, T6 *, T6 *, const T6 *, const T6 *, const T6 *, const T6 *, const T6 *)",1.918,2026-09-11T18:05:34.826020,"1,12,1","32,16,1",44,0,0,0,,,,,,,,,,,,,,,,,,,
ucopy_f32,2.333,2026-09-11T18:05:34.826033,"3,1,1","1024,1,1",24,0,0,0,,,,,,,,,,,,,,,,,,,
badd_f32,2.686,2026-09-11T18:05:34.826046,"3,1,1","1024,1,1",38,0,0,0,,,,,,,,,,,,,,,,,,,
urelu_f32,1.214,2026-09-11T18:05:34.826059,"3,1,1","1024,1,1",24,0,0,0,,,,,,,,,,,,,,,,,,,
im2col_f32,2.461,2026-09-11T18:05:34.826073,"7,1,1","1024,1,1",36,0,0,0,,,,,,,,,,,,,,,,,,,
ampere_sgemm_32x32_sliced1x4_tn,3.324,2026-09-11T18:05:34.826087,"1,2,72","128,1,1",86,32768,32768,0,,,,,,,,,,,,,,,,,,,
"void cublasLt::splitKreduce_kernel<(int)32, (int)16, int, float, float, float, float, (bool)0, float, float, float, (bool)1, (bool)0, (bool)0>(cublasLt::cublasSplitKParams<T6>, const T4 *, const T10 *, T9 *, T5 *, const T6 *, const T6 *, const T11 *, const T4 *, T11 *, void *, long, T6 *, int *, T6 *, T6 *, const T6 *, const T6 *, const T6 *, const T6 *, const T6 *)",3.228,2026-09-11T18:05:34.826102,"1,3,1","32,16,1",44,0,0,0,,,,,,,,,,,,,,,,,,,
ucopy_f32,2.462,2026-09-11T18:05:34.826116,"2,1,1","1024,1,1",24,0,0,0,,,,,,,,,,,,,,,,,,,
badd_f32,2.685,2026-09-11T18:05:34.826129,"2,1,1","1024,1,1",38,0,0,0,,,,,,,,,,,,,,,,,,,
urelu_f32,1.151,2026-09-11T18:05:34.826150,"2,1,1","1024,1,1",24,0,0,0,,,,,,,,,,,,,,,,,,,
"std::enable_if<!T7, void>::type internal::gemvx::kernel<int, int, float, float, float, float, (bool)0, (bool)1, (bool)1, (bool)0, (int)7, (bool)0, cublasGemvParamsEx<int, cublasGemvTensorStridedBatched<const float>, cublasGemvTensorStridedBatched<const float>, cublasGemvTensorStridedBatched<float>, float>>(T13)",3.036,2026-09-11T18:05:34.826174,"32,1,1","32,4,1",159,528,0,528,,,,,,,,,,,,,,,,,,,
badd_f32,1.119,2026-09-11T18:05:34.826188,"1,1,1","1024,1,1",38,0,0,0,,,,,,,,,,,,,,,,,,,
urelu_f32,1.087,2026-09-11T18:05:34.826201,"1,1,1","1024,1,1",24,0,0,0,,,,,,,,,,,,,,,,,,,
im2col1d_f32,2.078,2026-09-11T18:05:34.826214,"1,1,1","1024,1,1",40,0,0,0,,,,,,,,,,,,,,,,,,,
ampere_sgemm_32x32_sliced1x4_tn,2.781,2026-09-11T18:05:34.826227,"1,12,6","128,1,1",86,32768,32768,0,,,,,,,,,,,,,,,,,,,
"void cublasLt::splitKreduce_kernel<(int)32, (int)16, int, float, float, float, float, (bool)0, float, float, float, (bool)1, (bool)0, (bool)0>(cublasLt::cublasSplitKParams<T6>, const T4 *, const T10 *, T9 *, T5 *, const T6 *, const T6 *, const T11 *, const T4 *, T11 *, void *, long, T6 *, int *, T6 *, T6 *, const T6 *, const T6 *, const T6 *, const T6 *, const T6 *)",1.566,2026-09-11T18:05:34.826240,"1,23,1","32,16,1",44,0,0,0,,,,,,,,,,,,,,,,,,,
ucopy_f32,2.078,2026-09-11T18:05:34.826253,"3,1,1","1024,1,1",24,0,0,0,,,,,,,,,,,,,,,,,,,
badd_f32,2.461,2026-09-11T18:05:34.826266,"3,1,1","1024,1,1",38,0,0,0,,,,,,,,,,,,,,,,,,,
urelu_f32,1.151,2026-09-11T18:05:34.826281,"3,1,1","1024,1,1",24,0,0,0,,,,,,,,,,,,,,,,,,,
im2col1d_f32,2.365,2026-09-11T18:05:34.826294,"2,1,1","1024,1,1",40,0,0,0,,,,,,,,,,,,,,,,,,,
ampere_sgemm_32x32_sliced1x4_tn,3.421,2026-09-11T18:05:34.826307,"1,6,24","128,1,1",86,32768,32768,0,,,,,,,,,,,,,,,,,,,
"void cublasLt::splitKreduce_kernel<(int)32, (int)16, int, float, float, float, float, (bool)0, float, float, float, (bool)1, (bool)0, (bool)0>(cublasLt::cublasSplitKParams<T6>, const T4 *, const T10 *, T9 *, T5 *, const T6 *, const T6 *, const T11 *, const T4 *, T11 *, void *, long, T6 *, int *, T6 *, T6 *, const T6 *, const T6 *, const T6 *, const T6 *, const T6 *)",1.63,2026-09-11T18:05:34.826320,"1,12,1","32,16,1",44,0,0,0,,,,,,,,,,,,,,,,,,,
ucopy_f32,2.142,2026-09-11T18:05:34.826333,"3,1,1","1024,1,1",24,0,0,0,,,,,,,,,,,,,,,,,,,
badd_f32,2.398,2026-09-11T18:05:34.826347,"3,1,1","1024,1,1",38,0,0,0,,,,,,,,,,,,,,,,,,,
urelu_f32,1.119,2026-09-11T18:05:34.826360,"3,1,1","1024,1,1",24,0,0,0,,,,,,,,,,,,,,,,,,,
im2col1d_f32,2.269,2026-09-11T18:05:34.826373,"2,1,1","1024,1,1",40,0,0,0,,,,,,,,,,,,,,,,,,,
ampere_sgemm_32x32_sliced1x4_tn,3.388,2026-09-11T18:05:34.826387,"1,3,48","128,1,1",86,32768,32768,0,,,,,,,,,,,,,,,,,,,
"void cublasLt::splitKreduce_kernel<(int)32, (int)16, int, float, float, float, float, (bool)0, float, float, float, (bool)1, (bool)0, (bool)0>(cublasLt::cublasSplitKParams<T6>, const T4 *, const T10 *, T9 *, T5 *, const T6 *, const T6 *, const T11 *, const T4 *, T11 *, void *, long, T6 *, int *, T6 *, T6 *, const T6 *, const T6 *, const T6 *, const T6 *, const T6 *)",2.493,2026-09-11T18:05:34.826400,"1,6,1","32,16,1",44,0,0,0,,,,,,,,,,,,,,,,,,,
ucopy_f32,2.301,2026-09-11T18:05:34.826414,"3,1,1","1024,1,1",24,0,0,0,,,,,,,,,,,,,,,,,,,
badd_f32,2.43,2026-09-11T18:05:34.826427,"3,1,1","1024,1,1",38,0,0,0,,,,,,,,,,,,,,,,,,,
urelu_f32,1.151,2026-09-11T18:05:34.826442,"3,1,1","1024,1,1",24,0,0,0,,,,,,,,,,,,,,,,,,,
"void dot_kernel<float, (int)128, (int)0, cublasDotParams<cublasGemvTensorStridedBatched<const float>, cublasGemvTensorStridedBatched<float>>>(T4)",2.621,2026-09-11T18:05:34.826455,"18,1,96","128,1,1",28,512,512,0,,,,,,,,,,,,,,,,,,,
"void reduce_1Block_kernel<float, (int)128, (int)7, cublasGemvTensorStridedBatched<float>, cublasGemvTensorStridedBatched<const float>, cublasGemvTensorStridedBatched<float>>(const T1 *, T1, T4, int, const T1 *, T1, T5, T6, cublasPointerMode_t, cublasLtEpilogue_t, cublasGemvTensorStridedBatched<const biasType<T6::value_type, T1>::type>)",1.342,2026-09-11T18:05:34.826468,"1,1,96","128,1,1",28,768,768,0,,,,,,,,,,,,,,,,,,,
badd_f32,1.118,2026-09-11T18:05:34.826481,"1,1,1","1024,1,1",38,0,0,0,,,,,,,,,,,,,,,,,,,
urelu_f32,1.119,2026-09-11T18:05:34.826494,"1,1,1","1024,1,1",24,0,0,0,,,,,,,,,,,,,,,,,,,
"std::enable_if<!T7, void>::type internal::gemvx::kernel<int, int, float, float, float, float, (bool)0, (bool)1, (bool)1, (bool)0, (int)6, (bool)0, cublasGemvParamsEx<int, cublasGemvTensorStridedBatched<const float>, cublasGemvTensorStridedBatched<const float>, cublasGemvTensorStridedBatched<float>, float>>(T13)",1.726,2026-09-11T18:05:34.826507,"2,1,1","4,16,1",166,320,0,320,,,,,,,,,,,,,,,,,,,
badd_f32,1.119,2026-09-11T18:05:34.826521,"1,1,1","1024,1,1",38,0,0,0,,,,,,,,,,,,,,,,,,,
urelu_f32,1.055,2026-09-11T18:05:34.826534,"1,1,1","1024,1,1",24,0,0,0,,,,,,,,,,,,,,,,,,,
copy2d_f32,1.087,2026-09-11T18:05:34.826548,"1,1,1","1024,1,1",16,0,0,0,,,,,,,,,,,,,,,,,,,
copy2d_f32,1.087,2026-09-11T18:05:34.826561,"1,1,1","1024,1,1",16,0,0,0,,,,,,,,,,,,,,,,,,,
copy2d_f32,1.055,2026-09-11T18:05:34.826575,"1,1,1","1024,1,1",16,0,0,0,,,,,,,,,,,,,,,,,,,
layernorm_f32,2.621,2026-09-11T18:05:34.826599,"1,1,1","32,1,1",28,256,256,0,,,,,,,,,,,,,,,,,,,
copy2d_f32,1.086,2026-09-11T18:05:34.826672,"1,1,1","1024,1,1",16,0,0,0,,,,,,,,,,,,,,,,,,,
copy2d_f32,1.055,2026-09-11T18:05:34.826691,"1,1,1","1024,1,1",16,0,0,0,,,,,,,,,,,,,,,,,,,
copy2d_f32,1.055,2026-09-11T18:05:34.826705,"1,1,1","1024,1,1",16,0,0,0,,,,,,,,,,,,,,,,,,,
"std::enable_if<!T7, void>::type internal::gemvx::kernel<int, int, float, float, float, float, (bool)0, (bool)1, (bool)1, (bool)0, (int)8, (bool)0, cublasGemvParamsEx<int, cublasGemvTensorStridedBatched<const float>, cublasGemvTensorStridedBatched<const float>, cublasGemvTensorStridedBatched<float>, float>>(T13)",2.621,2026-09-11T18:05:34.826719,"32,1,1","16,16,1",159,1088,0,1088,,,,,,,,,,,,,,,,,,,
badd_f32,1.183,2026-09-11T18:05:34.826732,"1,1,1","1024,1,1",38,0,0,0,,,,,,,,,,,,,,,,,,,
urelu_f32,1.118,2026-09-11T18:05:34.826746,"1,1,1","1024,1,1",24,0,0,0,,,,,,,,,,,,,,,,,,,
"void gemv2T_kernel_val<int, int, float, float, float, float, (int)128, (int)16, (int)2, (int)2, (bool)0, (bool)0, cublasGemvParamsEx<int, cublasGemvTensorStridedBatched<const float>, cublasGemvTensorStridedBatched<const float>, cublasGemvTensorStridedBatched<float>, float>>(T13, T6, T6)",2.525,2026-09-11T18:05:34.826759,"64,1,1","128,1,1",47,1536,1536,0,,,,,,,,,,,,,,,,,,,
badd_f32,1.151,2026-09-11T18:05:34.826772,"1,1,1","1024,1,1",38,0,0,0,,,,,,,,,,,,,,,,,,,
bmaximum_f32,1.982,2026-09-11T18:05:34.826786,"1,1,1","1024,1,1",38,0,0,0,,,,,,,,,,,,,,,,,,,
bminimum_f32,1.982,2026-09-11T18:05:34.826799,"1,1,1","1024,1,1",38,0,0,0,,,,,,,,,,,,,,,,,,,
"std::enable_if<!T7, void>::type internal::gemvx::kernel<int, int, float, float, float, float, (bool)0, (bool)1, (bool)1, (bool)0, (int)8, (bool)0, cublasGemvParamsEx<int, cublasGemvTensorStridedBatched<const float>, cublasGemvTensorStridedBatched<const float>, cublasGemvTensorStridedBatched<float>, float>>(T13)",2.781,2026-09-11T18:05:34.826812,"64,1,1","16,16,1",159,1088,0,1088,,,,,,,,,,,,,,,,,,,
badd_f32,1.215,2026-09-11T18:05:34.826825,"1,1,1","1024,1,1",38,0,0,0,,,,,,,,,,,,,,,,,,,
"std::enable_if<!T7, void>::type internal::gemvx::kernel<int, int, float, float, float, float, (bool)0, (bool)1, (bool)1, (bool)0, (int)8, (bool)0, cublasGemvParamsEx<int, cublasGemvTensorStridedBatched<const float>, cublasGemvTensorStridedBatched<const float>, cublasGemvTensorStridedBatched<float>, float>>(T13)",2.142,2026-09-11T18:05:34.826838,"32,1,1","16,16,1",159,1088,0,1088,,,,,,,,,,,,,,,,,,,
badd_f32,1.151,2026-09-11T18:05:34.826852,"1,1,1","1024,1,1",38,0,0,0,,,,,,,,,,,,,,,,,,,
urelu_f32,1.119,2026-09-11T18:05:34.826868,"1,1,1","1024,1,1",24,0,0,0,,,,,,,,,,,,,,,,,,,
"void gemv2T_kernel_val<int, int, float, float, float, float, (int)128, (int)16, (int)4, (int)4, (bool)0, (bool)0, cublasGemvParamsEx<int, cublasGemvTensorStridedBatched<const float>, cublasGemvTensorStridedBatched<const float>, cublasGemvTensorStridedBatched<float>, float>>(T13, T6, T6)",3.804,2026-09-11T18:05:34.826884,"512,1,1","128,1,1",59,2560,2560,0,,,,,,,,,,,,,,,,,,,
badd_f32,1.214,2026-09-11T18:05:34.826898,"4,1,1","1024,1,1",38,0,0,0,,,,,,,,,,,,,,,,,,,
im2col_f32,2.302,2026-09-11T18:05:34.826912,"7,1,1","1024,1,1",36,0,0,0,,,,,,,,,,,,,,,,,,,
ampere_sgemm_32x32_sliced1x4_tn,3.42,2026-09-11T18:05:34.826925,"1,24,9","128,1,1",86,32768,32768,0,,,,,,,,,,,,,,,,,,,
"void cublasLt::splitKreduce_kernel<(int)32, (int)16, int, float, float, float, float, (bool)0, float, float, float, (bool)1, (bool)0, (bool)0>(cublasLt::cublasSplitKParams<T6>, const T4 *, const T10 *, T9 *, T5 *, const T6 *, const T6 *, const T11 *, const T4 *, T11 *, void *, long, T6 *, int *, T6 *, T6 *, const T6 *, const T6 *, const T6 *, const T6 *, const T6 *)",1.502,2026-09-11T18:05:34.826938,"1,48,1","32,16,1",44,0,0,0,,,,,,,,,,,,,,,,,,,
ucopy_f32,2.397,2026-09-11T18:05:34.826951,"6,1,1","1024,1,1",24,0,0,0,,,,,,,,,,,,,,,,,,,
badd_f32,2.717,2026-09-11T18:05:34.826964,"6,1,1","1024,1,1",38,0,0,0,,,,,,,,,,,,,,,,,,,
urelu_f32,1.183,2026-09-11T18:05:34.826977,"6,1,1","1024,1,1",24,0,0,0,,,,,,,,,,,,,,,,,,,
im2col_f32,2.365,2026-09-11T18:05:34.826998,"14,1,1","1024,1,1",36,0,0,0,,,,,,,,,,,,,,,,,,,
ampere_sgemm_32x32_sliced1x4_tn,3.325,2026-09-11T18:05:34.827014,"1,6,36","128,1,1",86,32768,32768,0,,,,,,,,,,,,,,,,,,,
"void cublasLt::splitKreduce_kernel<(int)32, (int)16, int, float, float, float, float, (bool)0, float, float, float, (bool)1, (bool)0, (bool)0>(cublasLt::cublasSplitKParams<T6>, const T4 *, const T10 *, T9 *, T5 *, const T6 *, const T6 *, const T11 *, const T4 *, T11 *, void *, long, T6 *, int *, T6 *, T6 *, const T6 *, const T6 *, const T6 *, const T6 *, const T6 *)",1.886,2026-09-11T18:05:34.827027,"1,12,1","32,16,1",44,0,0,0,,,,,,,,,,,,,,,,,,,
ucopy_f32,2.334,2026-09-11T18:05:34.827040,"3,1,1","1024,1,1",24,0,0,0,,,,,,,,,,,,,,,,,,,
badd_f32,2.685,2026-09-11T18:05:34.827055,"3,1,1","1024,1,1",38,0,0,0,,,,,,,,,,,,,,,,,,,
urelu_f32,1.15,2026-09-11T18:05:34.827069,"3,1,1","1024,1,1",24,0,0,0,,,,,,,,,,,,,,,,,,,
im2col_f32,2.302,2026-09-11T18:05:34.827082,"7,1,1","1024,1,1",36,0,0,0,,,,,,,,,,,,,,,,,,,
ampere_sgemm_32x32_sliced1x4_tn,3.292,2026-09-11T18:05:34.827095,"1,2,72","128,1,1",86,32768,32768,0,,,,,,,,,,,,,,,,,,,
"void cublasLt::splitKreduce_kernel<(int)32, (int)16, int, float, float, float, float, (bool)0, float, float, float, (bool)1, (bool)0, (bool)0>(cublasLt::cublasSplitKParams<T6>, const T4 *, const T10 *, T9 *, T5 *, const T6 *, const T6 *, const T11 *, const T4 *, T11 *, void *, long, T6 *, int *, T6 *, T6 *, const T6 *, const T6 *, const T6 *, const T6 *, const T6 *)",3.164,2026-09-11T18:05:34.827109,"1,3,1","32,16,1",44,0,0,0,,,,,,,,,,,,,,,,,,,
ucopy_f32,2.462,2026-09-11T18:05:34.827122,"2,1,1","1024,1,1",24,0,0,0,,,,,,,,,,,,,,,,,,,
badd_f32,2.654,2026-09-11T18:05:34.827135,"2,1,1","1024,1,1",38,0,0,0,,,,,,,,,,,,,,,,,,,
urelu_f32,1.151,2026-09-11T18:05:34.827148,"2,1,1","1024,1,1",24,0,0,0,,,,,,,,,,,,,,,,,,,
"std::enable_if<!T7, void>::type internal::gemvx::kernel<int, int, float, float, float, float, (bool)0, (bool)1, (bool)1, (bool)0, (int)7, (bool)0, cublasGemvParamsEx<int, cublasGemvTensorStridedBatched<const float>, cublasGemvTensorStridedBatched<const float>, cublasGemvTensorStridedBatched<float>, float>>(T13)",2.398,2026-09-11T18:05:34.827162,"32,1,1","32,4,1",159,528,0,528,,,,,,,,,,,,,,,,,,,
badd_f32,1.118,2026-09-11T18:05:34.827175,"1,1,1","1024,1,1",38,0,0,0,,,,,,,,,,,,,,,,,,,
urelu_f32,1.087,2026-09-11T18:05:34.827187,"1,1,1","1024,1,1",24,0,0,0,,,,,,,,,,,,,,,,,,,
im2col1d_f32,2.077,2026-09-11T18:05:34.827201,"1,1,1","1024,1,1",40,0,0,0,,,,,,,,,,,,,,,,,,,
ampere_sgemm_32x32_sliced1x4_tn,2.812,2026-09-11T18:05:34.827215,"1,12,6","128,1,1",86,32768,32768,0,,,,,,,,,,,,,,,,,,,
"void cublasLt::splitKreduce_kernel<(int)32, (int)16, int, float, float, float, float, (bool)0, float, float, float, (bool)1, (bool)0, (bool)0>(cublasLt::cublasSplitKParams<T6>, const T4 *, const T10 *, T9 *, T5 *, const T6 *, const T6 *, const T11 *, const T4 *, T11 *, void *, long, T6 *, int *, T6 *, T6 *, const T6 *, const T6 *, const T6 *, const T6 *, const T6 *)",1.502,2026-09-11T18:05:34.827228,"1,23,1","32,16,1",44,0,0,0,,,,,,,,,,,,,,,,,,,
ucopy_f32,2.109,2026-09-11T18:05:34.827241,"3,1,1","1024,1,1",24,0,0,0,,,,,,,,,,,,,,,,,,,
badd_f32,2.493,2026-09-11T18:05:34.827255,"3,1,1","1024,1,1",38,0,0,0,,,,,,,,,,,,,,,,,,,
urelu_f32,1.215,2026-09-11T18:05:34.827267,"3,1,1","1024,1,1",24,0,0,0,,,,,,,,,,,,,,,,,,,
im2col1d_f32,2.269,2026-09-11T18:05:34.827281,"2,1,1","1024,1,1",40,0,0,0,,,,,,,,,,,,,,,,,,,
ampere_sgemm_32x32_sliced1x4_tn,3.484,2026-09-11T18:05:34.827294,"1,6,24","128,1,1",86,32768,32768,0,,,,,,,,,,,,,,,,,,,
"void cublasLt::splitKreduce_kernel<(int)32, (int)16, int, float, float, float, float, (bool)0, float, float, float, (bool)1, (bool)0, (bool)0>(cublasLt::cublasSplitKParams<T6>, const T4 *, const T10 *, T9 *, T5 *, const T6 *, const T6 *, const T11 *, const T4 *, T11 *, void *, long, T6 *, int *, T6 *, T6 *, const T6 *, const T6 *, const T6 *, const T6 *, const T6 *)",1.694,2026-09-11T18:05:34.827307,"1,12,1","32,16,1",44,0,0,0,,,,,,,,,,,,,,,,,,,
ucopy_f32,2.141,2026-09-11T18:05:34.827320,"3,1,1","1024,1,1",24,0,0,0,,,,,,,,,,,,,,,,,,,
badd_f32,2.462,2026-09-11T18:05:34.827333,"3,1,1","1024,1,1",38,0,0,0,,,,,,,,,,,,,,,,,,,
urelu_f32,1.151,2026-09-11T18:05:34.827346,"3,1,1","1024,1,1",24,0,0,0,,,,,,,,,,,,,,,,,,,
im2col1d_f32,2.27,2026-09-11T18:05:34.827359,"2,1,1","1024,1,1",40,0,0,0,,,,,,,,,,,,,,,,,,,
ampere_sgemm_32x32_sliced1x4_tn,3.325,2026-09-11T18:05:34.827372,"1,3,48","128,1,1",86,32768,32768,0,,,,,,,,,,,,,,,,,,,
"void cublasLt::splitKreduce_kernel<(int)32, (int)16, int, float, float, float, float, (bool)0, float, float, float, (bool)1, (bool)0, (bool)0>(cublasLt::cublasSplitKParams<T6>, const T4 *, const T10 *, T9 *, T5 *, const T6 *, const T6 *, const T11 *, const T4 *, T11 *, void *, long, T6 *, int *, T6 *, T6 *, const T6 *, const T6 *, const T6 *, const T6 *, const T6 *)",2.494,2026-09-11T18:05:34.827387,"1,6,1","32,16,1",44,0,0,0,,,,,,,,,,,,,,,,,,,
ucopy_f32,2.365,2026-09-11T18:05:34.827400,"3,1,1","1024,1,1",24,0,0,0,,,,,,,,,,,,,,,,,,,
badd_f32,2.461,2026-09-11T18:05:34.827413,"3,1,1","1024,1,1",38,0,0,0,,,,,,,,,,,,,,,,,,,
urelu_f32,1.151,2026-09-11T18:05:34.827426,"3,1,1","1024,1,1",24,0,0,0,,,,,,,,,,,,,,,,,,,
"void dot_kernel<float, (int)128, (int)0, cublasDotParams<cublasGemvTensorStridedBatched<const float>, cublasGemvTensorStridedBatched<float>>>(T4)",2.717,2026-09-11T18:05:34.827439,"18,1,96","128,1,1",28,512,512,0,,,,,,,,,,,,,,,,,,,
"void reduce_1Block_kernel<float, (int)128, (int)7, cublasGemvTensorStridedBatched<float>, cublasGemvTensorStridedBatched<const float>, cublasGemvTensorStridedBatched<float>>(const T1 *, T1, T4, int, const T1 *, T1, T5, T6, cublasPointerMode_t, cublasLtEpilogue_t, cublasGemvTensorStridedBatched<const biasType<T6::value_type, T1>::type>)",1.311,2026-09-11T18:05:34.827452,"1,1,96","128,1,1",28,768,768,0,,,,,,,,,,,,,,,,,,,
badd_f32,1.118,2026-09-11T18:05:34.827466,"1,1,1","1024,1,1",38,0,0,0,,,,,,,,,,,,,,,,,,,
urelu_f32,1.119,2026-09-11T18:05:34.827479,"1,1,1","1024,1,1",24,0,0,0,,,,,,,,,,,,,,,,,,,
"std::enable_if<!T7, void>::type internal::gemvx::kernel<int, int, float, float, float, float, (bool)0, (bool)1, (bool)1, (bool)0, (int)6, (bool)0, cublasGemvParamsEx<int, cublasGemvTensorStridedBatched<const float>, cublasGemvTensorStridedBatched<const float>, cublasGemvTensorStridedBatched<float>, float>>(T13)",1.631,2026-09-11T18:05:34.827493,"2,1,1","4,16,1",166,320,0,320,,,,,,,,,,,,,,,,,,,
badd_f32,1.119,2026-09-11T18:05:34.827506,"1,1,1","1024,1,1",38,0,0,0,,,,,,,,,,,,,,,,,,,
urelu_f32,1.087,2026-09-11T18:05:34.827520,"1,1,1","1024,1,1",24,0,0,0,,,,,,,,,,,,,,,,,,,
copy2d_f32,1.087,2026-09-11T18:05:34.827533,"1,1,1","1024,1,1",16,0,0,0,,,,,,,,,,,,,,,,,,,
copy2d_f32,1.055,2026-09-11T18:05:34.827546,"1,1,1","1024,1,1",16,0,0,0,,,,,,,,,,,,,,,,,,,
copy2d_f32,1.055,2026-09-11T18:05:34.827561,"1,1,1","1024,1,1",16,0,0,0,,,,,,,,,,,,,,,,,,,
layernorm_f32,2.589,2026-09-11T18:05:34.827574,"1,1,1","32,1,1",28,256,256,0,,,,,,,,,,,,,,,,,,,
copy2d_f32,1.055,2026-09-11T18:05:34.827589,"1,1,1","1024,1,1",16,0,0,0,,,,,,,,,,,,,,,,,,,
copy2d_f32,1.055,2026-09-11T18:05:34.827601,"1,1,1","1024,1,1",16,0,0,0,,,,,,,,,,,,,,,,,,,
copy2d_f32,1.087,2026-09-11T18:05:34.827614,"1,1,1","1024,1,1",16,0,0,0,,,,,,,,,,,,,,,,,,,
"std::enable_if<!T7, void>::type internal::gemvx::kernel<int, int, float, float, float, float, (bool)0, (bool)1, (bool)1, (bool)0, (int)8, (bool)0, cublasGemvParamsEx<int, cublasGemvTensorStridedBatched<const float>, cublasGemvTensorStridedBatched<const float>, cublasGemvTensorStridedBatched<float>, float>>(T13)",2.174,2026-09-11T18:05:34.827628,"32,1,1","16,16,1",159,1088,0,1088,,,,,,,,,,,,,,,,,,,
badd_f32,1.15,2026-09-11T18:05:34.827641,"1,1,1","1024,1,1",38,0,0,0,,,,,,,,,,,,,,,,,,,
urelu_f32,1.118,2026-09-11T18:05:34.827654,"1,1,1","1024,1,1",24,0,0,0,,,,,,,,,,,,,,,,,,,
"void gemv2T_kernel_val<int, int, float, float, float, float, (int)128, (int)16, (int)2, (int)2, (bool)0, (bool)0, cublasGemvParamsEx<int, cublasGemvTensorStridedBatched<const float>, cublasGemvTensorStridedBatched<const float>, cublasGemvTensorStridedBatched<float>, float>>(T13, T6, T6)",2.557,2026-09-11T18:05:34.827667,"64,1,1","128,1,1",47,1536,1536,0,,,,,,,,,,,,,,,,,,,
badd_f32,1.15,2026-09-11T18:05:34.827695,"1,1,1","1024,1,1",38,0,0,0,,,,,,,,,,,,,,,,,,,
bmaximum_f32,1.982,2026-09-11T18:05:34.827715,"1,1,1","1024,1,1",38,0,0,0,,,,,,,,,,,,,,,,,,,
bminimum_f32,2.014,2026-09-11T18:05:34.827729,"1,1,1","1024,1,1",38,0,0,0,,,,,,,,,,,,,,,,,,,
"std::enable_if<!T7, void>::type internal::gemvx::kernel<int, int, float, float, float, float, (bool)0, (bool)1, (bool)1, (bool)0, (int)8, (bool)0, cublasGemvParamsEx<int, cublasGemvTensorStridedBatched<const float>, cublasGemvTensorStridedBatched<const float>, cublasGemvTensorStridedBatched<float>, float>>(T13)",2.718,2026-09-11T18:05:34.827743,"64,1,1","16,16,1",159,1088,0,1088,,,,,,,,,,,,,,,,,,,
badd_f32,1.215,2026-09-11T18:05:34.827758,"1,1,1","1024,1,1",38,0,0,0,,,,,,,,,,,,,,,,,,,
"std::enable_if<!T7, void>::type internal::gemvx::kernel<int, int, float, float, float, float, (bool)0, (bool)1, (bool)1, (bool)0, (int)8, (bool)0, cublasGemvParamsEx<int, cublasGemvTensorStridedBatched<const float>, cublasGemvTensorStridedBatched<const float>, cublasGemvTensorStridedBatched<float>, float>>(T13)",2.142,2026-09-11T18:05:34.827771,"32,1,1","16,16,1",159,1088,0,1088,,,,,,,,,,,,,,,,,,,
badd_f32,1.183,2026-09-11T18:05:34.827784,"1,1,1","1024,1,1",38,0,0,0,,,,,,,,,,,,,,,,,,,
urelu_f32,1.119,2026-09-11T18:05:34.827797,"1,1,1","1024,1,1",24,0,0,0,,,,,,,,,,,,,,,,,,,
"void gemv2T_kernel_val<int, int, float, float, float, float, (int)128, (int)16, (int)4, (int)4, (bool)0, (bool)0, cublasGemvParamsEx<int, cublasGemvTensorStridedBatched<const float>, cublasGemvTensorStridedBatched<const float>, cublasGemvTensorStridedBatched<float>, float>>(T13, T6, T6)",3.835,2026-09-11T18:05:34.827811,"512,1,1","128,1,1",59,2560,2560,0,,,,,,,,,,,,,,,,,,,
badd_f32,1.214,2026-09-11T18:05:34.827835,"4,1,1","1024,1,1",38,0,0,0,,,,,,,,,,,,,,,,,,,
im2col_f32,2.302,2026-09-11T18:05:34.827849,"7,1,1","1024,1,1",36,0,0,0,,,,,,,,,,,,,,,,,,,
ampere_sgemm_32x32_sliced1x4_tn,3.452,2026-09-11T18:05:34.827862,"1,24,9","128,1,1",86,32768,32768,0,,,,,,,,,,,,,,,,,,,
"void cublasLt::splitKreduce_kernel<(int)32, (int)16, int, float, float, float, float, (bool)0, float, float, float, (bool)1, (bool)0, (bool)0>(cublasLt::cublasSplitKParams<T6>, const T4 *, const T10 *, T9 *, T5 *, const T6 *, const T6 *, const T11 *, const T4 *, T11 *, void *, long, T6 *, int *, T6 *, T6 *, const T6 *, const T6 *, const T6 *, const T6 *, const T6 *)",1.502,2026-09-11T18:05:34.827876,"1,48,1","32,16,1",44,0,0,0,,,,,,,,,,,,,,,,,,,
ucopy_f32,2.398,2026-09-11T18:05:34.827889,"6,1,1","1024,1,1",24,0,0,0,,,,,,,,,,,,,,,,,,,
badd_f32,2.718,2026-09-11T18:05:34.827902,"6,1,1","1024,1,1",38,0,0,0,,,,,,,,,,,,,,,,,,,
urelu_f32,1.215,2026-09-11T18:05:34.827915,"6,1,1","1024,1,1",24,0,0,0,,,,,,,,,,,,,,,,,,,
im2col_f32,2.334,2026-09-11T18:05:34.827931,"14,1,1","1024,1,1",36,0,0,0,,,,,,,,,,,,,,,,,,,
ampere_sgemm_32x32_sliced1x4_tn,3.356,2026-09-11T18:05:34.827944,"1,6,36","128,1,1",86,32768,32768,0,,,,,,,,,,,,,,,,,,,
"void cublasLt::splitKreduce_kernel<(int)32, (int)16, int, float, float, float, float, (bool)0, float, float, float, (bool)1, (bool)0, (bool)0>(cublasLt::cublasSplitKParams<T6>, const T4 *, const T10 *, T9 *, T5 *, const T6 *, const T6 *, const T11 *, const T4 *, T11 *, void *, long, T6 *, int *, T6 *, T6 *, const T6 *, const T6 *, const T6 *, const T6 *, const T6 *)",1.886,2026-09-11T18:05:34.827959,"1,12,1","32,16,1",44,0,0,0,,,,,,,,,,,,,,,,,,,
ucopy_f32,2.27,2026-09-11T18:05:34.827972,"3,1,1","1024,1,1",24,0,0,0,,,,,,,,,,,,,,,,,,,
badd_f32,2.717,2026-09-11T18:05:34.827985,"3,1,1","1024,1,1",38,0,0,0,,,,,,,,,,,,,,,,,,,
urelu_f32,1.151,2026-09-11T18:05:34.827998,"3,1,1","1024,1,1",24,0,0,0,,,,,,,,,,,,,,,,,,,
im2col_f32,2.302,2026-09-11T18:05:34.828011,"7,1,1","1024,1,1",36,0,0,0,,,,,,,,,,,,,,,,,,,
ampere_sgemm_32x32_sliced1x4_tn,3.261,2026-09-11T18:05:34.828024,"1,2,72","128,1,1",86,32768,32768,0,,,,,,,,,,,,,,,,,,,
"void cublasLt::splitKreduce_kernel<(int)32, (int)16, int, float, float, float, float, (bool)0, float, float, float, (bool)1, (bool)0, (bool)0>(cublasLt::cublasSplitKParams<T6>, const T4 *, const T10 *, T9 *, T5 *, const T6 *, const T6 *, const T11 *, const T4 *, T11 *, void *, long, T6 *, int *, T6 *, T6 *, const T6 *, const T6 *, const T6 *, const T6 *, const T6 *)",3.164,2026-09-11T18:05:34.828037,"1,3,1","32,16,1",44,0,0,0,,,,,,,,,,,,,,,,,,,
ucopy_f32,2.494,2026-09-11T18:05:34.828051,"2,1,1","1024,1,1",24,0,0,0,,,,,,,,,,,,,,,,,,,
badd_f32,2.685,2026-09-11T18:05:34.828064,"2,1,1","1024,1,1",38,0,0,0,,,,,,,,,,,,,,,,,,,
urelu_f32,1.151,2026-09-11T18:05:34.828077,"2,1,1","1024,1,1",24,0,0,0,,,,,,,,,,,,,,,,,,,
"std::enable_if<!T7, void>::type internal::gemvx::kernel<int, int, float, float, float, float, (bool)0, (bool)1, (bool)1, (bool)0, (int)7, (bool)0, cublasGemvParamsEx<int, cublasGemvTensorStridedBatched<const float>, cublasGemvTensorStridedBatched<const float>, cublasGemvTensorStridedBatched<float>, float>>(T13)",2.59,2026-09-11T18:05:34.828090,"32,1,1","32,4,1",159,528,0,528,,,,,,,,,,,,,,,,,,,
badd_f32,1.087,2026-09-11T18:05:34.828104,"1,1,1","1024,1,1",38,0,0,0,,,,,,,,,,,,,,,,,,,
urelu_f32,1.119,2026-09-11T18:05:34.828117,"1,1,1","1024,1,1",24,0,0,0,,,,,,,,,,,,,,,,,,,
im2col1d_f32,2.078,2026-09-11T18:05:34.828130,"1,1,1","1024,1,1",40,0,0,0,,,,,,,,,,,,,,,,,,,
ampere_sgemm_32x32_sliced1x4_tn,2.781,2026-09-11T18:05:34.828143,"1,12,6","128,1,1",86,32768,32768,0,,,,,,,,,,,,,,,,,,,
"void cublasLt::splitKreduce_kernel<(int)32, (int)16, int, float, float, float, float, (bool)0, float, float, float, (bool)1, (bool)0, (bool)0>(cublasLt::cublasSplitKParams<T6>, const T4 *, const T10 *, T9 *, T5 *, const T6 *, const T6 *, const T11 *, const T4 *, T11 *, void *, long, T6 *, int *, T6 *, T6 *, const T6 *, const T6 *, const T6 *, const T6 *, const T6 *)",1.502,2026-09-11T18:05:34.828156,"1,23,1","32,16,1",44,0,0,0,,,,,,,,,,,,,,,,,,,
ucopy_f32,2.078,2026-09-11T18:05:34.828169,"3,1,1","1024,1,1",24,0,0,0,,,,,,,,,,,,,,,,,,,
badd_f32,2.461,2026-09-11T18:05:34.828182,"3,1,1","1024,1,1",38,0,0,0,,,,,,,,,,,,,,,,,,,
urelu_f32,1.151,2026-09-11T18:05:34.828195,"3,1,1","1024,1,1",24,0,0,0,,,,,,,,,,,,,,,,,,,
im2col1d_f32,2.302,2026-09-11T18:05:34.828209,"2,1,1","1024,1,1",40,0,0,0,,,,,,,,,,,,,,,,,,,
ampere_sgemm_32x32_sliced1x4_tn,3.421,2026-09-11T18:05:34.828221,"1,6,24","128,1,1",86,32768,32768,0,,,,,,,,,,,,,,,,,,,
"void cublasLt::splitKreduce_kernel<(int)32, (int)16, int, float, float, float, float, (bool)0, float, float, float, (bool)1, (bool)0, (bool)0>(cublasLt::cublasSplitKParams<T6>, const T4 *, const T10 *, T9 *, T5 *, const T6 *, const T6 *, const T11 *, const T4 *, T11 *, void *, long, T6 *, int *, T6 *, T6 *, const T6 *, const T6 *, const T6 *, const T6 *, const T6 *)",1.63,2026-09-11T18:05:34.828234,"1,12,1","32,16,1",44,0,0,0,,,,,,,,,,,,,,,,,,,
ucopy_f32,2.11,2026-09-11T18:05:34.828247,"3,1,1","1024,1,1",24,0,0,0,,,,,,,,,,,,,,,,,,,
badd_f32,2.461,2026-09-11T18:05:34.828260,"3,1,1","1024,1,1",38,0,0,0,,,,,,,,,,,,,,,,,,,
urelu_f32,1.118,2026-09-11T18:05:34.828274,"3,1,1","1024,1,1",24,0,0,0,,,,,,,,,,,,,,,,,,,
im2col1d_f32,2.301,2026-09-11T18:05:34.828287,"2,1,1","1024,1,1",40,0,0,0,,,,,,,,,,,,,,,,,,,
ampere_sgemm_32x32_sliced1x4_tn,3.356,2026-09-11T18:05:34.828300,"1,3,48","128,1,1",86,32768,32768,0,,,,,,,,,,,,,,,,,,,
"void cublasLt::splitKreduce_kernel<(int)32, (int)16, int, float, float, float, float, (bool)0, float, float, float, (bool)1, (bool)0, (bool)0>(cublasLt::cublasSplitKParams<T6>, const T4 *, const T10 *, T9 *, T5 *, const T6 *, const T6 *, const T11 *, const T4 *, T11 *, void *, long, T6 *, int *, T6 *, T6 *, const T6 *, const T6 *, const T6 *, const T6 *, const T6 *)",2.525,2026-09-11T18:05:34.828313,"1,6,1","32,16,1",44,0,0,0,,,,,,,,,,,,,,,,,,,
ucopy_f32,2.301,2026-09-11T18:05:34.828326,"3,1,1","1024,1,1",24,0,0,0,,,,,,,,,,,,,,,,,,,
badd_f32,2.461,2026-09-11T18:05:34.828339,"3,1,1","1024,1,1",38,0,0,0,,,,,,,,,,,,,,,,,,,
urelu_f32,1.151,2026-09-11T18:05:34.828352,"3,1,1","1024,1,1",24,0,0,0,,,,,,,,,,,,,,,,,,,
"void dot_kernel<float, (int)128, (int)0, cublasDotParams<cublasGemvTensorStridedBatched<const float>, cublasGemvTensorStridedBatched<float>>>(T4)",2.589,2026-09-11T18:05:34.828366,"18,1,96","128,1,1",28,512,512,0,,,,,,,,,,,,,,,,,,,
"void reduce_1Block_kernel<float, (int)128, (int)7, cublasGemvTensorStridedBatched<float>, cublasGemvTensorStridedBatched<const float>, cublasGemvTensorStridedBatched<float>>(const T1 *, T1, T4, int, const T1 *, T1, T5, T6, cublasPointerMode_t, cublasLtEpilogue_t, cublasGemvTensorStridedBatched<const biasType<T6::value_type, T1>::type>)",1.279,2026-09-11T18:05:34.828381,"1,1,96","128,1,1",28,768,768,0,,,,,,,,,,,,,,,,,,,
badd_f32,1.119,2026-09-11T18:05:34.828395,"1,1,1","1024,1,1",38,0,0,0,,,,,,,,,,,,,,,,,,,
urelu_f32,1.086,2026-09-11T18:05:34.828408,"1,1,1","1024,1,1",24,0,0,0,,,,,,,,,,,,,,,,,,,
"std::enable_if<!T7, void>::type internal::gemvx::kernel<int, int, float, float, float, float, (bool)0, (bool)1, (bool)1, (bool)0, (int)6, (bool)0, cublasGemvParamsEx<int, cublasGemvTensorStridedBatched<const float>, cublasGemvTensorStridedBatched<const float>, cublasGemvTensorStridedBatched<float>, float>>(T13)",1.502,2026-09-11T18:05:34.828422,"2,1,1","4,16,1",166,320,0,320,,,,,,,,,,,,,,,,,,,
badd_f32,1.119,2026-09-11T18:05:34.828435,"1,1,1","1024,1,1",38,0,0,0,,,,,,,,,,,,,,,,,,,
urelu_f32,1.086,2026-09-11T18:05:34.828450,"1,1,1","1024,1,1",24,0,0,0,,,,,,,,,,,,,,,,,,,
copy2d_f32,1.086,2026-09-11T18:05:34.828464,"1,1,1","1024,1,1",16,0,0,0,,,,,,,,,,,,,,,,,,,
copy2d_f32,1.055,2026-09-11T18:05:34.828478,"1,1,1","1024,1,1",16,0,0,0,,,,,,,,,,,,,,,,,,,
copy2d_f32,1.055,2026-09-11T18:05:34.828491,"1,1,1","1024,1,1",16,0,0,0,,,,,,,,,,,,,,,,,,,
layernorm_f32,2.589,2026-09-11T18:05:34.828504,"1,1,1","32,1,1",28,256,256,0,,,,,,,,,,,,,,,,,,,
copy2d_f32,1.087,2026-09-11T18:05:34.828519,"1,1,1","1024,1,1",16,0,0,0,,,,,,,,,,,,,,,,,,,
copy2d_f32,1.087,2026-09-11T18:05:34.828533,"1,1,1","1024,1,1",16,0,0,0,,,,,,,,,,,,,,,,,,,
copy2d_f32,1.055,2026-09-11T18:05:34.828547,"1,1,1","1024,1,1",16,0,0,0,,,,,,,,,,,,,,,,,,,
"std::enable_if<!T7, void>::type internal::gemvx::kernel<int, int, float, float, float, float, (bool)0, (bool)1, (bool)1, (bool)0, (int)8, (bool)0, cublasGemvParamsEx<int, cublasGemvTensorStridedBatched<const float>, cublasGemvTensorStridedBatched<const float>, cublasGemvTensorStridedBatched<float>, float>>(T13)",2.014,2026-09-11T18:05:34.828560,"32,1,1","16,16,1",159,1088,0,1088,,,,,,,,,,,,,,,,,,,
badd_f32,1.151,2026-09-11T18:05:34.828573,"1,1,1","1024,1,1",38,0,0,0,,,,,,,,,,,,,,,,,,,
urelu_f32,1.151,2026-09-11T18:05:34.828587,"1,1,1","1024,1,1",24,0,0,0,,,,,,,,,,,,,,,,,,,
"void gemv2T_kernel_val<int, int, float, float, float, float, (int)128, (int)16, (int)2, (int)2, (bool)0, (bool)0, cublasGemvParamsEx<int, cublasGemvTensorStridedBatched<const float>, cublasGemvTensorStridedBatched<const float>, cublasGemvTensorStridedBatched<float>, float>>(T13, T6, T6)",2.526,2026-09-11T18:05:34.828600,"64,1,1","128,1,1",47,1536,1536,0,,,,,,,,,,,,,,,,,,,
badd_f32,1.151,2026-09-11T18:05:34.828615,"1,1,1","1024,1,1",38,0,0,0,,,,,,,,,,,,,,,,,,,
bmaximum_f32,1.982,2026-09-11T18:05:34.828628,"1,1,1","1024,1,1",38,0,0,0,,,,,,,,,,,,,,,,,,,
bminimum_f32,2.014,2026-09-11T18:05:34.828641,"1,1,1","1024,1,1",38,0,0,0,,,,,,,,,,,,,,,,,,,
"std::enable_if<!T7, void>::type internal::gemvx::kernel<int, int, float, float, float, float, (bool)0, (bool)1, (bool)1, (bool)0, (int)8, (bool)0, cublasGemvParamsEx<int, cublasGemvTensorStridedBatched<const float>, cublasGemvTensorStridedBatched<const float>, cublasGemvTensorStridedBatched<float>, float>>(T13)",1.95,2026-09-11T18:05:34.828655,"64,1,1","16,16,1",159,1088,0,1088,,,,,,,,,,,,,,,,,,,
badd_f32,1.215,2026-09-11T18:05:34.828668,"1,1,1","1024,1,1",38,0,0,0,,,,,,,,,,,,,,,,,,,
"std::enable_if<!T7, void>::type internal::gemvx::kernel<int, int, float, float, float, float, (bool)0, (bool)1, (bool)1, (bool)0, (int)8, (bool)0, cublasGemvParamsEx<int, cublasGemvTensorStridedBatched<const float>, cublasGemvTensorStridedBatched<const float>, cublasGemvTensorStridedBatched<float>, float>>(T13)",2.174,2026-09-11T18:05:34.828683,"32,1,1","16,16,1",159,1088,0,1088,,,,,,,,,,,,,,,,,,,
badd_f32,1.151,2026-09-11T18:05:34.828697,"1,1,1","1024,1,1",38,0,0,0,,,,,,,,,,,,,,,,,,,
urelu_f32,1.118,2026-09-11T18:05:34.828726,"1,1,1","1024,1,1",24,0,0,0,,,,,,,,,,,,,,,,,,,
"void gemv2T_kernel_val<int, int, float, float, float, float, (int)128, (int)16, (int)4, (int)4, (bool)0, (bool)0, cublasGemvParamsEx<int, cublasGemvTensorStridedBatched<const float>, cublasGemvTensorStridedBatched<const float>, cublasGemvTensorStridedBatched<float>, float>>(T13, T6, T6)",3.9,2026-09-11T18:05:34.828744,"512,1,1","128,1,1",59,2560,2560,0,,,,,,,,,,,,,,,,,,,
badd_f32,1.215,2026-09-11T18:05:34.828758,"4,1,1","1024,1,1",38,0,0,0,,,,,,,,,,,,,,,,,,,
im2col_f32,2.302,2026-09-11T18:05:34.828772,"7,1,1","1024,1,1",36,0,0,0,,,,,,,,,,,,,,,,,,,
ampere_sgemm_32x32_sliced1x4_tn,3.42,2026-09-11T18:05:34.828786,"1,24,9","128,1,1",86,32768,32768,0,,,,,,,,,,,,,,,,,,,
"void cublasLt::splitKreduce_kernel<(int)32, (int)16, int, float, float, float, float, (bool)0, float, float, float, (bool)1, (bool)0, (bool)0>(cublasLt::cublasSplitKParams<T6>, const T4 *, const T10 *, T9 *, T5 *, const T6 *, const T6 *, const T11 *, const T4 *, T11 *, void *, long, T6 *, int *, T6 *, T6 *, const T6 *, const T6 *, const T6 *, const T6 *, const T6 *)",1.502,2026-09-11T18:05:34.828800,"1,48,1","32,16,1",44,0,0,0,,,,,,,,,,,,,,,,,,,
ucopy_f32,2.397,2026-09-11T18:05:34.828816,"6,1,1","1024,1,1",24,0,0,0,,,,,,,,,,,,,,,,,,,
badd_f32,2.717,2026-09-11T18:05:34.828830,"6,1,1","1024,1,1",38,0,0,0,,,,,,,,,,,,,,,,,,,
urelu_f32,1.215,2026-09-11T18:05:34.828844,"6,1,1","1024,1,1",24,0,0,0,,,,,,,,,,,,,,,,,,,
im2col_f32,2.301,2026-09-11T18:05:34.828857,"14,1,1","1024,1,1",36,0,0,0,,,,,,,,,,,,,,,,,,,
ampere_sgemm_32x32_sliced1x4_tn,3.324,2026-09-11T18:05:34.828871,"1,6,36","128,1,1",86,32768,32768,0,,,,,,,,,,,,,,,,,,,
"void cublasLt::splitKreduce_kernel<(int)32, (int)16, int, float, float, float, float, (bool)0, float, float, float, (bool)1, (bool)0, (bool)0>(cublasLt::cublasSplitKParams<T6>, const T4 *, const T10 *, T9 *, T5 *, const T6 *, const T6 *, const T11 *, const T4 *, T11 *, void *, long, T6 *, int *, T6 *, T6 *, const T6 *, const T6 *, const T6 *, const T6 *, const T6 *)",1.918,2026-09-11T18:05:34.828884,"1,12,1","32,16,1",44,0,0,0,,,,,,,,,,,,,,,,,,,
ucopy_f32,2.301,2026-09-11T18:05:34.828898,"3,1,1","1024,1,1",24,0,0,0,,,,,,,,,,,,,,,,,,,
badd_f32,2.717,2026-09-11T18:05:34.828911,"3,1,1","1024,1,1",38,0,0,0,,,,,,,,,,,,,,,,,,,
urelu_f32,1.151,2026-09-11T18:05:34.828924,"3,1,1","1024,1,1",24,0,0,0,,,,,,,,,,,,,,,,,,,
im2col_f32,2.302,2026-09-11T18:05:34.828937,"7,1,1","1024,1,1",36,0,0,0,,,,,,,,,,,,,,,,,,,
ampere_sgemm_32x32_sliced1x4_tn,3.26,2026-09-11T18:05:34.828951,"1,2,72","128,1,1",86,32768,32768,0,,,,,,,,,,,,,,,,,,,
"void cublasLt::splitKreduce_kernel<(int)32, (int)16, int, float, float, float, float, (bool)0, float, float, float, (bool)1, (bool)0, (bool)0>(cublasLt::cublasSplitKParams<T6>, const T4 *, const T10 *, T9 *, T5 *, const T6 *, const T6 *, const T11 *, const T4 *, T11 *, void *, long, T6 *, int *, T6 *, T6 *, const T6 *, const T6 *, const T6 *, const T6 *, const T6 *)",3.165,2026-09-11T18:05:34.828964,"1,3,1","32,16,1",44,0,0,0,,,,,,,,,,,,,,,,,,,
ucopy_f32,2.493,2026-09-11T18:05:34.828977,"2,1,1","1024,1,1",24,0,0,0,,,,,,,,,,,,,,,,,,,
badd_f32,2.685,2026-09-11T18:05:34.828991,"2,1,1","1024,1,1",38,0,0,0,,,,,,,,,,,,,,,,,,,
urelu_f32,1.151,2026-09-11T18:05:34.829005,"2,1,1","1024,1,1",24,0,0,0,,,,,,,,,,,,,,,,,,,
"std::enable_if<!T7, void>::type internal::gemvx::kernel<int, int, float, float, float, float, (bool)0, (bool)1, (bool)1, (bool)0, (int)7, (bool)0, cublasGemvParamsEx<int, cublasGemvTensorStridedBatched<const float>, cublasGemvTensorStridedBatched<const float>, cublasGemvTensorStridedBatched<float>, float>>(T13)",2.398,2026-09-11T18:05:34.829018,"32,1,1","32,4,1",159,528,0,528,,,,,,,,,,,,,,,,,,,
badd_f32,1.119,2026-09-11T18:05:34.829031,"1,1,1","1024,1,1",38,0,0,0,,,,,,,,,,,,,,,,,,,
urelu_f32,1.087,2026-09-11T18:05:34.829044,"1,1,1","1024,1,1",24,0,0,0,,,,,,,,,,,,,,,,,,,
im2col1d_f32,2.111,2026-09-11T18:05:34.829058,"1,1,1","1024,1,1",40,0,0,0,,,,,,,,,,,,,,,,,,,
ampere_sgemm_32x32_sliced1x4_tn,2.781,2026-09-11T18:05:34.829071,"1,12,6","128,1,1",86,32768,32768,0,,,,,,,,,,,,,,,,,,,
"void cublasLt::splitKreduce_kernel<(int)32, (int)16, int, float, float, float, float, (bool)0, float, float, float, (bool)1, (bool)0, (bool)0>(cublasLt::cublasSplitKParams<T6>, const T4 *, const T10 *, T9 *, T5 *, const T6 *, const T6 *, const T11 *, const T4 *, T11 *, void *, long, T6 *, int *, T6 *, T6 *, const T6 *, const T6 *, const T6 *, const T6 *, const T6 *)",1.503,2026-09-11T18:05:34.829085,"1,23,1","32,16,1",44,0,0,0,,,,,,,,,,,,,,,,,,,
ucopy_f32,2.046,2026-09-11T18:05:34.829098,"3,1,1","1024,1,1",24,0,0,0,,,,,,,,,,,,,,,,,,,
badd_f32,2.461,2026-09-11T18:05:34.829111,"3,1,1","1024,1,1",38,0,0,0,,,,,,,,,,,,,,,,,,,
urelu_f32,1.151,2026-09-11T18:05:34.829125,"3,1,1","1024,1,1",24,0,0,0,,,,,,,,,,,,,,,,,,,
im2col1d_f32,2.301,2026-09-11T18:05:34.829138,"2,1,1","1024,1,1",40,0,0,0,,,,,,,,,,,,,,,,,,,
ampere_sgemm_32x32_sliced1x4_tn,3.388,2026-09-11T18:05:34.829151,"1,6,24","128,1,1",86,32768,32768,0,,,,,,,,,,,,,,,,,,,
"void cublasLt::splitKreduce_kernel<(int)32, (int)16, int, float, float, float, float, (bool)0, float, float, float, (bool)1, (bool)0, (bool)0>(cublasLt::cublasSplitKParams<T6>, const T4 *, const T10 *, T9 *, T5 *, const T6 *, const T6 *, const T11 *, const T4 *, T11 *, void *, long, T6 *, int *, T6 *, T6 *, const T6 *, const T6 *, const T6 *, const T6 *, const T6 *)",1.662,2026-09-11T18:05:34.829165,"1,12,1","32,16,1",44,0,0,0,,,,,,,,,,,,,,,,,,,
ucopy_f32,2.173,2026-09-11T18:05:34.829195,"3,1,1","1024,1,1",24,0,0,0,,,,,,,,,,,,,,,,,,,
badd_f32,2.494,2026-09-11T18:05:34.829212,"3,1,1","1024,1,1",38,0,0,0,,,,,,,,,,,,,,,,,,,
urelu_f32,1.151,2026-09-11T18:05:34.829226,"3,1,1","1024,1,1",24,0,0,0,,,,,,,,,,,,,,,,,,,
im2col1d_f32,2.302,2026-09-11T18:05:34.829241,"2,1,1","1024,1,1",40,0,0,0,,,,,,,,,,,,,,,,,,,
ampere_sgemm_32x32_sliced1x4_tn,3.389,2026-09-11T18:05:34.829255,"1,3,48","128,1,1",86,32768,32768,0,,,,,,,,,,,,,,,,,,,
"void cublasLt::splitKreduce_kernel<(int)32, (int)16, int, float, float, float, float, (bool)0, float, float, float, (bool)1, (bool)0, (bool)0>(cublasLt::cublasSplitKParams<T6>, const T4 *, const T10 *, T9 *, T5 *, const T6 *, const T6 *, const T11 *, const T4 *, T11 *, void *, long, T6 *, int *, T6 *, T6 *, const T6 *, const T6 *, const T6 *, const T6 *, const T6 *)",2.526,2026-09-11T18:05:34.829269,"1,6,1","32,16,1",44,0,0,0,,,,,,,,,,,,,,,,,,,
ucopy_f32,2.333,2026-09-11T18:05:34.829284,"3,1,1","1024,1,1",24,0,0,0,,,,,,,,,,,,,,,,,,,
badd_f32,2.493,2026-09-11T18:05:34.829297,"3,1,1","1024,1,1",38,0,0,0,,,,,,,,,,,,,,,,,,,
urelu_f32,1.151,2026-09-11T18:05:34.829310,"3,1,1","1024,1,1",24,0,0,0,,,,,,,,,,,,,,,,,,,
"void dot_kernel<float, (int)128, (int)0, cublasDotParams<cublasGemvTensorStridedBatched<const float>, cublasGemvTensorStridedBatched<float>>>(T4)",2.557,2026-09-11T18:05:34.829323,"18,1,96","128,1,1",28,512,512,0,,,,,,,,,,,,,,,,,,,
"void reduce_1Block_kernel<float, (int)128, (int)7, cublasGemvTensorStridedBatched<float>, cublasGemvTensorStridedBatched<const float>, cublasGemvTensorStridedBatched<float>>(const T1 *, T1, T4, int, const T1 *, T1, T5, T6, cublasPointerMode_t, cublasLtEpilogue_t, cublasGemvTensorStridedBatched<const biasType<T6::value_type, T1>::type>)",1.278,2026-09-11T18:05:34.829336,"1,1,96","128,1,1",28,768,768,0,,,,,,,,,,,,,,,,,,,
badd_f32,1.087,2026-09-11T18:05:34.829350,"1,1,1","1024,1,1",38,0,0,0,,,,,,,,,,,,,,,,,,,
urelu_f32,1.087,2026-09-11T18:05:34.829365,"1,1,1","1024,1,1",24,0,0,0,,,,,,,,,,,,,,,,,,,
"std::enable_if<!T7, void>::type internal::gemvx::kernel<int, int, float, float, float, float, (bool)0, (bool)1, (bool)1, (bool)0, (int)6, (bool)0, cublasGemvParamsEx<int, cublasGemvTensorStridedBatched<const float>, cublasGemvTensorStridedBatched<const float>, cublasGemvTensorStridedBatched<float>, float>>(T13)",1.503,2026-09-11T18:05:34.829378,"2,1,1","4,16,1",166,320,0,320,,,,,,,,,,,,,,,,,,,
badd_f32,1.119,2026-09-11T18:05:34.829392,"1,1,1","1024,1,1",38,0,0,0,,,,,,,,,,,,,,,,,,,
urelu_f32,1.087,2026-09-11T18:05:34.829405,"1,1,1","1024,1,1",24,0,0,0,,,,,,,,,,,,,,,,,,,
copy2d_f32,1.087,2026-09-11T18:05:34.829418,"1,1,1","1024,1,1",16,0,0,0,,,,,,,,,,,,,,,,,,,
copy2d_f32,1.054,2026-09-11T18:05:34.829431,"1,1,1","1024,1,1",16,0,0,0,,,,,,,,,,,,,,,,,,,
copy2d_f32,1.055,2026-09-11T18:05:34.829445,"1,1,1","1024,1,1",16,0,0,0,,,,,,,,,,,,,,,,,,,
layernorm_f32,2.621,2026-09-11T18:05:34.829458,"1,1,1","32,1,1",28,256,256,0,,,,,,,,,,,,,,,,,,,
copy2d_f32,1.087,2026-09-11T18:05:34.829470,"1,1,1","1024,1,1",16,0,0,0,,,,,,,,,,,,,,,,,,,
copy2d_f32,1.055,2026-09-11T18:05:34.829484,"1,1,1","1024,1,1",16,0,0,0,,,,,,,,,,,,,,,,,,,
copy2d_f32,1.087,2026-09-11T18:05:34.829497,"1,1,1","1024,1,1",16,0,0,0,,,,,,,,,,,,,,,,,,,
"std::enable_if<!T7, void>::type internal::gemvx::kernel<int, int, float, float, float, float, (bool)0, (bool)1, (bool)1, (bool)0, (int)8, (bool)0, cublasGemvParamsEx<int, cublasGemvTensorStridedBatched<const float>, cublasGemvTensorStridedBatched<const float>, cublasGemvTensorStridedBatched<float>, float>>(T13)",2.045,2026-09-11T18:05:34.829510,"32,1,1","16,16,1",159,1088,0,1088,,,,,,,,,,,,,,,,,,,
badd_f32,1.151,2026-09-11T18:05:34.829525,"1,1,1","1024,1,1",38,0,0,0,,,,,,,,,,,,,,,,,,,
urelu_f32,1.118,2026-09-11T18:05:34.829538,"1,1,1","1024,1,1",24,0,0,0,,,,,,,,,,,,,,,,,,,
"void gemv2T_kernel_val<int, int, float, float, float, float, (int)128, (int)16, (int)2, (int)2, (bool)0, (bool)0, cublasGemvParamsEx<int, cublasGemvTensorStridedBatched<const float>, cublasGemvTensorStridedBatched<const float>, cublasGemvTensorStridedBatched<float>, float>>(T13, T6, T6)",2.525,2026-09-11T18:05:34.829551,"64,1,1","128,1,1",47,1536,1536,0,,,,,,,,,,,,,,,,,,,
badd_f32,1.182,2026-09-11T18:05:34.829565,"1,1,1","1024,1,1",38,0,0,0,,,,,,,,,,,,,,,,,,,
bmaximum_f32,1.981,2026-09-11T18:05:34.829579,"1,1,1","1024,1,1",38,0,0,0,,,,,,,,,,,,,,,,,,,
bminimum_f32,1.982,2026-09-11T18:05:34.829592,"1,1,1","1024,1,1",38,0,0,0,,,,,,,,,,,,,,,,,,,
"std::enable_if<!T7, void>::type internal::gemvx::kernel<int, int, float, float, float, float, (bool)0, (bool)1, (bool)1, (bool)0, (int)8, (bool)0, cublasGemvParamsEx<int, cublasGemvTensorStridedBatched<const float>, cublasGemvTensorStridedBatched<const float>, cublasGemvTensorStridedBatched<float>, float>>(T13)",1.854,2026-09-11T18:05:34.829606,"64,1,1","16,16,1",159,1088,0,1088,,,,,,,,,,,,,,,,,,,
badd_f32,1.215,2026-09-11T18:05:34.829619,"1,1,1","1024,1,1",38,0,0,0,,,,,,,,,,,,,,,,,,,
"std::enable_if<!T7, void>::type internal::gemvx::kernel<int, int, float, float, float, float, (bool)0, (bool)1, (bool)1, (bool)0, (int)8, (bool)0, cublasGemvParamsEx<int, cublasGemvTensorStridedBatched<const float>, cublasGemvTensorStridedBatched<const float>, cublasGemvTensorStridedBatched<float>, float>>(T13)",2.046,2026-09-11T18:05:34.829633,"32,1,1","16,16,1",159,1088,0,1088,,,,,,,,,,,,,,,,,,,
badd_f32,1.151,2026-09-11T18:05:34.829647,"1,1,1","1024,1,1",38,0,0,0,,,,,,,,,,,,,,,,,,,
urelu_f32,1.118,2026-09-11T18:05:34.829660,"1,1,1","1024,1,1",24,0,0,0,,,,,,,,,,,,,,,,,,,
"void gemv2T_kernel_val<int, int, float, float, float, float, (int)128, (int)16, (int)4, (int)4, (bool)0, (bool)0, cublasGemvParamsEx<int, cublasGemvTensorStridedBatched<const float>, cublasGemvTensorStridedBatched<const float>, cublasGemvTensorStridedBatched<float>, float>>(T13, T6, T6)",3.867,2026-09-11T18:05:34.829674,"512,1,1","128,1,1",59,2560,2560,0,,,,,,,,,,,,,,,,,,,
badd_f32,1.214,2026-09-11T18:05:34.829704,"4,1,1","1024,1,1",38,0,0,0,,,,,,,,,,,,,,,,,,,
im2col_f32,2.269,2026-09-11T18:05:34.829722,"7,1,1","1024,1,1",36,0,0,0,,,,,,,,,,,,,,,,,,,
ampere_sgemm_32x32_sliced1x4_tn,3.388,2026-09-11T18:05:34.829736,"1,24,9","128,1,1",86,32768,32768,0,,,,,,,,,,,,,,,,,,,
"void cublasLt::splitKreduce_kernel<(int)32, (int)16, int, float, float, float, float, (bool)0, float, float, float, (bool)1, (bool)0, (bool)0>(cublasLt::cublasSplitKParams<T6>, const T4 *, const T10 *, T9 *, T5 *, const T6 *, const T6 *, const T11 *, const T4 *, T11 *, void *, long, T6 *, int *, T6 *, T6 *, const T6 *, const T6 *, const T6 *, const T6 *, const T6 *)",1.471,2026-09-11T18:05:34.829750,"1,48,1","32,16,1",44,0,0,0,,,,,,,,,,,,,,,,,,,
ucopy_f32,2.365,2026-09-11T18:05:34.829763,"6,1,1","1024,1,1",24,0,0,0,,,,,,,,,,,,,,,,,,,
badd_f32,2.749,2026-09-11T18:05:34.829786,"6,1,1","1024,1,1",38,0,0,0,,,,,,,,,,,,,,,,,,,
urelu_f32,1.215,2026-09-11T18:05:34.829803,"6,1,1","1024,1,1",24,0,0,0,,,,,,,,,,,,,,,,,,,
im2col_f32,2.365,2026-09-11T18:05:34.829816,"14,1,1","1024,1,1",36,0,0,0,,,,,,,,,,,,,,,,,,,
ampere_sgemm_32x32_sliced1x4_tn,3.324,2026-09-11T18:05:34.829829,"1,6,36","128,1,1",86,32768,32768,0,,,,,,,,,,,,,,,,,,,
"void cublasLt::splitKreduce_kernel<(int)32, (int)16, int, float, float, float, float, (bool)0, float, float, float, (bool)1, (bool)0, (bool)0>(cublasLt::cublasSplitKParams<T6>, const T4 *, const T10 *, T9 *, T5 *, const T6 *, const T6 *, const T11 *, const T4 *, T11 *, void *, long, T6 *, int *, T6 *, T6 *, const T6 *, const T6 *, const T6 *, const T6 *, const T6 *)",1.886,2026-09-11T18:05:34.829843,"1,12,1","32,16,1",44,0,0,0,,,,,,,,,,,,,,,,,,,
ucopy_f32,2.334,2026-09-11T18:05:34.829856,"3,1,1","1024,1,1",24,0,0,0,,,,,,,,,,,,,,,,,,,
badd_f32,2.717,2026-09-11T18:05:34.829869,"3,1,1","1024,1,1",38,0,0,0,,,,,,,,,,,,,,,,,,,
urelu_f32,1.119,2026-09-11T18:05:34.829882,"3,1,1","1024,1,1",24,0,0,0,,,,,,,,,,,,,,,,,,,
im2col_f32,2.27,2026-09-11T18:05:34.829895,"7,1,1","1024,1,1",36,0,0,0,,,,,,,,,,,,,,,,,,,
ampere_sgemm_32x32_sliced1x4_tn,3.292,2026-09-11T18:05:34.829912,"1,2,72","128,1,1",86,32768,32768,0,,,,,,,,,,,,,,,,,,,
"void cublasLt::splitKreduce_kernel<(int)32, (int)16, int, float, float, float, float, (bool)0, float, float, float, (bool)1, (bool)0, (bool)0>(cublasLt::cublasSplitKParams<T6>, const T4 *, const T10 *, T9 *, T5 *, const T6 *, const T6 *, const T11 *, const T4 *, T11 *, void *, long, T6 *, int *, T6 *, T6 *, const T6 *, const T6 *, const T6 *, const T6 *, const T6 *)",3.164,2026-09-11T18:05:34.829925,"1,3,1","32,16,1",44,0,0,0,,,,,,,,,,,,,,,,,,,
ucopy_f32,2.493,2026-09-11T18:05:34.829938,"2,1,1","1024,1,1",24,0,0,0,,,,,,,,,,,,,,,,,,,
badd_f32,2.717,2026-09-11T18:05:34.829951,"2,1,1","1024,1,1",38,0,0,0,,,,,,,,,,,,,,,,,,,
urelu_f32,1.215,2026-09-11T18:05:34.829964,"2,1,1","1024,1,1",24,0,0,0,,,,,,,,,,,,,,,,,,,
"std::enable_if<!T7, void>::type internal::gemvx::kernel<int, int, float, float, float, float, (bool)0, (bool)1, (bool)1, (bool)0, (int)7, (bool)0, cublasGemvParamsEx<int, cublasGemvTensorStridedBatched<const float>, cublasGemvTensorStridedBatched<const float>, cublasGemvTensorStridedBatched<float>, float>>(T13)",3.005,2026-09-11T18:05:34.829977,"32,1,1","32,4,1",159,528,0,528,,,,,,,,,,,,,,,,,,,
badd_f32,1.119,2026-09-11T18:05:34.829991,"1,1,1","1024,1,1",38,0,0,0,,,,,,,,,,,,,,,,,,,
urelu_f32,1.087,2026-09-11T18:05:34.830004,"1,1,1","1024,1,1",24,0,0,0,,,,,,,,,,,,,,,,,,,
im2col1d_f32,2.045,2026-09-11T18:05:34.830017,"1,1,1","1024,1,1",40,0,0,0,,,,,,,,,,,,,,,,,,,
ampere_sgemm_32x32_sliced1x4_tn,2.941,2026-09-11T18:05:34.830030,"1,12,6","128,1,1",86,32768,32768,0,,,,,,,,,,,,,,,,,,,
"void cublasLt::splitKreduce_kernel<(int)32, (int)16, int, float, float, float, float, (bool)0, float, float, float, (bool)1, (bool)0, (bool)0>(cublasLt::cublasSplitKParams<T6>, const T4 *, const T10 *, T9 *, T5 *, const T6 *, const T6 *, const T11 *, const T4 *, T11 *, void *, long, T6 *, int *, T6 *, T6 *, const T6 *, const T6 *, const T6 *, const T6 *, const T6 *)",1.598,2026-09-11T18:05:34.830043,"1,23,1","32,16,1",44,0,0,0,,,,,,,,,,,,,,,,,,,
ucopy_f32,2.11,2026-09-11T18:05:34.830056,"3,1,1","1024,1,1",24,0,0,0,,,,,,,,,,,,,,,,,,,
badd_f32,2.461,2026-09-11T18:05:34.830071,"3,1,1","1024,1,1",38,0,0,0,,,,,,,,,,,,,,,,,,,
urelu_f32,1.182,2026-09-11T18:05:34.830084,"3,1,1","1024,1,1",24,0,0,0,,,,,,,,,,,,,,,,,,,
im2col1d_f32,2.237,2026-09-11T18:05:34.830097,"2,1,1","1024,1,1",40,0,0,0,,,,,,,,,,,,,,,,,,,
ampere_sgemm_32x32_sliced1x4_tn,3.389,2026-09-11T18:05:34.830111,"1,6,24","128,1,1",86,32768,32768,0,,,,,,,,,,,,,,,,,,,
"void cublasLt::splitKreduce_kernel<(int)32, (int)16, int, float, float, float, float, (bool)0, float, float, float, (bool)1, (bool)0, (bool)0>(cublasLt::cublasSplitKParams<T6>, const T4 *, const T10 *, T9 *, T5 *, const T6 *, const T6 *, const T11 *, const T4 *, T11 *, void *, long, T6 *, int *, T6 *, T6 *, const T6 *, const T6 *, const T6 *, const T6 *, const T6 *)",1.63,2026-09-11T18:05:34.830124,"1,12,1","32,16,1",44,0,0,0,,,,,,,,,,,,,,,,,,,
ucopy_f32,2.174,2026-09-11T18:05:34.830137,"3,1,1","1024,1,1",24,0,0,0,,,,,,,,,,,,,,,,,,,
badd_f32,2.429,2026-09-11T18:05:34.830150,"3,1,1","1024,1,1",38,0,0,0,,,,,,,,,,,,,,,,,,,
urelu_f32,1.119,2026-09-11T18:05:34.830163,"3,1,1","1024,1,1",24,0,0,0,,,,,,,,,,,,,,,,,,,
im2col1d_f32,2.302,2026-09-11T18:05:34.830177,"2,1,1","1024,1,1",40,0,0,0,,,,,,,,,,,,,,,,,,,
ampere_sgemm_32x32_sliced1x4_tn,3.357,2026-09-11T18:05:34.830191,"1,3,48","128,1,1",86,32768,32768,0,,,,,,,,,,,,,,,,,,,
"void cublasLt::splitKreduce_kernel<(int)32, (int)16, int, float, float, float, float, (bool)0, float, float, float, (bool)1, (bool)0, (bool)0>(cublasLt::cublasSplitKParams<T6>, const T4 *, const T10 *, T9 *, T5 *, const T6 *, const T6 *, const T11 *, const T4 *, T11 *, void *, long, T6 *, int *, T6 *, T6 *, const T6 *, const T6 *, const T6 *, const T6 *, const T6 *)",2.525,2026-09-11T18:05:34.830217,"1,6,1","32,16,1",44,0,0,0,,,,,,,,,,,,,,,,,,,
ucopy_f32,2.334,2026-09-11T18:05:34.830241,"3,1,1","1024,1,1",24,0,0,0,,,,,,,,,,,,,,,,,,,
badd_f32,2.429,2026-09-11T18:05:34.830255,"3,1,1","1024,1,1",38,0,0,0,,,,,,,,,,,,,,,,,,,
urelu_f32,1.151,2026-09-11T18:05:34.830269,"3,1,1","1024,1,1",24,0,0,0,,,,,,,,,,,,,,,,,,,
"void dot_kernel<float, (int)128, (int)0, cublasDotParams<cublasGemvTensorStridedBatched<const float>, cublasGemvTensorStridedBatched<float>>>(T4)",2.717,2026-09-11T18:05:34.830282,"18,1,96","128,1,1",28,512,512,0,,,,,,,,,,,,,,,,,,,
"void reduce_1Block_kernel<float, (int)128, (int)7, cublasGemvTensorStridedBatched<float>, cublasGemvTensorStridedBatched<const float>, cublasGemvTensorStridedBatched<float>>(const T1 *, T1, T4, int, const T1 *, T1, T5, T6, cublasPointerMode_t, cublasLtEpilogue_t, cublasGemvTensorStridedBatched<const biasType<T6::value_type, T1>::type>)",1.31,2026-09-11T18:05:34.830296,"1,1,96","128,1,1",28,768,768,0,,,,,,,,,,,,,,,,,,,
badd_f32,1.087,2026-09-11T18:05:34.830309,"1,1,1","1024,1,1",38,0,0,0,,,,,,,,,,,,,,,,,,,
urelu_f32,1.087,2026-09-11T18:05:34.830322,"1,1,1","1024,1,1",24,0,0,0,,,,,,,,,,,,,,,,,,,
"std::enable_if<!T7, void>::type internal::gemvx::kernel<int, int, float, float, float, float, (bool)0, (bool)1, (bool)1, (bool)0, (int)6, (bool)0, cublasGemvParamsEx<int, cublasGemvTensorStridedBatched<const float>, cublasGemvTensorStridedBatched<const float>, cublasGemvTensorStridedBatched<float>, float>>(T13)",1.63,2026-09-11T18:05:34.830335,"2,1,1","4,16,1",166,320,0,320,,,,,,,,,,,,,,,,,,,
badd_f32,1.087,2026-09-11T18:05:34.830348,"1,1,1","1024,1,1",38,0,0,0,,,,,,,,,,,,,,,,,,,
urelu_f32,1.087,2026-09-11T18:05:34.830361,"1,1,1","1024,1,1",24,0,0,0,,,,,,,,,,,,,,,,,,,
copy2d_f32,1.119,2026-09-11T18:05:34.830374,"1,1,1","1024,1,1",16,0,0,0,,,,,,,,,,,,,,,,,,,
copy2d_f32,1.055,2026-09-11T18:05:34.830387,"1,1,1","1024,1,1",16,0,0,0,,,,,,,,,,,,,,,,,,,
copy2d_f32,1.086,2026-09-11T18:05:34.830400,"1,1,1","1024,1,1",16,0,0,0,,,,,,,,,,,,,,,,,,,
layernorm_f32,2.621,2026-09-11T18:05:34.830422,"1,1,1","32,1,1",28,256,256,0,,,,,,,,,,,,,,,,,,,
copy2d_f32,1.087,2026-09-11T18:05:34.830438,"1,1,1","1024,1,1",16,0,0,0,,,,,,,,,,,,,,,,,,,
copy2d_f32,1.087,2026-09-11T18:05:34.830454,"1,1,1","1024,1,1",16,0,0,0,,,,,,,,,,,,,,,,,,,
copy2d_f32,1.087,2026-09-11T18:05:34.830468,"1,1,1","1024,1,1",16,0,0,0,,,,,,,,,,,,,,,,,,,
"std::enable_if<!T7, void>::type internal::gemvx::kernel<int, int, float, float, float, float, (bool)0, (bool)1, (bool)1, (bool)0, (int)8, (bool)0, cublasGemvParamsEx<int, cublasGemvTensorStridedBatched<const float>, cublasGemvTensorStridedBatched<const float>, cublasGemvTensorStridedBatched<float>, float>>(T13)",2.174,2026-09-11T18:05:34.830481,"32,1,1","16,16,1",159,1088,0,1088,,,,,,,,,,,,,,,,,,,
badd_f32,1.151,2026-09-11T18:05:34.830494,"1,1,1","1024,1,1",38,0,0,0,,,,,,,,,,,,,,,,,,,
urelu_f32,1.119,2026-09-11T18:05:34.830508,"1,1,1","1024,1,1",24,0,0,0,,,,,,,,,,,,,,,,,,,
"void gemv2T_kernel_val<int, int, float, float, float, float, (int)128, (int)16, (int)2, (int)2, (bool)0, (bool)0, cublasGemvParamsEx<int, cublasGemvTensorStridedBatched<const float>, cublasGemvTensorStridedBatched<const float>, cublasGemvTensorStridedBatched<float>, float>>(T13, T6, T6)",2.558,2026-09-11T18:05:34.830528,"64,1,1","128,1,1",47,1536,1536,0,,,,,,,,,,,,,,,,,,,
badd_f32,1.151,2026-09-11T18:05:34.830551,"1,1,1","1024,1,1",38,0,0,0,,,,,,,,,,,,,,,,,,,
bmaximum_f32,2.014,2026-09-11T18:05:34.830567,"1,1,1","1024,1,1",38,0,0,0,,,,,,,,,,,,,,,,,,,
bminimum_f32,1.982,2026-09-11T18:05:34.830580,"1,1,1","1024,1,1",38,0,0,0,,,,,,,,,,,,,,,,,,,
"std::enable_if<!T7, void>::type internal::gemvx::kernel<int, int, float, float, float, float, (bool)0, (bool)1, (bool)1, (bool)0, (int)8, (bool)0, cublasGemvParamsEx<int, cublasGemvTensorStridedBatched<const float>, cublasGemvTensorStridedBatched<const float>, cublasGemvTensorStridedBatched<float>, float>>(T13)",2.877,2026-09-11T18:05:34.830593,"64,1,1","16,16,1",159,1088,0,1088,,,,,,,,,,,,,,,,,,,
badd_f32,1.214,2026-09-11T18:05:34.830607,"1,1,1","1024,1,1",38,0,0,0,,,,,,,,,,,,,,,,,,,
"std::enable_if<!T7, void>::type internal::gemvx::kernel<int, int, float, float, float, float, (bool)0, (bool)1, (bool)1, (bool)0, (int)8, (bool)0, cublasGemvParamsEx<int, cublasGemvTensorStridedBatched<const float>, cublasGemvTensorStridedBatched<const float>, cublasGemvTensorStridedBatched<float>, float>>(T13)",2.301,2026-09-11T18:05:34.830620,"32,1,1","16,16,1",159,1088,0,1088,,,,,,,,,,,,,,,,,,,
badd_f32,1.151,2026-09-11T18:05:34.830633,"1,1,1","1024,1,1",38,0,0,0,,,,,,,,,,,,,,,,,,,
urelu_f32,1.118,2026-09-11T18:05:34.830648,"1,1,1","1024,1,1",24,0,0,0,,,,,,,,,,,,,,,,,,,
"void gemv2T_kernel_val<int, int, float, float, float, float, (int)128, (int)16, (int)4, (int)4, (bool)0, (bool)0, cublasGemvParamsEx<int, cublasGemvTensorStridedBatched<const float>, cublasGemvTensorStridedBatched<const float>, cublasGemvTensorStridedBatched<float>, float>>(T13, T6, T6)",3.868,2026-09-11T18:05:34.830663,"512,1,1","128,1,1",59,2560,2560,0,,,,,,,,,,,,,,,,,,,
badd_f32,1.247,2026-09-11T18:05:34.831008,"4,1,1","1024,1,1",38,0,0,0,,,,,,,,,,,,,,,,,,,
